Issue Date,Applied Date,Permit Type,Property Class,Permit Class,Work Class,Status Current,Total Job Valuation,Housing Units,Number Of Floors,Council District,Original Zip,Latitude,Longitude,Contractor Company Name,Fiscal Year Issued,Calendar Year Issued,Has Valuation
2020-09-30,2020-09-28,Plumbing Permit,Residential,Residential,Irrigation,Final,,,,1,78724.0,30.29312782,-97.63990562,,2020,2020,No
2020-09-30,2020-09-28,Plumbing Permit,Residential,Residential,Irrigation,Final,,,,2,78747.0,30.13586692,-97.76432167,,2020,2020,No
2020-09-30,2020-02-27,Plumbing Permit,Residential,Residential,Irrigation,Final,,,,2,78744.0,30.14848695,-97.7220078,,2020,2020,No
2020-09-30,2020-04-01,Plumbing Permit,Residential,Residential,Irrigation,Final,,,,1,78724.0,30.30709638,-97.62824683,,2020,2020,No
2020-09-29,2020-09-28,Plumbing Permit,Residential,Residential,Irrigation,Final,,,,1,78660.0,30.39348751,-97.61344301,,2020,2020,No
2020-09-29,2020-09-28,Electrical Permit,Commercial,Sign Permit,Wall,Expired,,,,9,78705.0,30.28818522,-97.72513402,,2020,2020,No
2020-09-29,2020-09-28,Plumbing Permit,Residential,Residential,Irrigation,Final,,,,1,78660.0,30.39314564,-97.6131449,,2020,2020,No
2020-09-29,2019-07-01,Plumbing Permit,Residential,Residential,Irrigation,Final,,,,9,78704.0,30.2409857,-97.74244024,,2020,2020,No
2020-09-28,2020-07-29,Mechanical Permit,Residential,R- 101 Single Family Houses,New,Final,,1.0,1.0,1,78653.0,,,Air Temp Solutions,2020,2020,No
2020-09-28,2020-09-15,Plumbing Permit,Residential,Residential,Irrigation,Final,,,,6,78726.0,30.44617152,-97.81634589,,2020,2020,No
2020-09-28,2020-03-04,Plumbing Permit,Residential,Residential,Irrigation,Final,,,,2,78744.0,30.14634006,-97.71923352,,2020,2020,No
2020-09-25,2020-03-11,Plumbing Permit,Residential,Residential,Irrigation,Final,,,,1,78660.0,30.39316874,-97.61384542,,2020,2020,No
2020-09-25,2020-09-24,Plumbing Permit,Residential,Residential,Irrigation,Final,,,,2,78744.0,30.15916371,-97.72497608,,2020,2020,No
2020-09-25,2019-05-10,Plumbing Permit,Residential,Residential,Irrigation,Final,,,,7,78757.0,,,,2020,2020,No
2020-09-25,2020-09-24,Plumbing Permit,Residential,Residential,Irrigation,Final,,,,2,78617.0,,,,2020,2020,No
2020-09-25,2020-08-26,Mechanical Permit,Commercial,Commercial,Change Out,Expired,,,,2,78744.0,,,"Beyer Mechanical & Plumbing, Inc.***Main***",2020,2020,No
2020-09-25,2020-09-23,Plumbing Permit,Residential,Residential,Irrigation,Final,,,,Unknown,78660.0,,,,2020,2020,No
2020-09-25,2020-08-20,Plumbing Permit,Residential,Residential,Irrigation,Final,,,,2,78617.0,30.14811165,-97.5918844,,2020,2020,No
2020-09-25,2020-02-24,Plumbing Permit,Residential,Residential,Irrigation,Final,,,,2,78617.0,30.15550594,-97.63908516,,2020,2020,No
2020-09-25,2020-09-11,Plumbing Permit,Residential,R- 101 Single Family Houses,New,Final,,1.0,1.0,1,78653.0,,,Mustang Plumbing,2020,2020,No
2020-09-24,2019-04-03,Plumbing Permit,Commercial,Commercial,Fireline,Final,,,,5,78704.0,30.2348561,-97.78968835,,2020,2020,No
2020-09-24,2019-09-30,Plumbing Permit,Commercial,Commercial,Fireline,Final,,,,7,78757.0,30.33175709,-97.72314441,"Tri Star Utilities, Inc.",2020,2020,No
2020-09-24,2020-09-23,Electrical Permit,Residential,Residential,Auxiliary Power,Final,,1.0,1.0,Unknown,78660.0,,,"Solstema, Llc",2020,2020,No
2020-09-23,2020-09-18,Plumbing Permit,Residential,Residential,Irrigation,Final,,,,Unknown,78660.0,30.406721,-97.62455015,,2020,2020,No
2020-09-23,2020-09-23,Electrical Permit,Commercial,Sign Permit,Wall,Final,,,,2,78744.0,,,,2020,2020,No
2020-09-23,2020-05-13,Plumbing Permit,Residential,Residential,Irrigation,Final,,,,2,78747.0,,,,2020,2020,No
2020-09-23,2020-09-18,Plumbing Permit,Residential,Residential,Irrigation,Final,,,,Unknown,78660.0,30.40782477,-97.62563292,,2020,2020,No
2020-09-23,2020-09-21,Plumbing Permit,Residential,R- 435 Renovations/Remodel,Repair,Final,,1.0,1.0,3,78702.0,,,Palencia Plumbing Llc,2020,2020,No
2020-09-22,2020-09-16,Plumbing Permit,Residential,Residential,Repair,Expired,,1.0,1.0,Unknown,78729.0,30.45461159,-97.77692204,Liberty Hill Plumbing,2020,2020,No
2020-09-22,2020-09-09,Mechanical Permit,Residential,Residential,Change Out,Expired,,,,4,78758.0,,,Abc Home And Commercial Services,2020,2020,No
2020-09-21,2020-02-11,Plumbing Permit,Residential,Residential,Irrigation,Final,,,,2,78747.0,,,,2020,2020,No
2020-09-21,2020-09-21,Plumbing Permit,Residential,Residential,Repair,Expired,,1.0,0.0,6,78717.0,30.47705492,-97.7898313,,2020,2020,No
2020-09-21,2020-09-21,Plumbing Permit,Residential,Residential,Repair,Final,,1.0,0.0,Unknown,78724.0,30.31792081,-97.61830267,Wallin Services Inc,2020,2020,No
2020-09-20,2020-07-21,Electrical Permit,Residential,R- 329 Res Structures Other Than Bldg,New,Final,,1.0,0.0,9,78704.0,30.25761074,-97.76124078,S&J Carey Electric,2020,2020,No
2020-09-19,2020-09-17,Plumbing Permit,Residential,Residential,Irrigation,Final,,,,2,78747.0,30.1554432,-97.75773755,,2020,2020,No
2020-09-18,2020-09-15,Plumbing Permit,Residential,Residential,Irrigation,Final,,,,2,78744.0,,,,2020,2020,No
2020-09-18,2020-09-17,Electrical Permit,Residential,Residential,New,Final,,1.0,1.0,Unknown,78660.0,,,Med-Tex Electric,2020,2020,No
2020-09-18,2020-01-08,Plumbing Permit,Residential,Residential,Irrigation,Final,,,,2,78744.0,,,,2020,2020,No
2020-09-17,2020-04-20,Plumbing Permit,Residential,Residential,Irrigation,Final,,,,2,78747.0,30.15509059,-97.75770896,,2020,2020,No
2020-09-17,2020-02-21,Plumbing Permit,Residential,Residential,Irrigation,Final,,,,2,78744.0,30.14892409,-97.717825,,2020,2020,No
2020-09-17,2020-02-17,Plumbing Permit,Residential,Residential,Change Out,VOID,,,,Unknown,78725.0,30.23122722,-97.59270197,,2020,2020,No
2020-09-16,2020-09-14,Electrical Permit,Residential,Residential,Repair,Final,,1.0,1.0,2,78744.0,30.15470861,-97.71691207,"In Charge Electrical Services, Llc",2020,2020,No
2020-09-16,2020-09-15,Electrical Permit,Residential,Residential,Repair,Final,,1.0,1.0,Unknown,78724.0,,,"Ies Residential, Inc.",2020,2020,No
2020-09-16,2020-09-15,Electrical Permit,Residential,Residential,Repair,Final,,1.0,1.0,Unknown,78724.0,,,"Ies Residential, Inc.",2020,2020,No
2020-09-16,2019-10-10,Building Permit,Residential,R- 435 Renovations/Remodel,Repair,Expired,15000.0,1.0,1.0,10,78746.0,,,,2020,2020,Yes
2020-09-15,2020-09-14,Plumbing Permit,Residential,Residential,Change Out,Final,,,,8,78749.0,30.20315804,-97.85585407,,2020,2020,No
2020-09-15,2020-09-11,Plumbing Permit,Residential,Residential,Irrigation,Final,,,,Unknown,78660.0,,,,2020,2020,No
2020-09-15,2020-09-08,Driveway / Sidewalks,Residential,Res. Driveway,New,Expired,,,,6,78750.0,30.43936288,-97.80576666,,2020,2020,No
2020-09-15,2020-09-08,Mechanical Permit,Residential,Residential,Change Out,Final,,,,1,78721.0,,,Green Collar Operations Llc.,2020,2020,No
2020-09-14,2020-09-10,Plumbing Permit,Residential,Residential,Repair,Final,,0.0,1.0,5,78704.0,30.25082188,-97.77437215,Service Wizard,2020,2020,No
2020-09-11,2020-09-10,Electrical Permit,Residential,Residential,Repair,Final,,1.0,1.0,Unknown,78660.0,,,Med-Tex Electric,2020,2020,No
2020-09-11,2020-09-10,Plumbing Permit,Residential,Residential,Irrigation,Final,,,,2,78747.0,30.15469552,-97.76103936,,2020,2020,No
2020-09-10,2020-09-09,Plumbing Permit,Residential,Residential,Irrigation,Final,,,,Unknown,78660.0,30.40772223,-97.62455375,,2020,2020,No
2020-09-10,2020-03-11,Plumbing Permit,Residential,Residential,Irrigation,Final,,,,2,78744.0,30.202849,-97.69392787,,2020,2020,No
2020-09-10,2020-05-07,Plumbing Permit,Residential,Residential,Irrigation,Final,,,,1,78653.0,,,,2020,2020,No
2020-09-10,2020-09-09,Plumbing Permit,Residential,Residential,Repair,Expired,,1.0,0.0,7,78731.0,,,,2020,2020,No
2020-09-08,2020-09-08,Plumbing Permit,Residential,Residential,Irrigation,Final,,,,5,78704.0,30.25147387,-97.79026433,,2020,2020,No
2020-09-07,2019-06-03,Electrical Permit,Residential,R- 102 Secondary Apartment,New,Final,,1.0,2.0,3,78702.0,30.26171625,-97.70603748,Aei Electric Llc,2020,2020,No
2020-09-04,2019-11-06,Plumbing Permit,Residential,Residential,Irrigation,Final,,,,5,78748.0,30.1640238,-97.81899692,,2020,2020,No
2020-09-04,2020-09-03,Plumbing Permit,Residential,Residential,Irrigation,Final,,,,1,78724.0,30.30675675,-97.62675066,,2020,2020,No
2020-09-04,2020-02-13,Plumbing Permit,Residential,Residential,Irrigation,Final,,,,2,78747.0,,,,2020,2020,No
2020-09-03,2020-09-01,Plumbing Permit,Residential,Residential,Irrigation,Final,,,,1,78653.0,,,,2020,2020,No
2020-09-02,2020-08-31,Electrical Permit,Commercial,Sign Permit,Wall,Final,,,,7,78660.0,,,,2020,2020,No
2020-09-02,2020-09-01,Plumbing Permit,Residential,Residential,Irrigation,Final,,,,2,78747.0,,,,2020,2020,No
2020-09-02,2020-09-01,Plumbing Permit,Residential,Residential,Irrigation,Final,,,,2,78744.0,,,,2020,2020,No
2020-09-01,2020-02-12,Plumbing Permit,Residential,Residential,Irrigation,Final,,,,1,78724.0,30.30621894,-97.62668016,,2020,2020,No
2020-09-01,2020-08-31,Plumbing Permit,Residential,Residential,Irrigation,Final,,,,1,78653.0,,,,2020,2020,No
2020-09-01,2020-07-08,Mechanical Permit,Commercial,C-1000 Commercial Remodel,Remodel,Final,,0.0,3.0,6,78717.0,,,D3 Mechanical Llc,2020,2020,No
2020-09-01,2020-08-24,Electrical Permit,Residential,Residential,Upgrade,Final,,1.0,1.0,Unknown,78729.0,30.45670384,-97.77937137,Pauls Electric Co Inc,2020,2020,No
2020-09-01,2020-08-31,Mechanical Permit,Residential,Residential,Change Out,Expired,,,,8,78749.0,30.22192991,-97.86019266,,2020,2020,No
2020-09-01,2020-05-19,Mechanical Permit,Residential,R- 101 Single Family Houses,New,Final,,1.0,2.0,2,78744.0,30.1472925,-97.71954321,,2020,2020,No
2020-09-01,2019-07-15,Mechanical Permit,Residential,R- 103 Two Family Bldgs,New,Final,,2.0,2.0,7,78757.0,30.33612403,-97.7229787,,2020,2020,No
2020-08-31,2020-08-26,Plumbing Permit,Residential,Residential,Repair,Final,,1.0,0.0,1,78721.0,,,,2020,2020,No
2020-08-31,2020-02-26,Electrical Permit,Commercial,C- 329 Com Structures Other Than Bldg,New,Final,,1.0,1.0,1,78724.0,,,"Msf Electric, Inc.",2020,2020,No
2020-08-31,2020-07-23,Electrical Permit,Residential,R- 101 Single Family Houses,New,Final,,1.0,2.0,2,78744.0,,,"Ies Residential, Inc.",2020,2020,No
2020-08-31,2020-08-31,Electrical Permit,Commercial,Commercial,Repair,Final,,1.0,1.0,9,78723.0,30.29864999,-97.70331415,Ari-Tex Electric Inc.,2020,2020,No
2020-08-30,2020-08-28,Plumbing Permit,Residential,Residential,Irrigation,Final,,,,Unknown,78725.0,30.21635866,-97.63154169,,2020,2020,No
2020-08-28,2020-08-25,Plumbing Permit,Residential,Residential,Irrigation,Final,,,,Unknown,78739.0,30.16895839,-97.86866359,,2020,2020,No
2020-08-28,2020-08-27,Electrical Permit,Residential,Residential,Repair,Final,,1.0,1.0,5,78748.0,30.13103054,-97.81097684,"In Charge Electrical Services, Llc",2020,2020,No
2020-08-28,2020-08-27,Plumbing Permit,Residential,Residential,Irrigation,Final,,,,Unknown,78728.0,30.46356801,-97.68085775,,2020,2020,No
2020-08-28,2020-03-11,Plumbing Permit,Residential,Residential,Irrigation,Final,,,,1,78660.0,30.39180632,-97.61341112,,2020,2020,No
2020-08-27,2020-08-26,Plumbing Permit,Residential,Residential,Irrigation,Final,,,,1,78754.0,30.35374903,-97.60837613,,2020,2020,No
2020-08-26,2020-01-29,Plumbing Permit,Residential,Residential,Irrigation,Final,,,,2,78744.0,30.15936131,-97.72536003,,2020,2020,No
2020-08-26,2020-06-06,Plumbing Permit,Residential,Residential,Irrigation,Final,,,,2,78744.0,,,,2020,2020,No
2020-08-26,2020-08-26,Electrical Permit,Commercial,Sign Permit,Wall,Expired,,,,2,78719.0,,,,2020,2020,No
2020-08-26,2020-08-25,Plumbing Permit,Residential,Residential,Irrigation,Final,,,,2,78744.0,30.15956941,-97.72585449,,2020,2020,No
2020-08-26,2020-08-26,Electrical Permit,Commercial,Sign Permit,Wall,Expired,,,,2,78719.0,,,,2020,2020,No
2020-08-25,2020-08-21,Plumbing Permit,Residential,Residential,Irrigation,Final,,,,9,78705.0,30.28818522,-97.72513402,,2020,2020,No
2020-08-24,2020-08-21,Plumbing Permit,Residential,Residential,Irrigation,Final,,,,2,78744.0,30.14680092,-97.71702169,,2020,2020,No
2020-08-24,2020-08-21,Plumbing Permit,Residential,Residential,Irrigation,Final,,,,2,78744.0,30.1467882,-97.7184176,,2020,2020,No
2020-08-24,2019-09-12,Driveway / Sidewalks,Residential,Res. Driveway,New,Final,,,,7,78757.0,30.33323342,-97.73272429,,2020,2020,No
2020-08-24,2020-08-24,Mechanical Permit,Residential,Residential,Change Out,Expired,,,,8,78749.0,30.19926528,-97.85920874,Christianson Plumbing & Air Co,2020,2020,No
2020-08-24,2020-08-20,Electrical Permit,Residential,Residential,Auxiliary Power,Final,,1.0,1.0,2,78744.0,30.15938661,-97.73146774,,2020,2020,No
2020-08-24,2020-03-20,Plumbing Permit,Residential,Residential,Irrigation,Final,,,,2,78744.0,,,,2020,2020,No
2020-08-24,2020-08-20,Mechanical Permit,Residential,Residential,Change Out,Final,,,,4,78723.0,30.30853212,-97.69568753,,2020,2020,No
2020-08-21,2020-08-20,Plumbing Permit,Residential,Residential,Irrigation,Final,,,,Unknown,78729.0,30.44975103,-97.75680098,,2020,2020,No
2020-08-21,2020-04-10,Plumbing Permit,Residential,R- 101 Single Family Houses,New,Final,,1.0,2.0,7,78758.0,30.39475764,-97.69762133,,2020,2020,No
2020-08-21,2020-08-19,Mechanical Permit,Residential,Residential,Change Out,Final,,,,3,78741.0,,,,2020,2020,No
2020-08-21,2020-08-19,Plumbing Permit,Residential,Residential,Irrigation,Final,,,,8,78739.0,30.18424268,-97.89039238,,2020,2020,No
2020-08-20,2020-08-19,Electrical Permit,Residential,Residential,Repair,Final,,1.0,1.0,10,78732.0,,,"In Charge Electrical Services, Llc",2020,2020,No
2020-08-20,2020-08-18,Plumbing Permit,Residential,Residential,Irrigation,Final,,,,10,78726.0,30.40977914,-97.84425174,,2020,2020,No
2020-08-20,2020-08-20,Electrical Permit,Residential,Residential,New,Final,,1.0,1.0,Unknown,78738.0,,,"In Charge Electrical Services, Llc",2020,2020,No
2020-08-20,2020-08-10,Electrical Permit,Residential,Residential,Repair,Final,,1.0,1.0,2,78617.0,,,Allen Bebee Electric,2020,2020,No
2020-08-20,2020-01-06,Plumbing Permit,Residential,Residential,Irrigation,Final,,,,10,78726.0,30.40967411,-97.84323271,,2020,2020,No
2020-08-20,2020-06-23,Electrical Permit,Commercial,Sign Permit,Wall,Final,,,,1,78724.0,,,,2020,2020,No
2020-08-19,2020-08-17,Electrical Permit,Residential,Residential,Repair,Final,,1.0,1.0,1,78653.0,,,Bolder Electric Solutions,2020,2020,No
2020-08-19,2020-08-18,Plumbing Permit,Residential,Residential,Irrigation,Final,,,,2,78617.0,,,,2020,2020,No
2020-08-19,2020-08-19,Electrical Permit,Residential,Residential,Repair,Final,,1.0,1.0,Unknown,78660.0,,,Allen Bebee Electric,2020,2020,No
2020-08-18,2020-08-14,Plumbing Permit,Residential,Residential,Irrigation,Final,,,,6,78729.0,30.43670016,-97.76721164,,2020,2020,No
2020-08-18,2020-05-22,Plumbing Permit,Residential,R- 102 Secondary Apartment,New,Final,,1.0,2.0,3,78702.0,30.25431245,-97.72935014,,2020,2020,No
2020-08-17,2020-04-29,Plumbing Permit,Residential,Residential,Repair,Final,,1.0,1.0,4,78752.0,30.33130679,-97.69589877,Hm Plumbing Llc,2020,2020,No
2020-08-17,2020-08-17,Electrical Permit,Residential,Residential,New,Final,,1.0,1.0,Unknown,78724.0,,,"Ies Residential, Inc.",2020,2020,No
2020-08-14,2020-06-12,Electrical Permit,Commercial,Commercial,Upgrade,Final,,1.0,1.0,Unknown,78746.0,,,Solomon Electrical Contracting Llc,2020,2020,No
2020-08-14,2020-08-12,Plumbing Permit,Residential,Residential,New,Final,,1.0,1.0,Unknown,78617.0,30.16437019,-97.63359331,Victory Plumbing Company,2020,2020,No
2020-08-14,2020-08-10,Mechanical Permit,Residential,Residential,Repair,Final,,0.0,0.0,2,78617.0,,,"Air Pro, Inc.",2020,2020,No
2020-08-14,2020-08-13,Plumbing Permit,Residential,Residential,New,Final,,1.0,1.0,Unknown,78748.0,30.14482354,-97.83398626,Victory Plumbing Company,2020,2020,No
2020-08-14,2020-03-06,Plumbing Permit,Residential,Residential,Irrigation,Final,,,,1,78653.0,30.29594663,-97.55396419,,2020,2020,No
2020-08-13,2020-08-12,Plumbing Permit,Residential,Residential,Irrigation,Expired,,,,3,78741.0,30.22093002,-97.72846077,,2020,2020,No
2020-08-13,2020-08-12,Plumbing Permit,Residential,Residential,Repair,Final,,1.0,0.0,9,78751.0,30.31138009,-97.71736201,Mustang Plumbing,2020,2020,No
2020-08-13,2019-11-20,Driveway / Sidewalks,Residential,Res. Driveway & Sidewalk,New,Final,,,,2,78747.0,,,"Milestone Community Builders, Llc(Main)",2020,2020,No
2020-08-13,2020-05-21,Plumbing Permit,Commercial,C-1000 Commercial Remodel,Remodel,Final,,1.0,1.0,7,78757.0,,,J & D Vision Plumbing,2020,2020,No
2020-08-13,2020-05-06,Plumbing Permit,Residential,Residential,Irrigation,Final,,,,2,78744.0,,,,2020,2020,No
2020-08-12,2020-08-12,Plumbing Permit,Residential,Residential,New,Final,,1.0,1.0,Unknown,78748.0,30.14479869,-97.83581277,Victory Plumbing Company,2020,2020,No
2020-08-12,2020-03-16,Plumbing Permit,Residential,Residential,Irrigation,Final,,,,2,78744.0,30.15097809,-97.71955115,,2020,2020,No
2020-08-12,2020-08-11,Electrical Permit,Commercial,Sign Permit,Wall,Final,,,,9,78751.0,30.30046387,-97.71965158,,2020,2020,No
2020-08-11,2020-05-13,Electrical Permit,Commercial,Sign Permit,Wall,Final,,,,2,78744.0,,,,2020,2020,No
2020-08-11,2020-08-10,Plumbing Permit,Residential,Residential,Irrigation,Final,,,,Unknown,78728.0,30.46603403,-97.68733685,,2020,2020,No
2020-08-11,2020-07-17,Mechanical Permit,Commercial,C-1000 Commercial Remodel,Remodel,Final,,1.0,1.0,3,78704.0,,,,2020,2020,No
2020-08-11,2020-08-10,Electrical Permit,Commercial,Commercial,Repair,Final,,1.0,1.0,9,78704.0,30.25882839,-97.74645081,Future Telecom Llc,2020,2020,No
2020-08-10,2020-04-27,Electrical Permit,Commercial,Sign Permit,Wall,Expired,,,,10,78759.0,30.38985503,-97.74783067,,2020,2020,No
2020-08-10,2020-07-21,Mechanical Permit,Residential,Residential,Change Out,Expired,,,,10,78750.0,30.39265203,-97.80537632,Quality Living Services,2020,2020,No
2020-08-10,2020-08-06,Plumbing Permit,Commercial,Commercial,Irrigation,Expired,,,,3,78745.0,30.21656061,-97.76746727,,2020,2020,No
2020-08-10,2020-08-10,Electrical Permit,Commercial,Sign Permit,Wall,Final,,,,9,78703.0,30.2694848,-97.75444472,,2020,2020,No
2020-08-10,2019-12-18,Plumbing Permit,Residential,R- 329 Res Structures Other Than Bldg,New,Final,,1.0,0.0,7,78756.0,30.31777251,-97.74625909,Lantz'S Lakeside Plumbing,2020,2020,No
2020-08-07,2020-08-04,Mechanical Permit,Residential,Residential,Change Out,Expired,,,,9,78751.0,30.30899723,-97.72513893,,2020,2020,No
2020-08-07,2020-08-06,Electrical Permit,Residential,Residential,Auxiliary Power,Final,,1.0,1.0,Unknown,78660.0,30.40686776,-97.62472689,"Solstema, Llc",2020,2020,No
2020-08-07,2020-08-07,Mechanical Permit,Residential,Residential,Change Out,Expired,,,,10,78759.0,30.41641334,-97.76156359,Hays Mechanical,2020,2020,No
2020-08-06,2020-08-05,Mechanical Permit,Residential,Residential,Change Out,Expired,,,,1,78723.0,30.29554313,-97.6867972,Bonet Contracting,2020,2020,No
2020-08-06,2020-08-06,Electrical Permit,Commercial,Sign Permit,Wall,Expired,,,,2,78744.0,30.20654298,-97.71134419,,2020,2020,No
2020-08-06,2020-08-05,Plumbing Permit,Residential,Residential,Irrigation,Final,,,,2,78744.0,30.20260987,-97.69366842,,2020,2020,No
2020-08-05,2020-08-04,Plumbing Permit,Residential,Residential,Change Out,Expired,,,,3,78704.0,30.22867203,-97.76508682,,2020,2020,No
2020-08-05,2020-02-20,Plumbing Permit,Residential,Residential,Irrigation,Final,,,,1,78724.0,30.30667785,-97.62666095,,2020,2020,No
2020-08-04,2020-08-03,Plumbing Permit,Commercial,Commercial,Change Out,Final,,,,9,78705.0,30.2880687,-97.7491152,Roto- Rooter Service Co,2020,2020,No
2020-08-04,2020-07-30,Electrical Permit,Residential,Residential,New,Final,,1.0,1.0,Unknown,78660.0,30.40665309,-97.62446003,,2020,2020,No
2020-08-04,2020-07-19,Mechanical Permit,Commercial,Commercial,Change Out,Final,,,,3,78741.0,,,Reyes Ac & Heating,2020,2020,No
2020-08-04,2020-04-03,Plumbing Permit,Residential,Residential,Irrigation,Final,,,,2,78747.0,,,,2020,2020,No
2020-08-04,2020-08-04,Plumbing Permit,Residential,Residential,New,Final,,1.0,1.0,Unknown,78660.0,,,Victory Plumbing Company,2020,2020,No
2020-08-04,2020-08-04,Electrical Permit,Residential,Residential,Repair,Final,,1.0,1.0,Unknown,78660.0,,,Allen Bebee Electric,2020,2020,No
2020-08-04,2020-08-04,Electrical Permit,Commercial,Sign Permit,Wall,Expired,,,,7,78759.0,30.39041731,-97.74393558,,2020,2020,No
2020-08-04,2020-08-03,Plumbing Permit,Residential,Residential,Irrigation,Final,,,,Unknown,78617.0,30.1627082,-97.63420947,,2020,2020,No
2020-08-04,2020-01-28,Plumbing Permit,Residential,Residential,Irrigation,Final,,,,2,78744.0,30.14584305,-97.72210137,,2020,2020,No
2020-08-04,2020-07-16,Electrical Permit,Residential,Residential,Repair,Final,,1.0,1.0,10,78732.0,,,"In Charge Electrical Services, Llc",2020,2020,No
2020-08-03,2020-07-30,Plumbing Permit,Residential,Residential,Irrigation,Final,,,,5,78745.0,30.19408386,-97.8160364,,2020,2020,No
2020-08-03,2020-07-23,Electrical Permit,Residential,Residential,Auxiliary Power,Final,,1.0,1.0,1,78724.0,30.3030981,-97.62398782,,2020,2020,No
2020-08-03,2020-08-03,Plumbing Permit,Residential,Residential,New,Final,,1.0,1.0,Unknown,78744.0,30.16824238,-97.69757934,Victory Plumbing Company,2020,2020,No
2020-08-03,2020-04-08,Plumbing Permit,Residential,Residential,Irrigation,Final,,,,1,78653.0,,,,2020,2020,No
2020-07-31,2019-04-26,Plumbing Permit,Residential,Residential,Irrigation,Final,,,,7,78757.0,30.34978974,-97.72780651,,2020,2020,No
2020-07-31,2020-07-31,Electrical Permit,Residential,Residential,New,Final,,1.0,1.0,Unknown,78738.0,30.31068271,-97.94188346,Allison Electric,2020,2020,No
2020-07-30,2020-07-09,Electrical Permit,Residential,Residential,Auxiliary Power,Final,,1.0,1.0,Unknown,78660.0,,,"Solstema, Llc",2020,2020,No
2020-07-30,2020-07-15,Plumbing Permit,Commercial,Commercial,Fireline,Expired,,,,3,78741.0,,,,2020,2020,No
2020-07-29,2020-07-22,Mechanical Permit,Residential,Residential,Change Out,Final,,,,2,78745.0,30.19931172,-97.78832866,,2020,2020,No
2020-07-29,2020-06-24,Plumbing Permit,Commercial,Commercial,Irrigation,Expired,,,,3,78741.0,30.24324028,-97.72154885,,2020,2020,No
2020-07-29,2020-02-21,Mechanical Permit,Residential,R- 102 Secondary Apartment,New,Final,,1.0,2.0,4,78751.0,,,,2020,2020,No
2020-07-29,2020-07-28,Plumbing Permit,Residential,Residential,Irrigation,Final,,,,1,78724.0,30.29122699,-97.64172399,,2020,2020,No
2020-07-29,2020-07-07,Electrical Permit,Commercial,Sign Permit,Wall,Final,,,,4,78753.0,,,,2020,2020,No
2020-07-28,2020-04-30,Building Permit,Commercial,C- 105 Five or More Family Bldgs,New,Final,1933064.0,24.0,3.0,5,78747.0,,,"Skybeck Construction, Llc",2020,2020,Yes
2020-07-28,2020-07-27,Plumbing Permit,Residential,Residential,Cut Over/Tank Abandonment,Final,,,,7,78753.0,,,"Repa Plumbing & A/C, Inc.",2020,2020,No
2020-07-27,2020-04-30,Building Permit,Commercial,C- 105 Five or More Family Bldgs,New,Final,2211804.0,24.0,3.0,5,78747.0,,,"Skybeck Construction, Llc",2020,2020,Yes
2020-07-27,2020-07-23,Plumbing Permit,Residential,Residential,Repair,Final,,1.0,0.0,7,78757.0,30.35309685,-97.73939716,Demoss Plumbing Inc,2020,2020,No
2020-07-27,2020-06-17,Plumbing Permit,Commercial,C-1000 Commercial Remodel,Remodel,Final,,1.0,1.0,3,78702.0,30.26019592,-97.72396698,,2020,2020,No
2020-07-27,2019-11-20,Plumbing Permit,Residential,Residential,Irrigation,Final,,,,2,78744.0,,,,2020,2020,No
2020-07-27,2020-03-10,Mechanical Permit,Commercial,C- 105 Five or More Family Bldgs,New,Final,,5.0,3.0,10,78731.0,30.31508745,-97.75250002,Woods Comfort Systems,2020,2020,No
2020-07-27,2020-07-23,Electrical Permit,Residential,Residential,Repair,Final,,1.0,1.0,1,78653.0,,,Four 8 Electric,2020,2020,No
2020-07-24,2020-07-21,Mechanical Permit,Residential,Residential,Change Out,Final,,,,5,78704.0,,,,2020,2020,No
2020-07-23,2020-07-23,Electrical Permit,Residential,Residential,New,Final,,1.0,1.0,Unknown,78660.0,30.4077278,-97.62442666,,2020,2020,No
2020-07-23,2019-11-04,Plumbing Permit,Residential,Residential,Irrigation,Final,,,,5,78745.0,30.22437382,-97.78190107,,2020,2020,No
2020-07-23,2020-07-23,Plumbing Permit,Residential,Residential,Irrigation,Final,,,,Unknown,78728.0,30.46338888,-97.68084046,,2020,2020,No
2020-07-22,2020-01-21,Plumbing Permit,Residential,Residential,Irrigation,Final,,,,2,78744.0,30.14842174,-97.71693035,,2020,2020,No
2020-07-22,2020-07-22,Electrical Permit,Commercial,Sign Permit,Wall,Final,,,,3,78702.0,30.26385185,-97.73252422,,2020,2020,No
2020-07-21,2020-07-21,Electrical Permit,Commercial,Sign Permit,Wall,Final,,,,3,78702.0,,,,2020,2020,No
2020-07-21,2020-07-21,Electrical Permit,Commercial,Sign Permit,Freestanding,Expired,,,,3,78741.0,,,,2020,2020,No
2020-07-21,2020-07-17,Plumbing Permit,Residential,Residential,Irrigation,Final,,,,8,78749.0,30.20924976,-97.87568805,,2020,2020,No
2020-07-21,2020-07-15,Plumbing Permit,Residential,Residential,Irrigation,Final,,,,Unknown,78748.0,30.16729702,-97.85114575,,2020,2020,No
2020-07-20,2020-07-20,Plumbing Permit,Residential,Residential,Irrigation,Final,,,,4,78757.0,30.35654187,-97.72010146,,2020,2020,No
2020-07-20,2020-07-14,Plumbing Permit,Residential,Residential,Repair,Final,,1.0,2.0,10,78756.0,30.31272612,-97.74532927,,2020,2020,No
2020-07-20,2020-07-16,Plumbing Permit,Residential,Residential,Change Out,Final,,,,5,78745.0,30.21929577,-97.7965269,,2020,2020,No
2020-07-20,2020-07-20,Electrical Permit,Residential,Residential,New,Final,,1.0,1.0,Unknown,78660.0,,,Med-Tex Electric,2020,2020,No
2020-07-20,2020-06-18,Plumbing Permit,Residential,R- 101 Single Family Houses,New,Final,,1.0,2.0,2,78747.0,,,Victory Plumbing Company,2020,2020,No
2020-07-20,2019-03-11,Driveway / Sidewalks,Residential,Res. Driveway,New,Final,,,,4,78752.0,30.33293773,-97.69897413,Aguirre Remodels,2020,2020,No
2020-07-20,2020-07-17,Electrical Permit,Commercial,Commercial,Repair,Expired,,1.0,1.0,9,78723.0,30.30635266,-97.70916489,Dalworth Lighting & Electrical Services,2020,2020,No
2020-07-17,2020-07-15,Electrical Permit,Residential,Residential,New,Final,,1.0,1.0,Unknown,78660.0,30.40711299,-97.62500876,,2020,2020,No
2020-07-17,2020-07-16,Electrical Permit,Residential,Residential,Repair,Final,,1.0,1.0,Unknown,78660.0,,,Easton Electric Llc,2020,2020,No
2020-07-17,2020-07-16,Plumbing Permit,Residential,Residential,Irrigation,Final,,,,10,78759.0,30.38104201,-97.76174244,,2020,2020,No
2020-07-16,2020-07-14,Mechanical Permit,Residential,Residential,Change Out,Final,,,,10,78750.0,30.37921066,-97.78948733,American Residential Services (Ars),2020,2020,No
2020-07-16,2020-07-15,Plumbing Permit,Residential,Residential,Change Out,Final,,,,2,78744.0,30.17697599,-97.76228544,,2020,2020,No
2020-07-16,2020-07-14,Electrical Permit,Residential,Residential,Repair,Final,,1.0,1.0,Unknown,78738.0,,,"In Charge Electrical Services, Llc",2020,2020,No
2020-07-16,2020-02-11,Plumbing Permit,Residential,Residential,Irrigation,Final,,,,2,78747.0,,,,2020,2020,No
2020-07-16,2020-05-11,Plumbing Permit,Residential,Residential,Repair,Final,,1.0,1.0,3,78702.0,30.25431245,-97.72935014,,2020,2020,No
2020-07-15,2020-07-14,Plumbing Permit,Residential,Residential,New,Final,,1.0,1.0,Unknown,78652.0,30.12209482,-97.82075481,Christianson Plumbing,2020,2020,No
2020-07-15,2020-07-13,Mechanical Permit,Residential,Residential,Change Out,Final,,,,5,78704.0,30.23562712,-97.78586079,The Coolest Llc,2020,2020,No
2020-07-15,2020-06-24,Plumbing Permit,Commercial,Commercial,Irrigation,Expired,,,,9,78705.0,30.28567397,-97.7431612,,2020,2020,No
2020-07-15,2020-07-14,Mechanical Permit,Residential,Residential,Repair,Expired,,1.0,1.0,2,78748.0,30.17766083,-97.78899068,Jf Mechanical Services,2020,2020,No
2020-07-15,2020-07-10,Plumbing Permit,Residential,Residential,Change Out,Expired,,,,7,78759.0,30.41770139,-97.71158874,,2020,2020,No
2020-07-15,2020-07-14,Plumbing Permit,Residential,Residential,Irrigation,Final,,,,5,78704.0,30.24778273,-97.78057295,,2020,2020,No
2020-07-15,2020-07-15,Plumbing Permit,Residential,Residential,Change Out,Expired,,,,1,78752.0,,,,2020,2020,No
2020-07-15,2020-07-10,Mechanical Permit,Residential,Residential,Change Out,Expired,,,,9,78722.0,30.29794573,-97.71015099,,2020,2020,No
2020-07-15,2020-07-14,Electrical Permit,Residential,Residential,Repair,Final,,1.0,1.0,10,78759.0,30.42648361,-97.76190108,M.R. Electrical,2020,2020,No
2020-07-15,2020-07-15,Electrical Permit,Commercial,Sign Permit,Freestanding,Final,,,,6,78729.0,30.44031327,-97.75276499,,2020,2020,No
2020-07-15,2020-07-15,Plumbing Permit,Residential,Residential,Irrigation,Final,,,,2,78747.0,30.15610197,-97.75835612,,2020,2020,No
2020-07-14,2020-04-29,Electrical Permit,Residential,R- 101 Single Family Houses,New,Final,,1.0,1.0,2,78744.0,,,"In Charge Electrical Services, Llc",2020,2020,No
2020-07-14,2019-11-13,Plumbing Permit,Residential,Residential,Irrigation,Final,,,,2,78747.0,30.15559126,-97.75908182,,2020,2020,No
2020-07-14,2020-07-09,Electrical Permit,Residential,Residential,Repair,Final,,1.0,1.0,7,78753.0,30.4068421,-97.64508658,"In Charge Electrical Services, Llc",2020,2020,No
2020-07-14,2019-05-01,Plumbing Permit,Residential,Residential,Irrigation,Final,,,,10,78703.0,30.301966,-97.75703165,,2020,2020,No
2020-07-13,2020-07-13,Plumbing Permit,Residential,Residential,Irrigation,Final,,,,1,78660.0,30.39130654,-97.61396775,,2020,2020,No
2020-07-13,2019-12-17,Plumbing Permit,Residential,Residential,Irrigation,Final,,,,1,78660.0,30.39130468,-97.6156969,,2020,2020,No
2020-07-13,2020-01-29,Plumbing Permit,Residential,Residential,Irrigation,Final,,,,1,78660.0,30.39054896,-97.61430003,,2020,2020,No
2020-07-10,2020-07-09,Electrical Permit,Commercial,Commercial,New,Final,,1.0,1.0,Unknown,78754.0,,,Bj Electric Company,2020,2020,No
2020-07-10,2020-07-06,Mechanical Permit,Residential,Residential,Change Out,Expired,,,,9,78751.0,,,,2020,2020,No
2020-07-10,2020-07-09,Plumbing Permit,Residential,Residential,Repair,Final,,1.0,0.0,8,78739.0,30.17476091,-97.91274213,,2020,2020,No
2020-07-10,2020-07-09,Plumbing Permit,Residential,Residential,Irrigation,Final,,,,2,78747.0,,,,2020,2020,No
2020-07-10,2020-02-28,Plumbing Permit,Residential,Residential,Irrigation,Final,,,,7,78753.0,30.40752695,-97.64508653,,2020,2020,No
2020-07-09,2020-07-09,Plumbing Permit,Residential,Residential,New,Final,,0.0,0.0,Unknown,78725.0,30.21781401,-97.63260308,,2020,2020,No
2020-07-09,2020-02-04,Plumbing Permit,Residential,Residential,Irrigation,Final,,,,1,78660.0,30.39182581,-97.61433065,,2020,2020,No
2020-07-09,2019-05-01,Plumbing Permit,Residential,R- 329 Res Structures Other Than Bldg,New,Final,,1.0,1.0,10,78703.0,30.301966,-97.75703165,,2020,2020,No
2020-07-09,2020-07-09,Plumbing Permit,Residential,Residential,Irrigation,Final,,,,5,78704.0,30.25471062,-97.77243478,,2020,2020,No
2020-07-08,2019-07-26,Plumbing Permit,Residential,Residential,Irrigation,Final,,,,5,78748.0,30.12788264,-97.80796785,,2020,2020,No
2020-07-08,2020-06-23,Electrical Permit,Commercial,Commercial,Repair,Final,,1.0,1.0,1,78723.0,30.29281572,-97.66931997,"Cag Electric, Llc",2020,2020,No
2020-07-08,2020-03-25,Electrical Permit,Residential,R- 101 Single Family Houses,New,Final,,1.0,2.0,7,78758.0,30.39582405,-97.69771909,,2020,2020,No
2020-07-08,2019-10-02,Plumbing Permit,Residential,Residential,Irrigation,Final,,,,2,78744.0,30.16025857,-97.72647206,,2020,2020,No
2020-07-08,2020-07-08,Electrical Permit,Commercial,Sign Permit,Wall,Final,,,,6,78726.0,,,,2020,2020,No
2020-07-08,2020-03-18,Mechanical Permit,Residential,R- 101 Single Family Houses,New,Final,,1.0,2.0,2,78747.0,,,,2020,2020,No
2020-07-08,2020-07-08,Electrical Permit,Commercial,Sign Permit,Wall,Final,,,,3,78745.0,,,,2020,2020,No
2020-07-07,2018-11-19,Mechanical Permit,Commercial,Commercial,Repair,Final,,2.0,0.0,3,78741.0,,,Air Heating & Cooling,2020,2020,No
2020-07-07,2020-02-04,Mechanical Permit,Commercial,C-1000 Commercial Remodel,Remodel,Final,,1.0,1.0,9,78701.0,,,D3 Mechanical Llc,2020,2020,No
2020-07-07,2020-07-06,Electrical Permit,Commercial,Commercial,Repair,Expired,,1.0,1.0,3,78702.0,,,Lowry Electrical Contracting,2020,2020,No
2020-07-06,2020-07-05,Plumbing Permit,Residential,Residential,Irrigation,Final,,,,Unknown,78725.0,30.21749061,-97.6308323,,2020,2020,No
2020-07-06,2020-03-28,Electrical Permit,Commercial,"C- 324 Office, Bank & Professional Bldgs",Shell,Final,,1.0,5.0,6,78729.0,,,,2020,2020,No
2020-07-06,2019-10-02,Plumbing Permit,Residential,Residential,Irrigation,Final,,,,2,78744.0,30.16037799,-97.72652897,,2020,2020,No
2020-07-02,2020-06-29,Mechanical Permit,Residential,Residential,Change Out,Expired,,,,10,78703.0,30.28191273,-97.77058179,,2020,2020,No
2020-07-02,2020-07-01,Plumbing Permit,Residential,Residential,Repair,Final,,1.0,0.0,8,78739.0,30.19919625,-97.89720463,"Clarke Kent Plumbing, Inc.",2020,2020,No
2020-07-02,2020-06-30,Plumbing Permit,Residential,Residential,Change Out,Expired,,,,9,78722.0,,,Strand Brothers Service Experts,2020,2020,No
2020-07-01,2018-12-28,Plumbing Permit,Residential,Residential,Irrigation,Final,,,,7,78757.0,30.33938942,-97.73560872,,2020,2020,No
2020-07-01,2020-05-11,Mechanical Permit,Residential,R- 101 Single Family Houses,New,Final,,1.0,2.0,2,78747.0,,,Woods Comfort Systems,2020,2020,No
2020-06-30,2020-06-29,Mechanical Permit,Residential,Residential,Change Out,Expired,,,,5,78748.0,30.17619053,-97.8389361,,2020,2020,No
2020-06-29,2020-03-26,Plumbing Permit,Residential,R- 101 Single Family Houses,New,Final,,1.0,2.0,8,78735.0,,,,2020,2020,No
2020-06-29,2020-06-28,Plumbing Permit,Residential,Residential,Irrigation,Final,,,,Unknown,78728.0,30.46193758,-97.67955329,,2020,2020,No
2020-06-29,2020-06-27,Plumbing Permit,Residential,Residential,Irrigation,Final,,,,6,78750.0,30.45491022,-97.81892081,,2020,2020,No
2020-06-29,2020-06-26,Plumbing Permit,Residential,Residential,Irrigation,Final,,,,Unknown,78728.0,30.46198338,-97.67937423,,2020,2020,No
2020-06-29,2020-06-26,Mechanical Permit,Residential,Residential,Change Out,VOID,,,,10,78731.0,30.36611254,-97.75664073,,2020,2020,No
2020-06-29,2020-06-26,Plumbing Permit,Residential,Residential,Irrigation,Final,,,,5,78748.0,30.1641556,-97.81786673,,2020,2020,No
2020-06-26,2017-06-23,Electrical Permit,Commercial,C-1001 Commercial Finish Out,Remodel,Final,,6.0,1.0,9,78701.0,,,"Mres Texas Construction, Llc.",2020,2020,No
2020-06-26,2020-06-25,Electrical Permit,Residential,Residential,Auxiliary Power,Final,,1.0,1.0,2,78748.0,30.17640296,-97.80072976,,2020,2020,No
2020-06-25,2020-06-24,Plumbing Permit,Residential,Residential,New,Final,,1.0,1.0,Unknown,78660.0,30.40686776,-97.62472689,Victory Plumbing Company,2020,2020,No
2020-06-25,2020-02-24,Plumbing Permit,Residential,Residential,Irrigation,Final,,,,2,78617.0,30.15795024,-97.63865622,,2020,2020,No
2020-06-25,2020-02-13,Plumbing Permit,Residential,R- 101 Single Family Houses,New,Final,,1.0,2.0,2,78747.0,,,Victory Plumbing Company,2020,2020,No
2020-06-25,2019-01-25,Driveway / Sidewalks,Residential,Res. Sidewalk,New,Final,,,,7,78757.0,,,,2020,2020,No
2020-06-24,2020-01-23,Building Permit,Commercial,C-1000 Commercial Remodel,Remodel,Expired,,1.0,1.0,9,78704.0,30.25952698,-97.74631486,Capital Ti Group Inc,2020,2020,No
2020-06-24,2020-01-22,Plumbing Permit,Residential,Residential,Irrigation,Final,,,,1,78660.0,30.39835813,-97.61290582,,2020,2020,No
2020-06-24,2020-06-19,Electrical Permit,Residential,Residential,Repair,Final,,1.0,1.0,Unknown,78738.0,,,"In Charge Electrical Services, Llc",2020,2020,No
2020-06-24,2020-01-09,Plumbing Permit,Residential,Residential,Irrigation,Final,,,,2,78747.0,30.1367643,-97.76025396,,2020,2020,No
2020-06-23,2019-12-31,Electrical Permit,Commercial,Sign Permit,Freestanding,Final,,,,4,78758.0,30.37439884,-97.69358464,,2020,2020,No
2020-06-23,2020-06-17,Mechanical Permit,Residential,Residential,Change Out,Expired,,,,8,78749.0,,,,2020,2020,No
2020-06-22,2020-01-21,Plumbing Permit,Residential,Residential,Irrigation,Final,,,,7,78660.0,30.44073357,-97.66014261,,2020,2020,No
2020-06-22,2020-01-07,Plumbing Permit,Residential,Residential,Irrigation,Final,,,,2,78617.0,30.14675293,-97.59175521,,2020,2020,No
2020-06-22,2020-06-18,Plumbing Permit,Residential,Residential,Change Out,Expired,,,,8,78736.0,30.23940811,-97.90491349,,2020,2020,No
2020-06-21,2020-06-10,Plumbing Permit,Residential,Residential,Irrigation,Final,,,,5,78748.0,30.16769758,-97.82443408,,2020,2020,No
2020-06-19,2020-06-17,Electrical Permit,Residential,Residential,Repair,Final,,1.0,1.0,Unknown,78660.0,,,Easton Electric Llc,2020,2020,No
2020-06-19,2019-07-01,Plumbing Permit,Commercial,Commercial,Fireline,Final,,,,9,78701.0,,,,2020,2020,No
2020-06-19,2020-06-15,Mechanical Permit,Residential,Residential,Change Out,Final,,,,5,78748.0,30.16451412,-97.82702979,,2020,2020,No
2020-06-18,2020-06-01,Electrical Permit,Commercial,Commercial,Repair,Expired,,1.0,1.0,3,78741.0,,,Dynamic Electric Inc,2020,2020,No
2020-06-18,2020-06-17,Plumbing Permit,Residential,Residential,Irrigation,Final,,,,10,78703.0,30.29233728,-97.76265747,,2020,2020,No
2020-06-18,2020-06-17,Plumbing Permit,Residential,Residential,Irrigation,Final,,,,Unknown,78728.0,30.46629593,-97.68856794,,2020,2020,No
2020-06-17,2020-06-17,Electrical Permit,Residential,Residential,New,Final,,1.0,1.0,Unknown,78660.0,,,Allen Bebee Electric,2020,2020,No
2020-06-17,2019-12-03,Plumbing Permit,Residential,Residential,Irrigation,Final,,,,1,78660.0,30.39773784,-97.61180013,,2020,2020,No
2020-06-17,2019-04-24,Plumbing Permit,Residential,Residential,Irrigation,Final,,,,1,78724.0,30.29356409,-97.64064143,,2020,2020,No
2020-06-17,2020-06-16,Plumbing Permit,Residential,Residential,Irrigation,Final,,,,1,78723.0,30.31360754,-97.67006153,,2020,2020,No
2020-06-16,2020-06-13,Plumbing Permit,Residential,Residential,Change Out,Final,,,,6,78759.0,30.41488072,-97.7389849,,2020,2020,No
2020-06-15,2020-06-13,Plumbing Permit,Residential,Residential,Change Out,Final,,,,2,78745.0,30.20476047,-97.79916624,,2020,2020,No
2020-06-13,2020-04-30,Plumbing Permit,Residential,Residential,Irrigation,Expired,,,,1,78653.0,30.29561015,-97.55607847,,2020,2020,No
2020-06-13,2020-04-30,Plumbing Permit,Residential,Residential,Irrigation,Expired,,,,1,78653.0,30.2983583,-97.55419585,,2020,2020,No
2020-06-12,2019-12-05,Plumbing Permit,Commercial,Commercial,Irrigation,Final,,,,10,78726.0,,,,2020,2020,No
2020-06-11,2019-10-25,Plumbing Permit,Residential,Residential,Irrigation,Final,,,,2,78747.0,,,,2020,2020,No
2020-06-11,2019-10-25,Plumbing Permit,Residential,Residential,Irrigation,Final,,,,2,78747.0,,,,2020,2020,No
2020-06-11,2019-04-10,Plumbing Permit,Commercial,C- 329 Com Structures Other Than Bldg,New,Final,,0.0,0.0,1,78754.0,,,,2020,2020,No
2020-06-11,2019-12-17,Plumbing Permit,Residential,Residential,Irrigation,Final,,,,1,78660.0,30.39082072,-97.61492372,,2020,2020,No
2020-06-11,2020-04-10,Plumbing Permit,Residential,Residential,Remodel,Final,,1.0,1.0,5,78745.0,30.2237205,-97.78017012,,2020,2020,No
2020-06-11,2020-06-11,Plumbing Permit,Residential,Residential,New,Final,,1.0,2.0,Unknown,78725.0,30.21887149,-97.63084117,,2020,2020,No
2020-06-10,2020-06-09,Electrical Permit,Residential,Residential,Repair,Final,,1.0,1.0,Unknown,78660.0,,,Allen Bebee Electric,2020,2020,No
2020-06-10,2020-06-10,Plumbing Permit,Residential,Residential,Irrigation,Final,,,,1,78754.0,30.36474977,-97.64862915,,2020,2020,No
2020-06-10,2019-12-20,Plumbing Permit,Residential,Residential,Irrigation,Final,,,,1,78660.0,30.39052178,-97.61366627,,2020,2020,No
2020-06-10,2019-05-14,Electrical Permit,Commercial,C-1000 Commercial Remodel,Remodel,Final,,1.0,1.0,1,78754.0,30.35071937,-97.67116162,Bright Now Electric,2020,2020,No
2020-06-09,2020-03-20,Plumbing Permit,Residential,Residential,Irrigation,Final,,,,2,78744.0,,,,2020,2020,No
2020-06-08,2019-11-04,Plumbing Permit,Residential,Residential,Irrigation,Final,,,,1,78660.0,30.39796633,-97.61284707,,2020,2020,No
2020-06-08,2019-12-06,Plumbing Permit,Residential,Residential,Irrigation,Final,,,,1,78724.0,30.30115364,-97.62399169,,2020,2020,No
2020-06-08,2020-06-03,Plumbing Permit,Residential,Residential,Irrigation,Final,,,,8,78652.0,30.17193628,-97.92264417,,2020,2020,No
2020-06-08,2020-06-04,Plumbing Permit,Residential,Residential,Repair,Final,,1.0,2.0,5,78747.0,30.14766366,-97.7776822,Make It Drain Llc,2020,2020,No
2020-06-08,2020-06-04,Electrical Permit,Residential,Residential,Upgrade,Final,,1.0,1.0,4,78757.0,30.36336695,-97.72125181,Chargestore Llc,2020,2020,No
2020-06-05,2020-06-05,Electrical Permit,Residential,Residential,New,Final,,1.0,1.0,Unknown,78746.0,30.27924123,-97.80208464,American Electric,2020,2020,No
2020-06-05,2020-04-20,Mechanical Permit,Commercial,C-1000 Commercial Remodel,Remodel,Final,,1.0,3.0,7,78759.0,,,Valor Mechanical Services,2020,2020,No
2020-06-05,2019-07-11,Plumbing Permit,Residential,Residential,Irrigation,Final,,,,5,78704.0,30.23179063,-97.7850403,,2020,2020,No
2020-06-04,2020-03-06,Electrical Permit,Commercial,C- 329 Com Structures Other Than Bldg,New,Final,,1.0,1.0,2,78744.0,,,Triangle Electrical Contractors,2020,2020,No
2020-06-04,2020-05-26,Mechanical Permit,Residential,Residential,Change Out,Expired,,,,10,78731.0,30.35603281,-97.76556792,,2020,2020,No
2020-06-04,2019-12-05,Plumbing Permit,Residential,Residential,Repair,Final,,1.0,1.0,1,78721.0,,,Greenwave Plumbing Inc,2020,2020,No
2020-06-04,2020-06-03,Mechanical Permit,Residential,Residential,Change Out,Expired,,,,5,78747.0,30.14455088,-97.7833624,,2020,2020,No
2020-06-03,2020-06-02,Plumbing Permit,Residential,Residential,Irrigation,Final,,,,5,78704.0,30.2319274,-97.78514121,,2020,2020,No
2020-06-03,2020-06-03,Plumbing Permit,Residential,Residential,New,Final,,1.0,2.0,Unknown,78728.0,30.46175056,-97.67888853,,2020,2020,No
2020-06-03,2020-06-02,Plumbing Permit,Residential,Residential,Irrigation,Final,,,,5,78704.0,30.2319274,-97.78514121,,2020,2020,No
2020-06-02,2020-06-02,Electrical Permit,Commercial,Sign Permit,Freestanding,Expired,,,,Unknown,78728.0,30.44557172,-97.69150482,,2020,2020,No
2020-06-02,2019-09-16,Plumbing Permit,Residential,Residential,Irrigation,Final,,,,7,78660.0,30.43716338,-97.65367117,,2020,2020,No
2020-06-02,2019-11-26,Plumbing Permit,Residential,Residential,Irrigation,Final,,,,1,78754.0,30.35673122,-97.65989866,,2020,2020,No
2020-06-02,2020-06-02,Plumbing Permit,Residential,Residential,Irrigation,Final,,,,7,78660.0,30.43723127,-97.65376134,,2020,2020,No
2020-06-02,2020-05-29,Plumbing Permit,Residential,Residential,Repair,Expired,,0.0,0.0,7,78759.0,30.41132319,-97.73131256,Christianson Plumbing,2020,2020,No
2020-06-01,2019-09-09,Plumbing Permit,Residential,Residential,Irrigation,Final,,,,2,78744.0,30.20301592,-97.69535453,,2020,2020,No
2020-06-01,2020-05-22,Mechanical Permit,Residential,Residential,Repair,Final,,1.0,1.0,2,78617.0,,,Air Conductors Llc,2020,2020,No
2020-06-01,2020-05-28,Plumbing Permit,Residential,Residential,Irrigation,Final,,,,2,78617.0,30.14768537,-97.59702643,,2020,2020,No
2020-06-01,2020-05-29,Plumbing Permit,Residential,Residential,Repair,Expired,,1.0,1.0,5,78745.0,30.192642,-97.81767913,,2020,2020,No
2020-06-01,2020-05-29,Electrical Permit,Residential,Residential,Repair,Final,,1.0,1.0,1,78653.0,,,Four 8 Electric,2020,2020,No
2020-05-31,2019-08-02,Plumbing Permit,Residential,Residential,Irrigation,Final,,,,9,78704.0,30.24274881,-97.75075564,,2020,2020,No
2020-05-29,2018-08-29,Driveway / Sidewalks,Residential,Res. Driveway,New,Final,,,,1,78721.0,30.28448891,-97.68464423,,2020,2020,No
2020-05-29,2020-05-28,Plumbing Permit,Commercial,Commercial,Irrigation,Final,,,,5,78652.0,,,,2020,2020,No
2020-05-29,2020-05-28,Plumbing Permit,Residential,Residential,Irrigation,Final,,,,3,78721.0,30.26675385,-97.68860666,,2020,2020,No
2020-05-28,2020-02-18,Plumbing Permit,Commercial,C-1000 Commercial Remodel,Remodel,Final,,1.0,1.0,10,78730.0,30.35503937,-97.80108814,D3 Mechanical Llc,2020,2020,No
2020-05-28,2019-04-11,Plumbing Permit,Residential,Residential,Irrigation,Final,,,,10,78703.0,30.29219887,-97.77470766,,2020,2020,No
2020-05-28,2020-05-28,Electrical Permit,Residential,Residential,New,Final,,1.0,1.0,Unknown,78660.0,30.40881731,-97.62509416,,2020,2020,No
2020-05-28,2020-05-26,Plumbing Permit,Residential,Residential,Change Out,Final,,,,Unknown,78738.0,,,,2020,2020,No
2020-05-27,2020-05-22,Electrical Permit,Residential,Residential,New,Final,,1.0,1.0,Unknown,78734.0,30.37810151,-97.92685421,"Sterling Winslow Holdings, Llc",2020,2020,No
2020-05-27,2020-05-26,Plumbing Permit,Residential,Residential,Irrigation,Final,,,,4,78751.0,30.31435041,-97.71183849,,2020,2020,No
2020-05-27,2020-05-27,Electrical Permit,Residential,Residential,New,Final,,1.0,1.0,Unknown,78735.0,30.27138223,-97.87935027,"Te-Kyle, Llc Dba Texas Electric",2020,2020,No
2020-05-27,2019-12-23,Plumbing Permit,Residential,Residential,Irrigation,Final,,,,1,78721.0,,,,2020,2020,No
2020-05-27,2020-05-21,Electrical Permit,Residential,Residential,Repair,Expired,,1.0,1.0,2,78744.0,30.15934407,-97.72437936,"In Charge Electrical Services, Llc",2020,2020,No
2020-05-27,2020-03-16,Plumbing Permit,Residential,R- 101 Single Family Houses,New,Final,,1.0,1.0,2,78747.0,,,Victory Plumbing Company,2020,2020,No
2020-05-26,2020-05-04,Mechanical Permit,Residential,Residential,Change Out,Expired,,,,4,78753.0,30.34869377,-97.70187993,,2020,2020,No
2020-05-26,2020-04-27,Plumbing Permit,Residential,Residential,Irrigation,Final,,,,3,78704.0,30.23183939,-97.7605145,,2020,2020,No
2020-05-22,2020-02-26,Plumbing Permit,Residential,Residential,Irrigation,Final,,,,6,78717.0,30.47732035,-97.77356953,,2020,2020,No
2020-05-22,2019-01-08,Mechanical Permit,Residential,R- 101 Single Family Houses,New,Final,,1.0,2.0,9,78704.0,,,,2020,2020,No
2020-05-21,2020-05-20,Plumbing Permit,Residential,Residential,Irrigation,Final,,,,Unknown,78725.0,30.21686938,-97.63097953,,2020,2020,No
2020-05-21,2019-06-08,Plumbing Permit,Residential,Residential,Irrigation,Final,,,,8,78652.0,30.16990412,-97.91973858,,2020,2020,No
2020-05-21,2020-05-21,Plumbing Permit,Residential,Residential,New,Final,,1.0,2.0,Unknown,78725.0,30.21776437,-97.63285782,,2020,2020,No
2020-05-21,2020-05-20,Plumbing Permit,Residential,Residential,Change Out,Final,,,,10,78759.0,30.40245701,-97.76989358,Austin Texas Water Heaters,2020,2020,No
2020-05-20,2020-05-06,Mechanical Permit,Residential,R- 101 Single Family Houses,New,Final,,1.0,1.0,2,78744.0,30.14324323,-97.71640914,Ies Residential Inc,2020,2020,No
2020-05-20,2020-01-08,Plumbing Permit,Residential,Residential,Irrigation,Final,,,,2,78617.0,30.14635725,-97.59177276,,2020,2020,No
2020-05-20,2020-05-13,Plumbing Permit,Residential,Residential,Irrigation,Final,,,,1,78723.0,30.31764979,-97.66737576,,2020,2020,No
2020-05-20,2020-05-15,Mechanical Permit,Commercial,Commercial,Change Out,Expired,,,,9,78705.0,30.30042913,-97.7404197,,2020,2020,No
2020-05-20,2019-10-31,Mechanical Permit,Commercial,C- 105 Five or More Family Bldgs,New,Final,,5.0,4.0,10,78731.0,30.31455469,-97.75253963,,2020,2020,No
2020-05-20,2020-05-20,Plumbing Permit,Residential,Residential,New,Final,,1.0,2.0,Unknown,78725.0,30.21755704,-97.63176469,,2020,2020,No
2020-05-19,2020-05-15,Mechanical Permit,Residential,Residential,Change Out,Expired,,,,8,78739.0,30.19080586,-97.87593557,,2020,2020,No
2020-05-19,2019-10-21,Plumbing Permit,Residential,Residential,Irrigation,Final,,,,2,78747.0,30.15534227,-97.75900933,,2020,2020,No
2020-05-19,2020-05-18,Plumbing Permit,Residential,Residential,Irrigation,Final,,,,1,78754.0,30.3708486,-97.64921112,,2020,2020,No
2020-05-19,2020-05-15,Electrical Permit,Residential,Residential,Repair,Final,,1.0,1.0,1,78653.0,,,Four 8 Electric,2020,2020,No
2020-05-19,2020-05-15,Plumbing Permit,Residential,Residential,Repair,Final,,1.0,1.0,2,78617.0,,,Wallin Services Inc,2020,2020,No
2020-05-18,2019-10-16,Plumbing Permit,Residential,Residential,Irrigation,Final,,,,1,78754.0,30.3569817,-97.66030401,,2020,2020,No
2020-05-18,2020-05-14,Plumbing Permit,Residential,Residential,Irrigation,Final,,,,Unknown,78728.0,30.46417674,-97.68983579,,2020,2020,No
2020-05-18,2020-05-12,Plumbing Permit,Residential,Residential,Irrigation,Final,,,,8,78749.0,30.22867531,-97.87285006,,2020,2020,No
2020-05-18,2020-02-14,Mechanical Permit,Residential,R- 101 Single Family Houses,New,Final,,1.0,2.0,2,78744.0,,,,2020,2020,No
2020-05-18,2020-03-02,Plumbing Permit,Residential,R- 101 Single Family Houses,New,Final,,1.0,2.0,2,78744.0,30.15953611,-97.7247603,Mustang Plumbing,2020,2020,No
2020-05-18,2019-10-16,Plumbing Permit,Residential,Residential,Irrigation,Final,,,,1,78754.0,30.3566957,-97.66030559,,2020,2020,No
2020-05-15,2020-05-14,Electrical Permit,Residential,Residential,New,Final,,1.0,1.0,Unknown,78734.0,30.34047771,-97.97180299,,2020,2020,No
2020-05-15,2020-02-05,Plumbing Permit,Residential,Residential,Irrigation,Final,,,,2,78744.0,,,,2020,2020,No
2020-05-14,2020-04-29,Driveway / Sidewalks,Commercial,Com. Sidewalk,New,Final,,,,1,78723.0,,,,2020,2020,No
2020-05-14,2020-05-14,Plumbing Permit,Residential,Residential,Irrigation,Final,,,,2,78617.0,,,,2020,2020,No
2020-05-14,2020-03-24,Plumbing Permit,Residential,Residential,Irrigation,Final,,,,9,78704.0,30.24179532,-97.74194654,,2020,2020,No
2020-05-14,2020-05-10,Plumbing Permit,Residential,Residential,Irrigation,Expired,,,,1,78721.0,30.28448891,-97.68464423,,2020,2020,No
2020-05-14,2020-05-14,Plumbing Permit,Residential,Residential,Repair,Final,,1.0,1.0,4,78752.0,30.32929632,-97.70179073,,2020,2020,No
2020-05-13,2020-05-13,Plumbing Permit,Residential,Residential,New,Final,,1.0,1.0,Unknown,78725.0,30.21638061,-97.63127822,,2020,2020,No
2020-05-12,2019-10-15,Plumbing Permit,Residential,Residential,Irrigation,Final,,,,2,78744.0,,,,2020,2020,No
2020-05-12,2020-05-01,Electrical Permit,Commercial,Commercial,Repair,Final,,1.0,1.0,2,78744.0,,,Triangle Electrical Contractors,2020,2020,No
2020-05-11,2019-09-03,Plumbing Permit,Residential,Residential,Irrigation,Final,,,,1,78653.0,30.2968988,-97.55360713,,2020,2020,No
2020-05-11,2020-05-11,Plumbing Permit,Commercial,Commercial,Repair,Final,,,1.0,4,78757.0,,,Roto- Rooter Service Co,2020,2020,No
2020-05-11,2019-09-25,Mechanical Permit,Residential,R- 102 Secondary Apartment,New,Final,,1.0,2.0,3,78702.0,30.25978803,-97.69665482,Woods Comfort Systems,2020,2020,No
2020-05-11,2020-05-08,Electrical Permit,Residential,Residential,Repair,Final,,1.0,1.0,2,78744.0,30.16045882,-97.72671669,"In Charge Electrical Services, Llc",2020,2020,No
2020-05-11,2020-05-11,Electrical Permit,Residential,Residential,Repair,Final,,1.0,1.0,Unknown,78617.0,30.16297967,-97.63404046,"Austin Lanehart Electric Co., Inc.",2020,2020,No
2020-05-11,2019-12-23,Electrical Permit,Commercial,Sign Permit,Wall,Expired,,,,Unknown,78728.0,30.44624017,-97.68576937,,2020,2020,No
2020-05-08,2020-05-08,Electrical Permit,Residential,Residential,Repair,Final,,1.0,1.0,10,78731.0,30.31490635,-97.75252071,Bolder Electric Solutions,2020,2020,No
2020-05-08,2019-10-23,Plumbing Permit,Residential,Residential,Irrigation,Final,,,,1,78754.0,,,,2020,2020,No
2020-05-06,2019-05-15,Plumbing Permit,Residential,Residential,Irrigation,Final,,,,3,78702.0,30.25967742,-97.72835636,,2020,2020,No
2020-05-06,2020-05-06,Electrical Permit,Commercial,Sign Permit,Freestanding,Final,,,,3,78745.0,,,,2020,2020,No
2020-05-06,2020-05-06,Electrical Permit,Commercial,Sign Permit,Freestanding,Expired,,,,7,78757.0,,,,2020,2020,No
2020-05-06,2020-05-05,Plumbing Permit,Residential,Residential,Irrigation,Final,,,,2,78747.0,,,,2020,2020,No
2020-05-05,2020-05-04,Electrical Permit,Residential,Residential,Repair,Final,,1.0,1.0,Unknown,78724.0,30.31820852,-97.62058984,Allen Bebee Electric,2020,2020,No
2020-05-05,2019-12-05,Electrical Permit,Residential,R- 435 Renovations/Remodel,Repair,Final,,1.0,1.0,9,78705.0,,,Palomino Electric,2020,2020,No
2020-05-05,2019-05-20,Plumbing Permit,Residential,Residential,Irrigation,Final,,,,10,78726.0,30.43334022,-97.84208804,,2020,2020,No
2020-05-05,2015-02-06,Plumbing Permit,Commercial,C-1000 Commercial Remodel,Remodel,Final,,0.0,0.0,9,78705.0,,,Gold Triangle,2020,2020,No
2020-05-05,2020-05-04,Plumbing Permit,Residential,Residential,Change Out,Expired,,,,10,78734.0,30.36867847,-97.91526519,,2020,2020,No
2020-05-05,2019-09-26,Plumbing Permit,Residential,Residential,Irrigation,Final,,,,2,78744.0,30.20381298,-97.6971978,,2020,2020,No
2020-05-05,2019-11-26,Plumbing Permit,Residential,Residential,Irrigation,Final,,,,2,78747.0,,,,2020,2020,No
2020-05-05,2020-05-02,Plumbing Permit,Residential,Residential,Irrigation,Final,,,,Unknown,78728.0,30.46442909,-97.69033687,,2020,2020,No
2020-05-04,2020-05-04,Plumbing Permit,Residential,Residential,Repair,Expired,,1.0,0.0,10,78759.0,,,,2020,2020,No
2020-05-04,2020-04-29,Plumbing Permit,Residential,Residential,Irrigation,Final,,,,2,78744.0,30.14690743,-97.72088907,,2020,2020,No
2020-05-04,2018-07-30,Electrical Permit,Commercial,C- 327 Stores & Customer Services,New,Final,,1.0,3.0,3,78741.0,30.23610022,-97.68683611,,2020,2020,No
2020-05-04,2020-05-02,Plumbing Permit,Residential,Residential,Irrigation,Final,,,,Unknown,78728.0,30.4670299,-97.6896178,,2020,2020,No
2020-05-04,2019-10-23,Plumbing Permit,Residential,Residential,Irrigation,Final,,,,1,78754.0,,,,2020,2020,No
2020-05-04,2019-09-24,Plumbing Permit,Residential,Residential,Irrigation,Final,,,,2,78744.0,,,,2020,2020,No
2020-05-04,2020-05-04,Plumbing Permit,Residential,Residential,Irrigation,Final,,,,1,78754.0,30.35713397,-97.60678353,,2020,2020,No
2020-05-04,2019-10-02,Mechanical Permit,Residential,R- 101 Single Family Houses,New,Final,,1.0,2.0,2,78744.0,30.16045882,-97.72671669,,2020,2020,No
2020-05-04,2020-05-02,Plumbing Permit,Residential,Residential,Irrigation,Final,,,,Unknown,78728.0,30.46485277,-97.68940766,,2020,2020,No
2020-05-01,2019-09-17,Plumbing Permit,Residential,Residential,Irrigation,Final,,,,1,78754.0,30.35898368,-97.66266526,,2020,2020,No
2020-05-01,2020-04-29,Plumbing Permit,Residential,Residential,Irrigation,Final,,,,10,78731.0,30.32454744,-97.76847608,,2020,2020,No
2020-05-01,2020-05-01,Plumbing Permit,Residential,Residential,Irrigation,Final,,,,5,78704.0,,,,2020,2020,No
2020-05-01,2020-04-30,Mechanical Permit,Residential,Residential,Change Out,Expired,,,,8,78739.0,30.18902849,-97.90980455,,2020,2020,No
2020-05-01,2020-04-30,Plumbing Permit,Residential,Residential,Irrigation,Final,,,,Unknown,78728.0,30.46031643,-97.67976303,,2020,2020,No
2020-04-30,2020-04-29,Plumbing Permit,Residential,Residential,Repair,Expired,,1.0,0.0,Unknown,78746.0,,,G & R Lone Star Plumbing,2020,2020,No
2020-04-30,2019-10-16,Electrical Permit,Commercial,Sign Permit,Wall,Expired,,,,10,78726.0,,,,2020,2020,No
2020-04-30,2020-04-29,Plumbing Permit,Residential,Residential,Irrigation,Final,,,,Unknown,78728.0,30.46294229,-97.67852867,,2020,2020,No
2020-04-30,2020-02-20,Plumbing Permit,Residential,Residential,Irrigation,Final,,,,2,78744.0,30.20270828,-97.69497346,,2020,2020,No
2020-04-29,2020-04-28,Electrical Permit,Commercial,Sign Permit,Wall,Expired,,,,8,78735.0,,,,2020,2020,No
2020-04-29,2019-12-20,Plumbing Permit,Commercial,Commercial,Fireline,Final,,,,4,78751.0,,,Cox Plumbing Company,2020,2020,No
2020-04-29,2020-04-24,Plumbing Permit,Residential,Residential,Irrigation,Final,,,,7,78753.0,30.4072992,-97.64511192,,2020,2020,No
2020-04-29,2020-04-28,Plumbing Permit,Residential,Residential,Irrigation,Final,,,,2,78744.0,30.20365961,-97.69669535,,2020,2020,No
2020-04-28,2020-04-27,Plumbing Permit,Residential,Residential,Change Out,Expired,,,,10,78703.0,30.29648256,-97.75119094,,2020,2020,No
2020-04-28,2020-04-28,Plumbing Permit,Residential,Residential,Irrigation,Final,,,,2,78747.0,30.15478823,-97.75894813,,2020,2020,No
2020-04-28,2020-04-27,Plumbing Permit,Residential,Residential,Change Out,Final,,,,8,78739.0,30.19540911,-97.89229144,,2020,2020,No
2020-04-28,2020-04-27,Plumbing Permit,Residential,Residential,Irrigation,Final,,,,1,78724.0,30.29075193,-97.64202248,,2020,2020,No
2020-04-27,2019-10-28,Plumbing Permit,Residential,Residential,Irrigation,Final,,,,1,78754.0,30.35178553,-97.6017971,,2020,2020,No
2020-04-27,2020-04-16,Electrical Permit,Residential,Residential,Auxiliary Power,Final,,1.0,1.0,9,78704.0,30.24414368,-97.74777867,Horus Partners,2020,2020,No
2020-04-27,2019-10-28,Plumbing Permit,Residential,Residential,Irrigation,Final,,,,1,78660.0,30.39761535,-97.61276814,,2020,2020,No
2020-04-27,2019-10-28,Plumbing Permit,Residential,Residential,Irrigation,Final,,,,1,78660.0,30.38962095,-97.61437696,,2020,2020,No
2020-04-27,2019-09-17,Plumbing Permit,Residential,Residential,Irrigation,Final,,,,2,78744.0,30.14918058,-97.71624523,,2020,2020,No
2020-04-24,2020-04-23,Plumbing Permit,Residential,Residential,Irrigation,Final,,,,2,78744.0,30.15978656,-97.72625374,,2020,2020,No
2020-04-23,2020-04-22,Electrical Permit,Residential,Residential,Repair,Final,,1.0,1.0,1,78653.0,,,Four 8 Electric,2020,2020,No
2020-04-23,2020-01-09,Plumbing Permit,Residential,Residential,Irrigation,Final,,,,2,78744.0,30.14900316,-97.71725323,,2020,2020,No
2020-04-23,2019-10-16,Plumbing Permit,Residential,Residential,Irrigation,Final,,,,1,78660.0,30.39759717,-97.61255924,,2020,2020,No
2020-04-22,2020-04-07,Plumbing Permit,Residential,Residential,Irrigation,Final,,,,Unknown,78728.0,30.46537789,-97.68859632,,2020,2020,No
2020-04-22,2019-10-31,Plumbing Permit,Residential,Residential,Irrigation,Final,,,,5,78745.0,30.22350631,-97.78446711,,2020,2020,No
2020-04-22,2020-04-07,Plumbing Permit,Residential,Residential,Irrigation,Final,,,,Unknown,78728.0,30.46572352,-97.6885519,,2020,2020,No
2020-04-22,2019-10-02,Plumbing Permit,Residential,Residential,Irrigation,Final,,,,2,78744.0,30.16058911,-97.7271721,,2020,2020,No
2020-04-21,2019-04-12,Plumbing Permit,Commercial,Commercial,Repair,Final,,,1.0,1,78754.0,30.35116892,-97.61666279,Goodwin & Company,2020,2020,No
2020-04-20,2020-04-20,Electrical Permit,Commercial,Commercial,Repair,Final,,1.0,1.0,3,78741.0,30.23433699,-97.71398508,Supernova Electric,2020,2020,No
2020-04-20,2019-11-04,Plumbing Permit,Residential,Residential,Irrigation,Final,,,,8,78652.0,30.17187493,-97.9231838,,2020,2020,No
2020-04-19,2020-04-17,Electrical Permit,Residential,Residential,Repair,Final,,1.0,1.0,4,78752.0,30.33704637,-97.71022296,Frank'S Electric,2020,2020,No
2020-04-17,2019-04-18,Plumbing Permit,Residential,Residential,Irrigation,Final,,,,5,78748.0,30.12774533,-97.80769934,,2020,2020,No
2020-04-17,2020-04-16,Plumbing Permit,Residential,Residential,Repair,Expired,,1.0,0.0,4,78723.0,30.31951754,-97.68423748,,2020,2020,No
2020-04-17,2020-03-31,Plumbing Permit,Residential,Residential,Change Out,Final,,,,7,78756.0,30.32934877,-97.7451719,Abc Home & Commercial Service,2020,2020,No
2020-04-16,2020-04-09,Mechanical Permit,Residential,Residential,Change Out,Final,,,,3,78702.0,30.25952036,-97.73362306,,2020,2020,No
2020-04-16,2020-04-15,Plumbing Permit,Residential,Residential,Irrigation,Final,,,,7,78660.0,30.40880766,-97.63678141,,2020,2020,No
2020-04-16,2019-05-22,Driveway / Sidewalks,Residential,Res. Sidewalk,New,Final,,,,Unknown,,,,,2020,2020,No
2020-04-16,2019-08-27,Plumbing Permit,Residential,Residential,Irrigation,Final,,,,8,78736.0,30.24526374,-97.89638774,,2020,2020,No
2020-04-16,2020-04-14,Plumbing Permit,Residential,Residential,Change Out,Expired,,,,10,78703.0,30.30642729,-97.7536255,,2020,2020,No
2020-04-15,2020-02-21,Electrical Permit,Residential,R- 101 Single Family Houses,New,Final,,1.0,1.0,2,78744.0,30.14892409,-97.717825,"In Charge Electrical Services, Llc",2020,2020,No
2020-04-15,2020-04-15,Plumbing Permit,Residential,Residential,Repair,Final,,1.0,1.0,3,78721.0,30.26816839,-97.68252546,Armadillo Plumbing,2020,2020,No
2020-04-15,2020-04-01,Electrical Permit,Residential,Residential,Auxiliary Power,Final,,1.0,1.0,1,78660.0,30.39908225,-97.61501759,,2020,2020,No
2020-04-15,2019-12-03,Plumbing Permit,Residential,Residential,Irrigation,Final,,,,1,78754.0,30.35196501,-97.60273392,,2020,2020,No
2020-04-14,2020-04-14,Plumbing Permit,Residential,Residential,Irrigation,Final,,,,10,78759.0,30.42660716,-97.77744899,,2020,2020,No
2020-04-14,2020-01-29,Driveway / Sidewalks,Residential,Res. Driveway & Sidewalk,New,Final,,,,1,78660.0,30.39180366,-97.61380461,D R Horton Homes,2020,2020,No
2020-04-13,2019-10-09,Plumbing Permit,Residential,Residential,Irrigation,Final,,,,3,78702.0,30.26476304,-97.70051436,,2020,2020,No
2020-04-10,2020-04-09,Plumbing Permit,Residential,Residential,Irrigation,Final,,,,Unknown,78725.0,30.21719692,-97.63281668,,2020,2020,No
2020-04-09,2019-07-23,Plumbing Permit,Residential,Residential,Irrigation,Final,,,,2,78744.0,30.20285693,-97.70126106,,2020,2020,No
2020-04-09,2020-03-13,Plumbing Permit,Residential,Residential,Irrigation,Final,,,,7,78758.0,30.40871911,-97.6904268,,2020,2020,No
2020-04-08,2020-04-08,Electrical Permit,Residential,Residential,Upgrade,Final,,1.0,1.0,2,78745.0,30.18894688,-97.78658183,"Molitor Electric, Inc.",2020,2020,No
2020-04-08,2020-02-28,Electrical Permit,Commercial,C-1000 Commercial Remodel,Remodel,Final,,1.0,1.0,7,78758.0,,,"Prestige Tank And Pump Services, Inc",2020,2020,No
2020-04-07,2020-03-24,Plumbing Permit,Residential,Residential,Repair,Expired,,1.0,1.0,1,78724.0,30.29685001,-97.64387776,,2020,2020,No
2020-04-07,2020-04-06,Electrical Permit,Residential,Residential,Upgrade,Final,,1.0,1.0,7,78727.0,30.42725416,-97.71256666,Acl Electric Llc,2020,2020,No
2020-04-07,2020-04-07,Plumbing Permit,Residential,Residential,New,Final,,1.0,1.0,Unknown,78744.0,30.1680903,-97.69807411,Victory Plumbing Company,2020,2020,No
2020-04-07,2020-04-03,Electrical Permit,Residential,Residential,Repair,Final,,1.0,1.0,2,78744.0,30.15166058,-97.72024475,"In Charge Electrical Services, Llc",2020,2020,No
2020-04-07,2020-04-01,Plumbing Permit,Residential,Residential,Change Out,Expired,,,,10,78759.0,30.39839948,-97.76655264,,2020,2020,No
2020-04-06,2019-09-11,Plumbing Permit,Residential,Residential,Irrigation,Final,,,,1,78721.0,30.28132016,-97.68995685,,2020,2020,No
2020-04-06,2020-04-02,Electrical Permit,Commercial,Sign Permit,Wall,Final,,,,8,78736.0,,,,2020,2020,No
2020-04-06,2020-04-06,Electrical Permit,Residential,Residential,Repair,Final,,1.0,1.0,Unknown,78724.0,30.31841412,-97.62289835,Allen Bebee Electric,2020,2020,No
2020-04-06,2020-03-02,Mechanical Permit,Residential,Residential,Repair,Final,,1.0,1.0,2,78617.0,,,Air Conductors Llc,2020,2020,No
2020-04-06,2020-04-03,Plumbing Permit,Residential,Residential,Irrigation,Final,,,,Unknown,78728.0,30.46186782,-97.6773772,,2020,2020,No
2020-04-06,2019-10-02,Mechanical Permit,Residential,R- 101 Single Family Houses,New,Final,,1.0,2.0,2,78744.0,30.16064183,-97.72705991,,2020,2020,No
2020-04-03,2020-04-03,Plumbing Permit,Residential,Residential,Change Out,Final,,,,3,78702.0,30.25583821,-97.70547509,,2020,2020,No
2020-04-03,2019-06-19,Plumbing Permit,Residential,Residential,Irrigation,Final,,,,10,78726.0,30.43348501,-97.84217952,,2020,2020,No
2020-04-03,2020-04-03,Plumbing Permit,Residential,Residential,New,Final,,1.0,1.0,Unknown,78744.0,30.16917169,-97.69796549,Victory Plumbing Company,2020,2020,No
2020-04-02,2020-01-07,Plumbing Permit,Commercial,C-1001 Commercial Finish Out,Remodel,Final,,1.0,1.0,2,78744.0,30.20440638,-97.71889718,Ml Patterson Plumbing Llc,2020,2020,No
2020-04-01,2020-03-24,Plumbing Permit,Commercial,Commercial,Irrigation,Final,,,,3,78721.0,,,,2020,2020,No
2020-04-01,2020-03-31,Electrical Permit,Commercial,Sign Permit,Awning,Final,,,,3,78721.0,,,,2020,2020,No
2020-04-01,2019-08-02,Plumbing Permit,Residential,Residential,Irrigation,Final,,,,2,78747.0,30.13496613,-97.76246927,,2020,2020,No
2020-03-31,2020-03-30,Plumbing Permit,Residential,Residential,Irrigation,Final,,,,10,78731.0,30.31264819,-97.75401711,,2020,2020,No
2020-03-31,2019-10-21,Plumbing Permit,Residential,Residential,Irrigation,Final,,,,2,78747.0,30.15519925,-97.75928215,,2020,2020,No
2020-03-30,2020-03-26,Plumbing Permit,Residential,Residential,Irrigation,Final,,,,1,78754.0,,,,2020,2020,No
2020-03-30,2019-09-04,Plumbing Permit,Residential,Residential,Irrigation,Final,,,,1,78754.0,,,,2020,2020,No
2020-03-30,2020-03-27,Plumbing Permit,Residential,Residential,Repair,Final,,1.0,1.0,Unknown,78724.0,30.31697947,-97.62229826,Wallin Services Inc,2020,2020,No
2020-03-27,2020-03-12,Mechanical Permit,Residential,Residential,Change Out,Expired,,,,3,78745.0,30.21527689,-97.78236936,,2020,2020,No
2020-03-26,2019-09-04,Plumbing Permit,Residential,Residential,Irrigation,Final,,,,1,78754.0,,,,2020,2020,No
2020-03-26,2019-08-22,Plumbing Permit,Residential,Residential,Irrigation,Final,,,,1,78754.0,,,,2020,2020,No
2020-03-25,2020-03-24,Plumbing Permit,Residential,Residential,Change Out,Expired,,,,3,78704.0,30.22745969,-97.7670352,,2020,2020,No
2020-03-25,2020-03-25,Electrical Permit,Residential,Residential,Repair,Final,,1.0,1.0,2,78744.0,30.14817028,-97.7190258,"Ies Residential, Inc.",2020,2020,No
2020-03-24,2020-02-13,Electrical Permit,Residential,R- 101 Single Family Houses,New,Final,,1.0,2.0,3,78741.0,,,Trevino Trevino Electrical Serv,2020,2020,No
2020-03-24,2020-03-19,Mechanical Permit,Residential,Residential,Change Out,Final,,,,3,78745.0,30.2170491,-97.78103999,American Residential Services (Ars),2020,2020,No
2020-03-23,2020-03-18,Plumbing Permit,Residential,Residential,Change Out,Expired,,,,9,78722.0,,,,2020,2020,No
2020-03-23,2020-03-23,Plumbing Permit,Residential,Residential,Irrigation,Final,,,,10,78703.0,30.28439364,-97.77072508,,2020,2020,No
2020-03-23,2020-03-20,Electrical Permit,Commercial,Sign Permit,Wall,Final,,,,7,78757.0,30.35905882,-97.73460323,,2020,2020,No
2020-03-23,2019-06-27,Mechanical Permit,Residential,R- 101 Single Family Houses,New,Final,,1.0,2.0,5,78745.0,30.22270613,-97.77936717,Wrigley Air Conditioning & Heating,2020,2020,No
2020-03-23,2019-11-12,Plumbing Permit,Residential,R- 102 Secondary Apartment,New,Final,,1.0,2.0,3,78702.0,,,Christianson Plumbing,2020,2020,No
2020-03-20,2020-03-17,Plumbing Permit,Residential,Residential,Repair,Final,,1.0,1.0,8,78739.0,30.19137292,-97.89408401,,2020,2020,No
2020-03-20,2019-09-24,Plumbing Permit,Residential,Residential,Irrigation,Final,,,,1,78754.0,30.35895322,-97.66291983,,2020,2020,No
2020-03-20,2020-03-20,Electrical Permit,Commercial,Sign Permit,Wall,Final,,,,10,78726.0,,,,2020,2020,No
2020-03-20,2020-03-20,Electrical Permit,Residential,Residential,Repair,Final,,1.0,1.0,7,78660.0,30.43797485,-97.65604828,"Ies Residential, Inc.",2020,2020,No
2020-03-20,2020-03-19,Plumbing Permit,Residential,Residential,Irrigation,Final,,,,1,78754.0,30.35845355,-97.66230252,,2020,2020,No
2020-03-19,2020-03-18,Electrical Permit,Residential,Residential,New,Final,,1.0,1.0,Unknown,78725.0,30.23367799,-97.58539151,"Ies Residential, Inc.",2020,2020,No
2020-03-18,2020-03-18,Electrical Permit,Residential,Residential,New,Final,,1.0,1.0,Unknown,78725.0,30.23374187,-97.5843951,"Ies Residential, Inc.",2020,2020,No
2020-03-18,2020-03-11,Plumbing Permit,Residential,Residential,New,Final,,1.0,2.0,Unknown,78728.0,30.46380992,-97.68911878,Victory Plumbing Company,2020,2020,No
2020-03-18,2020-03-13,Mechanical Permit,Residential,Residential,Change Out,Final,,,,7,78757.0,30.34417743,-97.71746197,"Sa&H Western Holdings, Llc",2020,2020,No
2020-03-18,2020-03-13,Plumbing Permit,Residential,Residential,Irrigation,Final,,,,1,78754.0,30.3589107,-97.66418011,,2020,2020,No
2020-03-18,2020-03-18,Plumbing Permit,Commercial,Commercial,Repair,Expired,,,0.0,7,78727.0,,,Jds Plumbing,2020,2020,No
2020-03-18,2019-07-09,Mechanical Permit,Residential,Residential,Repair,Final,,1.0,1.0,1,78724.0,30.29222184,-97.65192067,"Air Pro, Inc.",2020,2020,No
2020-03-18,2020-03-18,Electrical Permit,Residential,Residential,Repair,Final,,1.0,1.0,Unknown,78746.0,30.29626781,-97.80567909,"Ies Residential, Inc.",2020,2020,No
2020-03-17,2020-03-12,Plumbing Permit,Residential,Residential,Change Out,Expired,,,,8,78749.0,30.21109119,-97.88409276,,2020,2020,No
2020-03-17,2020-02-12,Electrical Permit,Commercial,C-1000 Commercial Remodel,Remodel,Final,,1.0,1.0,10,78731.0,30.30923108,-97.74972451,Magnify Electric,2020,2020,No
2020-03-17,2020-03-13,Electrical Permit,Residential,Residential,Repair,Expired,,1.0,1.0,Unknown,78744.0,30.16791258,-97.69772444,"In Charge Electrical Services, Llc",2020,2020,No
2020-03-17,2020-03-17,Electrical Permit,Residential,Residential,New,Final,,1.0,1.0,Unknown,78660.0,,,Allen Bebee Electric,2020,2020,No
2020-03-17,2019-10-22,Plumbing Permit,Residential,Residential,Irrigation,Final,,,,1,78723.0,30.29416513,-97.67443621,,2020,2020,No
2020-03-17,2020-03-16,Plumbing Permit,Residential,Residential,Irrigation,Final,,,,1,78754.0,30.37823188,-97.60041986,,2020,2020,No
2020-03-17,2020-03-16,Plumbing Permit,Residential,Residential,Repair,Final,,1.0,1.0,9,78751.0,30.30664174,-97.71752215,,2020,2020,No
2020-03-16,2020-03-16,Electrical Permit,Commercial,Commercial,Repair,Final,,1.0,1.0,4,78752.0,,,James M G Electrical Services,2020,2020,No
2020-03-16,2020-03-12,Electrical Permit,Commercial,Sign Permit,Freestanding,Expired,,,,8,78735.0,30.25596029,-97.8682549,,2020,2020,No
2020-03-16,2020-03-12,Plumbing Permit,Residential,Residential,Irrigation,Final,,,,1,78754.0,30.35885804,-97.66561511,,2020,2020,No
2020-03-13,2019-12-03,Driveway / Sidewalks,Residential,Res. Driveway & Sidewalk,New,Final,,,,1,78754.0,30.35585257,-97.65983738,D R Horton Homes,2020,2020,No
2020-03-13,2020-03-11,Electrical Permit,Residential,Residential,Auxiliary Power,Final,,1.0,1.0,1,78724.0,30.29725021,-97.64591097,Green Light Solar Llc,2020,2020,No
2020-03-13,2019-08-30,Plumbing Permit,Residential,R- 330  Accessory Use to Primary,New,Final,,1.0,1.0,10,78731.0,30.33752344,-97.76133293,,2020,2020,No
2020-03-12,2020-02-13,Plumbing Permit,Residential,Residential,Repair,Final,,1.0,1.0,3,78741.0,,,Art G Plumbing,2020,2020,No
2020-03-12,2020-02-27,Plumbing Permit,Residential,Residential,Irrigation,Final,,,,Unknown,78728.0,30.4657251,-97.69036482,,2020,2020,No
2020-03-12,2020-03-12,Plumbing Permit,Residential,Residential,New,Final,,1.0,1.0,Unknown,78744.0,30.16791258,-97.69772444,Victory Plumbing Company,2020,2020,No
2020-03-11,2019-11-14,Plumbing Permit,Residential,Residential,Repair,Final,,1.0,1.0,3,78702.0,30.25758094,-97.69859701,,2020,2020,No
2020-03-11,2020-03-10,Electrical Permit,Residential,Residential,Repair,Final,,1.0,1.0,2,78744.0,,,"In Charge Electrical Services, Llc",2020,2020,No
2020-03-11,2019-08-29,Plumbing Permit,Residential,Residential,Irrigation,Final,,,,8,78736.0,30.24530834,-97.8942516,,2020,2020,No
2020-03-11,2020-02-19,Plumbing Permit,Residential,Residential,Repair,Final,,2.0,1.0,5,78704.0,30.24932769,-97.78205586,La Sabana Llc,2020,2020,No
2020-03-11,2020-03-11,Plumbing Permit,Residential,Residential,Irrigation,Final,,,,1,78722.0,30.28461952,-97.71025011,,2020,2020,No
2020-03-10,2020-03-09,Plumbing Permit,Residential,Residential,Irrigation,Final,,,,1,78660.0,30.3901612,-97.61637951,,2020,2020,No
2020-03-10,2019-12-26,Plumbing Permit,Residential,Residential,Irrigation,Final,,,,6,78717.0,30.4774963,-97.76874144,,2020,2020,No
2020-03-10,2020-03-10,Plumbing Permit,Residential,Residential,Irrigation,Final,,,,9,78705.0,30.30069832,-97.73646315,,2020,2020,No
2020-03-10,2019-02-27,Plumbing Permit,Residential,Residential,Irrigation,Final,,,,1,78754.0,30.35839062,-97.66363948,,2020,2020,No
2020-03-10,2018-11-06,Mechanical Permit,Commercial,C- 105 Five or More Family Bldgs,New,Final,,6.0,2.0,5,78748.0,,,"Guevara Ac Company, Llc",2020,2020,No
2020-03-10,2020-03-05,Plumbing Permit,Residential,Residential,Irrigation,Final,,,,Unknown,78728.0,30.46292376,-97.67976107,,2020,2020,No
2020-03-10,2020-03-10,Electrical Permit,Commercial,Sign Permit,Wall,Final,,,,10,78726.0,,,,2020,2020,No
2020-03-10,2019-02-27,Plumbing Permit,Residential,Residential,Irrigation,Final,,,,1,78754.0,30.35840703,-97.66350265,,2020,2020,No
2020-03-09,2020-03-02,Electrical Permit,Residential,Residential,Repair,Final,,1.0,1.0,2,78617.0,,,Allen Bebee Electric,2020,2020,No
2020-03-09,2020-03-09,Electrical Permit,Commercial,Commercial,Repair,Final,,1.0,1.0,5,78704.0,,,Texas Goodlight Electric,2020,2020,No
2020-03-09,2020-03-04,Electrical Permit,Residential,Residential,Repair,Final,,1.0,1.0,Unknown,78660.0,,,Allen Bebee Electric,2020,2020,No
2020-03-09,2020-03-02,Electrical Permit,Residential,Residential,Repair,Final,,1.0,1.0,2,78617.0,,,Allen Bebee Electric,2020,2020,No
2020-03-09,2020-03-09,Plumbing Permit,Residential,Residential,Repair,Final,,1.0,1.0,10,78759.0,30.40387798,-97.76118724,,2020,2020,No
2020-03-09,2020-03-02,Electrical Permit,Residential,Residential,Repair,Final,,1.0,1.0,2,78617.0,,,Allen Bebee Electric,2020,2020,No
2020-03-06,2020-01-17,Plumbing Permit,Residential,Residential,Repair,Final,,1.0,1.0,3,78721.0,30.25890549,-97.68813097,Xenon'S & More Plumbing,2020,2020,No
2020-03-06,2020-03-05,Plumbing Permit,Residential,Residential,Irrigation,Final,,,,Unknown,78660.0,30.44268218,-97.65796176,,2020,2020,No
2020-03-06,2020-03-05,Electrical Permit,Commercial,Commercial,Repair,Expired,,1.0,1.0,9,78701.0,30.27175094,-97.73809103,Facility Solutions Group,2020,2020,No
2020-03-06,2019-08-30,Plumbing Permit,Residential,Residential,Irrigation,Final,,,,1,78660.0,30.39697007,-97.61307825,,2020,2020,No
2020-03-05,2020-03-03,Plumbing Permit,Commercial,Commercial,Irrigation,Final,,,,7,78758.0,30.40381391,-97.71909614,,2020,2020,No
2020-03-05,2020-02-21,Electrical Permit,Residential,Residential,Repair,Final,,1.0,1.0,2,78744.0,30.15978656,-97.72625374,"In Charge Electrical Services, Llc",2020,2020,No
2020-03-04,2020-03-04,Electrical Permit,Commercial,Sign Permit,Wall,Final,,,,4,78753.0,,,,2020,2020,No
2020-03-04,2019-04-12,Plumbing Permit,Commercial,Commercial,Irrigation,Final,,,,5,78745.0,30.2040814,-97.807252,,2020,2020,No
2020-03-04,2019-10-21,Plumbing Permit,Residential,R- 329 Res Structures Other Than Bldg,New,Final,,1.0,0.0,9,78704.0,30.2423677,-97.73910877,Buffy'S Plumbing,2020,2020,No
2020-03-04,2019-09-04,Building Permit,Residential,R- 330  Accessory Use to Primary,New,Expired,0.0,1.0,1.0,4,78723.0,,,,2020,2020,No
2020-03-03,2020-03-02,Electrical Permit,Commercial,Commercial,Repair,Final,,1.0,1.0,3,78702.0,,,M & C Electric Inc,2020,2020,No
2020-03-03,2020-03-03,Electrical Permit,Commercial,Commercial,Repair,Final,,1.0,1.0,7,78727.0,,,Abc Electrical Service,2020,2020,No
2020-03-03,2019-11-01,Plumbing Permit,Residential,Residential,Irrigation,Final,,,,7,78753.0,30.40723698,-97.64647494,,2020,2020,No
2020-03-02,2018-05-03,Electrical Permit,Commercial,C- 329 Com Structures Other Than Bldg,New,Final,,0.0,1.0,2,78617.0,,,,2020,2020,No
2020-03-02,2020-02-25,Electrical Permit,Commercial,Sign Permit,Freestanding,Final,,,,6,78727.0,,,,2020,2020,No
2020-03-02,2020-02-07,Plumbing Permit,Commercial,C-1000 Commercial Remodel,Remodel,Final,,1.0,20.0,9,78701.0,,,D3 Mechanical Llc,2020,2020,No
2020-03-02,2018-07-27,Plumbing Permit,Residential,Residential,Irrigation,Final,,,,5,78704.0,,,,2020,2020,No
2020-03-02,2020-01-27,Mechanical Permit,Residential,Residential,Repair,Final,,1.0,1.0,2,78617.0,,,Air Conductors Llc,2020,2020,No
2020-03-02,2020-03-02,Plumbing Permit,Residential,Residential,Repair,Expired,,1.0,1.0,10,78731.0,30.34631324,-97.75419829,Austin Plumbery,2020,2020,No
2020-02-29,2020-02-26,Plumbing Permit,Residential,Residential,Irrigation,Final,,,,1,78724.0,30.30433221,-97.62472977,,2020,2020,No
2020-02-28,2020-02-28,Electrical Permit,Commercial,Sign Permit,Projecting,Expired,,,,7,78758.0,30.40168382,-97.72673719,,2020,2020,No
2020-02-28,2020-02-18,Plumbing Permit,Commercial,C-1000 Commercial Remodel,Remodel,Final,,1.0,5.0,7,78758.0,,,Cedar Park Plumbing Heating & Air Inc,2020,2020,No
2020-02-28,2020-01-28,Electrical Permit,Commercial,C-1000 Commercial Remodel,Remodel,Final,,1.0,1.0,7,78753.0,,,"Rose Electric, Inc.",2020,2020,No
2020-02-28,2019-07-09,Plumbing Permit,Residential,Residential,Irrigation,Final,,,,2,78617.0,30.14755082,-97.59703657,,2020,2020,No
2020-02-28,2019-10-01,Plumbing Permit,Residential,Residential,Irrigation,Final,,,,2,78744.0,30.15996998,-97.72756227,,2020,2020,No
2020-02-27,2020-02-27,Electrical Permit,Residential,Residential,Repair,Final,,1.0,1.0,Unknown,78660.0,,,Med-Tex Electric,2020,2020,No
2020-02-27,2016-06-08,Plumbing Permit,Residential,Residential,Irrigation,Final,,,,9,78751.0,30.31139665,-97.72925207,,2020,2020,No
2020-02-27,2020-02-21,Plumbing Permit,Residential,Residential,Change Out,Expired,,,,7,78757.0,30.36713208,-97.73573687,,2020,2020,No
2020-02-26,2019-10-09,Electrical Permit,Residential,R- 102 Secondary Apartment,New,Final,,1.0,2.0,4,78723.0,,,Aei Electric Llc,2020,2020,No
2020-02-26,2019-10-09,Electrical Permit,Residential,R- 102 Secondary Apartment,New,Final,,1.0,2.0,4,78723.0,,,Aei Electric Llc,2020,2020,No
2020-02-26,2020-02-25,Electrical Permit,Residential,Residential,Repair,Final,,1.0,1.0,10,78732.0,,,"In Charge Electrical Services, Llc",2020,2020,No
2020-02-26,2020-02-26,Plumbing Permit,Residential,Residential,New,Final,,1.0,1.0,Unknown,78652.0,30.13726528,-97.84793632,"Accent Plumbing, Inc.",2020,2020,No
2020-02-25,2019-02-27,Plumbing Permit,Residential,Residential,Irrigation,Final,,,,1,78754.0,30.35836701,-97.6640905,,2020,2020,No
2020-02-25,2020-02-25,Electrical Permit,Residential,Residential,Upgrade,Final,,1.0,1.0,Unknown,78724.0,30.24943341,-97.58672039,Frank'S Electric,2020,2020,No
2020-02-25,2020-02-19,Plumbing Permit,Residential,Residential,Irrigation,Final,,,,5,78748.0,30.16378645,-97.82021531,,2020,2020,No
2020-02-25,2020-02-24,Plumbing Permit,Commercial,Commercial,Irrigation,Expired,,,,1,78753.0,,,,2020,2020,No
2020-02-24,2020-02-20,Plumbing Permit,Residential,Residential,Irrigation,Final,,,,8,78739.0,30.1698338,-97.8916682,,2020,2020,No
2020-02-24,2020-02-21,Plumbing Permit,Residential,Residential,New,Final,,1.0,1.0,Unknown,78748.0,30.14924572,-97.83679281,Ies Residential Inc,2020,2020,No
2020-02-24,2020-02-24,Plumbing Permit,Residential,Residential,New,Final,,1.0,1.0,Unknown,78748.0,30.14583392,-97.83671637,Victory Plumbing Company,2020,2020,No
2020-02-24,2018-12-21,Plumbing Permit,Residential,Residential,Irrigation,Final,,,,8,78652.0,30.16840746,-97.91941829,,2020,2020,No
2020-02-24,2020-02-21,Electrical Permit,Residential,Residential,New,Final,,1.0,1.0,Unknown,78725.0,30.23304758,-97.58280261,"Ies Residential, Inc.",2020,2020,No
2020-02-24,2019-04-18,Plumbing Permit,Residential,Residential,Irrigation,Final,,,,8,78652.0,30.17030319,-97.91975393,,2020,2020,No
2020-02-21,2020-02-20,Plumbing Permit,Residential,Residential,Change Out,Final,,,,10,78731.0,30.34711588,-97.75869249,,2020,2020,No
2020-02-21,2020-02-21,Electrical Permit,Commercial,Sign Permit,Wall,Final,,,,7,78758.0,,,,2020,2020,No
2020-02-21,2019-10-09,Building Permit,Residential,R-2001 Relocation Residential,Relocation,Final,0.0,1.0,1.0,5,78704.0,30.25611515,-97.76785446,,2020,2020,No
2020-02-20,2019-04-08,Plumbing Permit,Residential,Residential,Irrigation,Final,,,,1,78724.0,30.2938713,-97.64138718,,2020,2020,No
2020-02-20,2019-06-03,Plumbing Permit,Residential,Residential,Irrigation,Final,,,,1,78724.0,30.29250058,-97.64107678,,2020,2020,No
2020-02-20,2019-06-10,Plumbing Permit,Residential,Residential,Irrigation,Final,,,,10,78726.0,30.43489471,-97.84169238,,2020,2020,No
2020-02-20,2020-02-19,Plumbing Permit,Residential,Residential,Irrigation,Final,,,,9,78705.0,30.29831523,-97.73775705,,2020,2020,No
2020-02-20,2020-02-14,Plumbing Permit,Residential,Residential,Irrigation,Final,,,,1,78724.0,30.29232375,-97.64208641,,2020,2020,No
2020-02-20,2020-02-19,Electrical Permit,Commercial,Commercial,Repair,Expired,,1.0,1.0,3,78741.0,,,,2020,2020,No
2020-02-20,2018-06-08,Electrical Permit,Commercial,Commercial,Repair,Final,,1.0,1.0,3,78721.0,,,Ari-Tex Electric Inc.,2020,2020,No
2020-02-19,2018-11-02,Plumbing Permit,Residential,Residential,Irrigation,Final,,,,9,78723.0,30.29479729,-97.69531173,,2020,2020,No
2020-02-19,2020-01-08,Plumbing Permit,Residential,R- 101 Single Family Houses,New,Final,,1.0,1.0,2,78744.0,,,Victory Plumbing Company,2020,2020,No
2020-02-18,2020-02-18,Electrical Permit,Residential,Residential,New,Final,,1.0,1.0,Unknown,78660.0,,,Med-Tex Electric,2020,2020,No
2020-02-18,2019-10-29,Plumbing Permit,Residential,Residential,Irrigation,Final,,,,2,78744.0,,,,2020,2020,No
2020-02-14,2019-11-27,Plumbing Permit,Residential,Residential,Repair,Final,,1.0,1.0,4,78751.0,,,,2020,2020,No
2020-02-14,2019-08-22,Driveway / Sidewalks,Residential,Res. Driveway & Sidewalk,New,Final,,,,1,78754.0,,,D R Horton Homes,2020,2020,No
2020-02-14,2020-02-13,Electrical Permit,Residential,Residential,Repair,Final,,1.0,1.0,2,78744.0,30.14828961,-97.71921245,"In Charge Electrical Services, Llc",2020,2020,No
2020-02-14,2019-08-22,Driveway / Sidewalks,Residential,Res. Driveway & Sidewalk,New,Final,,,,1,78754.0,,,D R Horton Homes,2020,2020,No
2020-02-14,2019-09-17,Plumbing Permit,Residential,Residential,Irrigation,Final,,,,1,78723.0,30.29419684,-97.67397577,,2020,2020,No
2020-02-13,2020-02-13,Plumbing Permit,Residential,Residential,New,Final,,1.0,1.0,Unknown,78728.0,30.46240275,-97.67877213,Victory Plumbing Company,2020,2020,No
2020-02-13,2020-02-13,Electrical Permit,Commercial,Sign Permit,Wall,Final,,,,5,78745.0,30.20656318,-97.81288674,,2020,2020,No
2020-02-13,2020-02-13,Plumbing Permit,Residential,Residential,New,Final,,1.0,1.0,Unknown,78748.0,30.14545342,-97.83709011,Victory Plumbing Company,2020,2020,No
2020-02-13,2020-02-13,Electrical Permit,Residential,Residential,Repair,Final,,1.0,1.0,3,78702.0,,,Aj&A Electric,2020,2020,No
2020-02-12,2020-02-11,Plumbing Permit,Residential,Residential,Change Out,Final,,,,2,78747.0,30.13806039,-97.76864586,,2020,2020,No
2020-02-12,2020-02-12,Plumbing Permit,Residential,Residential,Irrigation,Final,,,,7,78660.0,30.43706537,-97.65516892,,2020,2020,No
2020-02-12,2020-02-12,Plumbing Permit,Residential,Residential,Irrigation,Final,,,,8,78746.0,30.28847597,-97.78954297,,2020,2020,No
2020-02-12,2020-02-11,Electrical Permit,Residential,Residential,Auxiliary Power,Final,,1.0,1.0,5,78745.0,30.2040814,-97.807252,Horus Partners,2020,2020,No
2020-02-12,2020-02-12,Electrical Permit,Commercial,Sign Permit,Wall,Final,,,,8,78746.0,,,,2020,2020,No
2020-02-12,2017-01-17,Plumbing Permit,Commercial,C- 105 Five or More Family Bldgs,New,Final,,48.0,4.0,1,78754.0,,,,2020,2020,No
2020-02-11,2019-11-04,Mechanical Permit,Residential,R- 101 Single Family Houses,New,Final,,1.0,2.0,8,78652.0,30.17230303,-97.92342634,,2020,2020,No
2020-02-11,2018-12-21,Driveway / Sidewalks,Residential,Res. Driveway & Sidewalk,New,Final,,,,8,78652.0,30.16840746,-97.91941829,Calatlantic Homes,2020,2020,No
2020-02-11,2020-02-11,Plumbing Permit,Residential,Residential,Repair,Final,,1.0,0.0,7,78757.0,30.33594747,-97.73500383,"Clarke Kent Plumbing, Inc.",2020,2020,No
2020-02-11,2020-02-11,Electrical Permit,Commercial,Commercial,Repair,Expired,,1.0,1.0,4,78723.0,,,Goodson Contracting & Services Llc,2020,2020,No
2020-02-11,2020-02-10,Plumbing Permit,Residential,Residential,Irrigation,Final,,,,5,78748.0,30.16324983,-97.81879867,,2020,2020,No
2020-02-11,2020-01-31,Building Permit,Commercial,C-1000 Commercial Remodel,Remodel,Expired,,1.0,1.0,7,78758.0,,,,2020,2020,No
2020-02-10,2020-02-07,Plumbing Permit,Residential,Residential,New,Final,,1.0,1.0,Unknown,78748.0,,,Ies Residential Inc,2020,2020,No
2020-02-10,2020-02-10,Electrical Permit,Commercial,Commercial,Repair,Final,,1.0,1.0,3,78721.0,,,,2020,2020,No
2020-02-10,2019-02-06,Plumbing Permit,Residential,Residential,Irrigation,Final,,,,5,78704.0,30.25313245,-97.77081026,,2020,2020,No
2020-02-10,2020-02-07,Mechanical Permit,Residential,Residential,Change Out,Final,,,,7,78727.0,30.41636303,-97.72486779,The Roberts Services,2020,2020,No
2020-02-07,2020-02-07,Plumbing Permit,Residential,Residential,Repair,Final,,1.0,1.0,Unknown,78724.0,30.31990041,-97.62268857,Wallin Services Inc,2020,2020,No
2020-02-07,2020-02-06,Plumbing Permit,Residential,Residential,Irrigation,Final,,,,1,78724.0,30.3201723,-97.65630834,,2020,2020,No
2020-02-07,2019-08-09,Driveway / Sidewalks,Residential,Res. Driveway,New,Final,,,,3,78704.0,,,,2020,2020,No
2020-02-06,2020-02-05,Electrical Permit,Residential,Residential,New,Final,,1.0,1.0,Unknown,78725.0,30.23249665,-97.58314772,"Ies Residential, Inc.",2020,2020,No
2020-02-05,2020-02-05,Electrical Permit,Residential,Residential,New,Final,,1.0,1.0,Unknown,78660.0,,,Allen Bebee Electric,2020,2020,No
2020-02-05,2020-01-24,Electrical Permit,Residential,Residential,Upgrade,Final,,1.0,1.0,1,78702.0,30.26669823,-97.73021059,Sunvison Electric,2020,2020,No
2020-02-04,2020-01-31,Plumbing Permit,Residential,Residential,Irrigation,Final,,,,6,78717.0,30.500805,-97.74704689,,2020,2020,No
2020-02-04,2020-01-31,Plumbing Permit,Residential,Residential,Irrigation,Final,,,,Unknown,78728.0,30.46225489,-97.67747448,,2020,2020,No
2020-02-04,2020-01-31,Plumbing Permit,Residential,Residential,Irrigation,Final,,,,Unknown,78728.0,30.46286837,-97.67801319,,2020,2020,No
2020-02-03,2019-12-05,Mechanical Permit,Commercial,C-1000 Commercial Remodel,Remodel,Final,,1.0,1.0,9,78701.0,,,Vertex Mechanical Llc,2020,2020,No
2020-02-03,2020-02-03,Plumbing Permit,Residential,Residential,Irrigation,Final,,,,10,78703.0,30.29348866,-97.76507671,,2020,2020,No
2020-02-03,2019-12-05,Mechanical Permit,Commercial,C-1000 Commercial Remodel,Remodel,Final,,1.0,1.0,9,78701.0,,,Vertex Mechanical Llc,2020,2020,No
2020-01-31,2020-01-31,Electrical Permit,Residential,Residential,Repair,Final,,1.0,1.0,Unknown,78660.0,,,Med-Tex Electric,2020,2020,No
2020-01-31,2020-01-30,Plumbing Permit,Residential,Residential,Change Out,Final,,,,1,78753.0,30.37728113,-97.66513083,Plumb Masters Llc,2020,2020,No
2020-01-31,2020-01-31,Plumbing Permit,Commercial,Commercial,Change Out,Final,,,,9,78705.0,,,,2020,2020,No
2020-01-31,2019-08-29,Driveway / Sidewalks,Residential,Res. Driveway & Sidewalk,New,Final,,,,1,78754.0,,,D R Horton Homes,2020,2020,No
2020-01-31,2020-01-31,Electrical Permit,Residential,Residential,Repair,Final,,1.0,1.0,Unknown,78660.0,,,Med-Tex Electric,2020,2020,No
2020-01-31,2020-01-31,Mechanical Permit,Commercial,Commercial,Change Out,Expired,,,,4,78752.0,,,"Beyer Mechanical & Plumbing, Inc.***Main***",2020,2020,No
2020-01-30,2020-01-30,Electrical Permit,Residential,Residential,New,Final,,1.0,1.0,Unknown,78738.0,,,"In Charge Electrical Services, Llc",2020,2020,No
2020-01-30,2019-02-06,Driveway / Sidewalks,Residential,"Res. Driveway, Curb, Gutter",New,Final,,,,Unknown,,,,,2020,2020,No
2020-01-30,2020-01-29,Electrical Permit,Residential,Residential,Repair,Final,,1.0,1.0,Unknown,78660.0,,,Easton Electric Llc,2020,2020,No
2020-01-30,2019-06-21,Plumbing Permit,Residential,Residential,Irrigation,Final,,,,1,78754.0,30.35745655,-97.66567291,,2020,2020,No
2020-01-29,2019-11-13,Plumbing Permit,Residential,R- 102 Secondary Apartment,New,Final,,1.0,2.0,5,78704.0,30.24557076,-97.77185672,Black Diamond Plumbing,2020,2020,No
2020-01-29,2017-06-23,Plumbing Permit,Commercial,C-1001 Commercial Finish Out,Remodel,Final,,16.0,1.0,9,78701.0,,,"Mres Texas Construction, Llc.",2020,2020,No
2020-01-29,2020-01-29,Electrical Permit,Commercial,Sign Permit,Wall,Final,,,,5,78745.0,30.20656318,-97.81288674,,2020,2020,No
2020-01-29,2019-04-08,Driveway / Sidewalks,Residential,Res. Driveway & Sidewalk,New,Final,,,,1,78754.0,30.35315305,-97.60673432,Lennar Homes Of Texas***Main***,2020,2020,No
2020-01-29,2020-01-29,Electrical Permit,Commercial,Sign Permit,Wall,Final,,,,7,78757.0,,,,2020,2020,No
2020-01-28,2020-01-24,Plumbing Permit,Residential,Residential,Change Out,Final,,,,Unknown,78738.0,30.31863603,-97.9201426,,2020,2020,No
2020-01-28,2020-01-27,Plumbing Permit,Residential,Residential,Change Out,Final,,,,5,78745.0,30.20474529,-97.81862418,,2020,2020,No
2020-01-28,2020-01-28,Electrical Permit,Commercial,Sign Permit,Wall,Expired,,,,5,78744.0,,,,2020,2020,No
2020-01-28,2019-10-22,Mechanical Permit,Commercial,C-1000 Commercial Remodel,Remodel,Final,,0.0,1.0,1,78754.0,,,Dynamic Systems Inc,2020,2020,No
2020-01-28,2017-02-16,Building Permit,Commercial,C-1000 Commercial Remodel,Remodel,Final,,1.0,12.0,9,78701.0,30.26309809,-97.74405836,,2020,2020,No
2020-01-27,2019-05-13,Plumbing Permit,Commercial,"C- 324 Office, Bank & Professional Bldgs",New,Final,,2.0,2.0,2,78744.0,,,"Triad Phc, Llc",2020,2020,No
2020-01-27,2020-01-21,Electrical Permit,Residential,Residential,Repair,Final,,1.0,1.0,2,78744.0,30.20409555,-97.6960945,"In Charge Electrical Services, Llc",2020,2020,No
2020-01-24,2020-01-17,Plumbing Permit,Residential,Residential,Change Out,Final,,,,8,78748.0,30.15871344,-97.85540139,,2020,2020,No
2020-01-24,2020-01-24,Plumbing Permit,Residential,Residential,New,Final,,1.0,1.0,Unknown,78748.0,,,Ies Residential Inc,2020,2020,No
2020-01-24,2020-01-21,Mechanical Permit,Residential,Residential,Change Out,Expired,,,,10,78703.0,30.29501842,-97.76881392,,2020,2020,No
2020-01-24,2016-08-10,Plumbing Permit,Commercial,Commercial,Irrigation,Final,,,,8,78749.0,30.22086455,-97.83308588,,2020,2020,No
2020-01-23,2019-07-23,Plumbing Permit,Residential,Residential,Irrigation,Final,,,,1,78660.0,30.38905202,-97.61595392,,2020,2020,No
2020-01-23,2020-01-22,Mechanical Permit,Commercial,Commercial,Change Out,Expired,,,,3,78702.0,30.27269949,-97.70126436,American Conservation & Air,2020,2020,No
2020-01-23,2020-01-22,Plumbing Permit,Residential,Residential,Irrigation,Final,,,,2,78744.0,30.20207416,-97.69489895,,2020,2020,No
2020-01-23,2019-07-09,Plumbing Permit,Residential,Residential,Repair,Final,,1.0,1.0,1,78702.0,30.26774477,-97.72703286,Avery Building Company,2020,2020,No
2020-01-22,2016-03-18,Plumbing Permit,Commercial,Commercial,Irrigation,Final,,,,9,78703.0,30.28415733,-97.76167425,,2020,2020,No
2020-01-22,2020-01-21,Driveway / Sidewalks,Residential,Res. Driveway,New,Expired,,,,6,78750.0,30.45181332,-97.79265626,,2020,2020,No
2020-01-22,2020-01-21,Electrical Permit,Residential,Residential,Repair,Expired,,1.0,1.0,8,78652.0,30.16888456,-97.91773834,"In Charge Electrical Services, Llc",2020,2020,No
2020-01-21,2020-01-21,Plumbing Permit,Commercial,Commercial,Fireline,VOID,,,,1,78721.0,30.28539673,-97.68372246,"Jsp Construction Investment, Llc",2020,2020,No
2020-01-21,2019-06-27,Plumbing Permit,Commercial,C- 105 Five or More Family Bldgs,New,Final,,8.0,2.0,5,78745.0,30.1929497,-97.83113614,,2020,2020,No
2020-01-21,2020-01-14,Mechanical Permit,Commercial,C-1000 Commercial Remodel,Remodel,Final,,1.0,1.0,4,78723.0,30.31928925,-97.70065924,Braun Air Llc,2020,2020,No
2020-01-21,2020-01-17,Plumbing Permit,Residential,Residential,Repair,Final,,1.0,1.0,9,78751.0,,,"Clarke Kent Plumbing, Inc.",2020,2020,No
2020-01-20,2020-01-15,Electrical Permit,Residential,Residential,Repair,Final,,1.0,1.0,10,78731.0,30.33644208,-97.7672118,Harper'S Electric Llc,2020,2020,No
2020-01-20,2020-01-14,Electrical Permit,Residential,Residential,Repair,Final,,1.0,1.0,1,78721.0,30.28311351,-97.68343653,Horus Partners,2020,2020,No
2020-01-17,2019-05-20,Plumbing Permit,Residential,Residential,Irrigation,Final,,,,1,78660.0,30.38718609,-97.61680915,,2020,2020,No
2020-01-17,2020-01-15,Plumbing Permit,Residential,Residential,Repair,Final,,1.0,1.0,10,78731.0,30.33134337,-97.75886292,Service Wizard,2020,2020,No
2020-01-16,2020-01-15,Plumbing Permit,Residential,Residential,Repair,Final,,0.0,0.0,9,78741.0,30.23933322,-97.734724,Johnny Rooter Plumbing Inc,2020,2020,No
2020-01-16,2020-01-15,Electrical Permit,Commercial,Sign Permit,Wall,Final,,,,7,78660.0,,,,2020,2020,No
2020-01-16,2020-01-16,Electrical Permit,Residential,Residential,Repair,Final,,1.0,1.0,Unknown,78660.0,,,Allen Bebee Electric,2020,2020,No
2020-01-16,2019-12-17,Driveway / Sidewalks,Commercial,Com. Sidewalk,New,Expired,,,,Unknown,,,,,2020,2020,No
2020-01-15,2020-01-09,Electrical Permit,Commercial,Sign Permit,Wall,Final,,,,2,78744.0,,,,2020,2020,No
2020-01-15,2020-01-09,Electrical Permit,Commercial,Sign Permit,Wall,Final,,,,2,78744.0,,,,2020,2020,No
2020-01-15,2020-01-09,Electrical Permit,Commercial,Sign Permit,Wall,Final,,,,2,78744.0,,,,2020,2020,No
2020-01-15,2020-01-14,Plumbing Permit,Residential,Residential,Irrigation,Final,,,,Unknown,78728.0,30.46186007,-97.67912998,,2020,2020,No
2020-01-15,2020-01-15,Plumbing Permit,Residential,Residential,Change Out,Final,,,,2,78744.0,30.17815141,-97.75195025,Priscilla Plumbing Company,2020,2020,No
2020-01-15,2020-01-15,Electrical Permit,Commercial,Sign Permit,Wall,Final,,,,10,78756.0,30.3105589,-97.7401602,,2020,2020,No
2020-01-15,2020-01-14,Plumbing Permit,Residential,Residential,Irrigation,Final,,,,Unknown,78728.0,,,,2020,2020,No
2020-01-14,2020-01-09,Plumbing Permit,Residential,Residential,Irrigation,Final,,,,1,78724.0,30.30542953,-97.62589717,,2020,2020,No
2020-01-14,2020-01-10,Electrical Permit,Residential,Residential,Auxiliary Power,Final,,1.0,1.0,3,78741.0,30.22851637,-97.70092918,"Tesla Energy Operations, Inc.",2020,2020,No
2020-01-14,2019-06-21,Mechanical Permit,Commercial,C- 104 Three & Four Family Bldgs,New,Final,,4.0,4.0,10,78731.0,30.31384924,-97.75288184,,2020,2020,No
2020-01-14,2019-07-08,Plumbing Permit,Residential,Residential,Irrigation,Final,,,,1,78723.0,30.29369291,-97.67354911,,2020,2020,No
2020-01-13,2020-01-09,Plumbing Permit,Residential,Residential,Repair,Final,,0.0,1.0,7,78727.0,30.42647702,-97.71289565,Plumb Masters Llc,2020,2020,No
2020-01-13,2020-01-13,Electrical Permit,Residential,Residential,Upgrade,Final,,1.0,1.0,2,78744.0,30.19925176,-97.75303925,,2020,2020,No
2020-01-10,2020-01-10,Electrical Permit,Commercial,Sign Permit,Wall,Expired,,,,2,78745.0,30.20094179,-97.77572503,,2020,2020,No
2020-01-10,2018-07-17,Plumbing Permit,Commercial,Commercial,Irrigation,Final,,,,2,78617.0,,,Journeyman Construction,2020,2020,No
2020-01-10,2019-09-12,Plumbing Permit,Commercial,C-1000 Commercial Remodel,Remodel,Final,,1.0,1.0,9,78701.0,,,Plumber Near Me Llc,2020,2020,No
2020-01-10,2020-01-09,Plumbing Permit,Residential,Residential,Irrigation,Final,,,,6,78717.0,30.50104899,-97.78221326,,2020,2020,No
2020-01-10,2020-01-09,Mechanical Permit,Residential,Residential,Repair,Final,,1.0,1.0,3,78741.0,30.23209413,-97.7168807,,2020,2020,No
2020-01-09,2019-12-30,Building Permit,Commercial,C- 329 Com Structures Other Than Bldg,New,Expired,200000.0,1.0,1.0,4,78752.0,,,Strata Landscape,2020,2020,Yes
2020-01-09,2019-10-04,Plumbing Permit,Residential,R- 102 Secondary Apartment,New,Final,,1.0,1.0,5,78745.0,30.22243027,-97.77739509,L & M Plumbing & Remodeling,2020,2020,No
2020-01-09,2020-01-03,Mechanical Permit,Residential,Residential,Change Out,VOID,,,,9,78722.0,,,American Residential Services (Ars),2020,2020,No
2020-01-09,2019-04-15,Plumbing Permit,Residential,Residential,Irrigation,Final,,,,1,78754.0,30.35157789,-97.60832647,,2020,2020,No
2020-01-09,2019-06-05,Plumbing Permit,Residential,Residential,Irrigation,Final,,,,6,78717.0,30.47624793,-97.78311771,,2020,2020,No
2020-01-09,2019-12-23,Electrical Permit,Commercial,Sign Permit,Wall,Expired,,,,8,78737.0,,,,2020,2020,No
2020-01-08,2019-06-26,Plumbing Permit,Residential,Residential,Irrigation,Final,,,,7,78660.0,30.44060501,-97.66136509,,2020,2020,No
2020-01-08,2019-05-07,Plumbing Permit,Residential,Residential,Irrigation,Final,,,,2,78747.0,30.1351537,-97.763866,,2020,2020,No
2020-01-07,2020-01-06,Electrical Permit,Residential,Residential,Auxiliary Power,Final,,1.0,1.0,6,78717.0,30.50864368,-97.74746531,,2020,2020,No
2020-01-07,2020-01-06,Electrical Permit,Residential,Residential,Repair,Final,,1.0,1.0,1,78754.0,30.37849672,-97.60097385,"In Charge Electrical Services, Llc",2020,2020,No
2020-01-07,2020-01-06,Plumbing Permit,Residential,Residential,Repair,Final,,1.0,0.0,6,78717.0,30.49964428,-97.79154377,Plumb Masters Llc,2020,2020,No
2020-01-07,2019-12-23,Electrical Permit,Commercial,Sign Permit,Wall,Final,,,,6,78729.0,30.44393457,-97.7852108,,2020,2020,No
2020-01-06,2019-09-24,Plumbing Permit,Residential,Residential,Repair,Final,,1.0,1.0,10,78703.0,30.30360074,-97.75421137,"Accent Plumbing, Inc.",2020,2020,No
2020-01-06,2019-01-30,Mechanical Permit,Commercial,C-1001 Commercial Finish Out,Remodel,Final,,1.0,1.0,9,78701.0,,,City Wide Mechanical Inc.,2020,2020,No
2020-01-06,2020-01-06,Plumbing Permit,Residential,Residential,Repair,Expired,,1.0,1.0,6,78750.0,30.45489125,-97.7943402,,2020,2020,No
2020-01-06,2020-01-01,Plumbing Permit,Residential,Residential,Repair,Final,,1.0,1.0,7,78757.0,30.33703663,-97.74752131,Rbc,2020,2020,No
2020-01-06,2020-01-03,Plumbing Permit,Residential,Residential,Change Out,Final,,,,2,78745.0,30.20099719,-97.77932681,,2020,2020,No
2020-01-06,2019-02-28,Plumbing Permit,Residential,Residential,Irrigation,Final,,,,10,78726.0,30.43412549,-97.84287075,,2020,2020,No
2020-01-03,2020-01-03,Plumbing Permit,Residential,Residential,Repair,Final,,2.0,1.0,10,78730.0,30.37357678,-97.823211,"Clarke Kent Plumbing, Inc.",2020,2020,No
2020-01-03,2019-12-26,Plumbing Permit,Residential,Residential,Change Out,Final,,,,6,78750.0,30.45269992,-97.79409635,,2020,2020,No
2020-01-03,2020-01-03,Plumbing Permit,Residential,Residential,Irrigation,Final,,,,10,78726.0,30.43360849,-97.84230646,,2020,2020,No
2020-01-03,2020-01-02,Mechanical Permit,Residential,Residential,Change Out,Final,,,,2,78745.0,30.20491963,-97.79290206,Totally Cool,2020,2020,No
2020-01-02,2019-12-30,Electrical Permit,Residential,Residential,Repair,Final,,1.0,1.0,2,78744.0,,,"In Charge Electrical Services, Llc",2020,2020,No
2019-12-31,2019-12-30,Plumbing Permit,Residential,Residential,Irrigation,Final,,,,2,78744.0,30.1677798,-97.72494294,,2020,2019,No
2019-12-31,2019-12-12,Plumbing Permit,Residential,Residential,Repair,Final,,1.0,1.0,4,78751.0,30.31860639,-97.7197086,Mustang Plumbing,2020,2019,No
2019-12-31,2019-11-13,Electrical Permit,Residential,R- 101 Single Family Houses,New,Final,,1.0,2.0,2,78747.0,30.1549424,-97.75922885,"In Charge Electrical Services, Llc",2020,2019,No
2019-12-31,2019-12-26,Plumbing Permit,Residential,Residential,Repair,Final,,1.0,1.0,5,78748.0,30.15456432,-97.82987339,Christianson Plumbing,2020,2019,No
2019-12-30,2019-11-15,Electrical Permit,Commercial,C-1000 Commercial Remodel,Remodel,Final,,1.0,1.0,7,78753.0,,,Parker Electric,2020,2019,No
2019-12-30,2019-07-01,Plumbing Permit,Commercial,C-1000 Commercial Remodel,Remodel,Final,,1.0,1.0,3,78741.0,,,Nuflo Plumbing,2020,2019,No
2019-12-30,2019-11-15,Plumbing Permit,Commercial,C-1000 Commercial Remodel,Remodel,Final,,1.0,1.0,7,78753.0,,,Kilgore Industries,2020,2019,No
2019-12-27,2019-12-27,Plumbing Permit,Residential,Residential,Irrigation,Final,,,,7,78660.0,30.43768104,-97.65462172,,2020,2019,No
2019-12-27,2019-01-08,Electrical Permit,Residential,R- 102 Secondary Apartment,New,Final,,1.0,2.0,9,78704.0,,,Taylor Pc Repair,2020,2019,No
2019-12-27,2019-07-30,Plumbing Permit,Residential,Residential,Irrigation,Final,,,,1,78754.0,30.37794342,-97.60017743,,2020,2019,No
2019-12-26,2019-07-18,Plumbing Permit,Residential,Residential,Irrigation,Final,,,,1,78660.0,30.38857876,-97.61607512,,2020,2019,No
2019-12-24,2019-12-20,Mechanical Permit,Residential,Residential,Change Out,Expired,,,,5,78745.0,30.19003396,-97.82858078,,2020,2019,No
2019-12-23,2019-12-23,Electrical Permit,Commercial,Sign Permit,Wall,Final,,,,9,78722.0,30.29622061,-97.71765563,,2020,2019,No
2019-12-23,2019-09-27,Plumbing Permit,Residential,Residential,Irrigation,Final,,,,6,78717.0,30.47752875,-97.76926452,,2020,2019,No
2019-12-23,2019-09-30,Plumbing Permit,Residential,Residential,Irrigation,Final,,,,6,78717.0,30.47769612,-97.76883138,,2020,2019,No
2019-12-23,2019-12-19,Plumbing Permit,Residential,Residential,Irrigation,Final,,,,Unknown,78728.0,30.46305071,-97.67805261,,2020,2019,No
2019-12-20,2019-12-17,Electrical Permit,Residential,Residential,Repair,Final,,1.0,1.0,1,78754.0,30.35208189,-97.60292723,"Austin Lanehart Electric Co., Inc.",2020,2019,No
2019-12-20,2019-12-19,Electrical Permit,Residential,Residential,Repair,Expired,,1.0,1.0,5,78745.0,30.22047026,-97.77827036,"In Charge Electrical Services, Llc",2020,2019,No
2019-12-20,2019-12-20,Building Permit,Residential,R- 438 Residential Retaining Wall,New,Expired,0.0,,,Unknown,78704.0,,,Tcc Builders Llc,2020,2019,No
2019-12-20,2019-08-06,Plumbing Permit,Residential,Residential,Irrigation,Final,,,,7,78756.0,30.32492603,-97.7351009,,2020,2019,No
2019-12-18,2019-12-18,Plumbing Permit,Commercial,Commercial,Irrigation,Final,,,,1,78725.0,30.28439728,-97.66062493,,2020,2019,No
2019-12-18,2019-12-16,Plumbing Permit,Residential,Residential,Change Out,Final,,,,2,78748.0,30.17437364,-97.79505671,,2020,2019,No
2019-12-18,2019-12-17,Plumbing Permit,Residential,Residential,Change Out,Final,,,,5,78745.0,30.2033028,-97.81351958,Aaa Auger,2020,2019,No
2019-12-18,2019-12-17,Electrical Permit,Commercial,Sign Permit,Wall,Final,,,,7,78753.0,,,,2020,2019,No
2019-12-17,2019-12-11,Plumbing Permit,Residential,Residential,Change Out,VOID,,,,5,78748.0,30.17353946,-97.85494526,Fixed Repair Llc,2020,2019,No
2019-12-17,2019-12-16,Plumbing Permit,Residential,Residential,Change Out,Final,,,,5,78748.0,30.15849234,-97.80305371,Christianson Plumbing,2020,2019,No
2019-12-17,2019-12-17,Electrical Permit,Residential,Residential,Auxiliary Power,Final,,1.0,1.0,1,78721.0,,,Greenbelt Solar,2020,2019,No
2019-12-17,2018-09-19,Plumbing Permit,Residential,Residential,Irrigation,Final,,,,1,78721.0,30.28061791,-97.67502169,,2020,2019,No
2019-12-17,2019-12-17,Plumbing Permit,Residential,Residential,Irrigation,Expired,,,,1,78721.0,30.28075913,-97.67480231,,2020,2019,No
2019-12-17,2019-12-16,Electrical Permit,Commercial,Sign Permit,Freestanding,Expired,,,,6,78717.0,,,,2020,2019,No
2019-12-16,2019-11-22,Plumbing Permit,Residential,Residential,Repair,Final,,1.0,1.0,10,78731.0,30.35940422,-97.76403196,A Plus Pcs Plumbing Co,2020,2019,No
2019-12-13,2018-01-05,Electrical Permit,Residential,R- 102 Secondary Apartment,New,Final,,1.0,2.0,3,78702.0,30.25188557,-97.71620501,Frank'S Electric,2020,2019,No
2019-12-13,2017-02-10,Plumbing Permit,Residential,R- 101 Single Family Houses,New,Final,,1.0,2.0,10,78730.0,30.35660254,-97.84724773,C-Tech Plumbing Llc,2020,2019,No
2019-12-13,2019-12-11,Plumbing Permit,Residential,Residential,Irrigation,Final,,,,5,78748.0,30.18645382,-97.83706609,,2020,2019,No
2019-12-13,2019-12-13,Plumbing Permit,Residential,Residential,New,Final,,0.0,2.0,Unknown,78725.0,30.21719692,-97.63281668,,2020,2019,No
2019-12-12,2019-12-12,Plumbing Permit,Commercial,Commercial,Irrigation,Final,,,,5,78744.0,,,,2020,2019,No
2019-12-12,2019-12-06,Electrical Permit,Residential,Residential,Repair,Final,,1.0,1.0,Unknown,78738.0,,,Home Work Plus,2020,2019,No
2019-12-11,2019-12-11,Plumbing Permit,Residential,Residential,Change Out,Expired,,,,2,78745.0,30.1854203,-97.79000518,Priscilla Plumbing Company,2020,2019,No
2019-12-11,2019-12-09,Plumbing Permit,Residential,Residential,Change Out,Final,,,,9,78704.0,30.25521369,-97.75637508,,2020,2019,No
2019-12-11,2019-12-10,Plumbing Permit,Residential,Residential,Change Out,Final,,,,2,78747.0,30.15166295,-97.74580925,,2020,2019,No
2019-12-11,2019-12-09,Plumbing Permit,Residential,Residential,Change Out,Final,,,,8,78749.0,30.22148244,-97.87996881,,2020,2019,No
2019-12-11,2019-12-11,Electrical Permit,Commercial,Sign Permit,Wall,Final,,,,9,78701.0,30.26922738,-97.75299723,,2020,2019,No
2019-12-11,2019-06-20,Plumbing Permit,Residential,Residential,Irrigation,Final,,,,1,78660.0,30.38883596,-97.61484326,,2020,2019,No
2019-12-09,2019-07-10,Plumbing Permit,Residential,Residential,Irrigation,Final,,,,1,78724.0,30.30453666,-97.62555452,,2020,2019,No
2019-12-09,2018-12-28,Building Permit,Residential,R- 329 Res Structures Other Than Bldg,New,Final,50000.0,1.0,1.0,8,78746.0,,,Koch Construction **Main,2020,2019,Yes
2019-12-09,2019-06-20,Plumbing Permit,Residential,Residential,Irrigation,Final,,,,1,78660.0,30.38810353,-97.61532393,,2020,2019,No
2019-12-09,2019-12-06,Electrical Permit,Residential,Residential,Auxiliary Power,Final,,1.0,1.0,3,78704.0,,,,2020,2019,No
2019-12-09,2019-12-09,Electrical Permit,Commercial,Sign Permit,Wall,Final,,,,10,78726.0,,,,2020,2019,No
2019-12-09,2019-02-04,Driveway / Sidewalks,Residential,Res. Driveway,New,Final,,,,3,78702.0,,,"Cambridge Custom Homes, L.L.C.**Main**",2020,2019,No
2019-12-09,2019-12-06,Mechanical Permit,Residential,Residential,Repair,Final,,1.0,1.0,8,78749.0,30.20636955,-97.88196432,Green Collar Operations Llc.,2020,2019,No
2019-12-09,2019-07-10,Plumbing Permit,Residential,Residential,Irrigation,Final,,,,2,78617.0,30.14763099,-97.59204361,,2020,2019,No
2019-12-06,2019-06-25,Plumbing Permit,Residential,Residential,Irrigation,Final,,,,1,78660.0,30.38774948,-97.61561944,,2020,2019,No
2019-12-05,2019-12-04,Plumbing Permit,Commercial,Commercial,Change Out,Final,,,,4,78758.0,30.3738038,-97.7187836,Fairway Plumbing Llc,2020,2019,No
2019-12-05,2019-08-15,Plumbing Permit,Residential,Residential,Irrigation,Final,,,,1,78754.0,30.35144297,-97.60108056,,2020,2019,No
2019-12-05,2019-12-05,Plumbing Permit,Residential,Residential,Irrigation,Final,,,,8,78745.0,30.20388599,-97.83655233,,2020,2019,No
2019-12-05,2019-12-05,Electrical Permit,Commercial,Commercial,Repair,Final,,1.0,1.0,4,78751.0,30.31489559,-97.71307903,Lighthouse Electrical,2020,2019,No
2019-12-05,2019-11-04,Electrical Permit,Residential,Residential,Auxiliary Power,Final,,1.0,1.0,6,78717.0,30.49146285,-97.75296666,,2020,2019,No
2019-12-04,2019-11-05,Plumbing Permit,Commercial,Commercial,Irrigation,Final,,,,2,78744.0,30.15778488,-97.72277252,,2020,2019,No
2019-12-04,2019-12-02,Plumbing Permit,Residential,Residential,Irrigation,Final,,,,5,78704.0,30.25370875,-97.77432416,,2020,2019,No
2019-12-04,2019-10-08,Electrical Permit,Commercial,Commercial,Upgrade,Final,,1.0,1.0,9,78701.0,30.26808633,-97.73884859,,2020,2019,No
2019-12-04,2019-12-03,Driveway / Sidewalks,Residential,Res. Driveway,New,Final,,,,Unknown,,,,,2020,2019,No
2019-12-03,2019-12-02,Mechanical Permit,Residential,Residential,Change Out,Final,,,,4,78723.0,30.30963698,-97.67700232,,2020,2019,No
2019-12-03,2018-12-21,Plumbing Permit,Residential,Residential,Irrigation,Final,,,,2,78744.0,30.16781083,-97.72511619,,2020,2019,No
2019-12-03,2019-06-28,Plumbing Permit,Residential,Residential,Irrigation,Final,,,,1,78724.0,30.30501281,-97.62543973,,2020,2019,No
2019-12-03,2019-12-03,Electrical Permit,Residential,Residential,Repair,Final,,1.0,1.0,Unknown,78660.0,,,Allen Bebee Electric,2020,2019,No
2019-12-02,2019-11-27,Plumbing Permit,Residential,Residential,Irrigation,Final,,,,10,78703.0,30.29739595,-97.77369194,,2020,2019,No
2019-12-02,2019-11-27,Driveway / Sidewalks,Commercial,"Com. Curb, Gutter",Repair,Expired,,,,Unknown,,,,,2020,2019,No
2019-12-02,2018-05-18,Plumbing Permit,Commercial,Commercial,Irrigation,Final,,,,9,78704.0,,,,2020,2019,No
2019-11-27,2019-11-26,Plumbing Permit,Residential,Residential,Change Out,Expired,,,,4,78752.0,30.34147861,-97.70800644,,2020,2019,No
2019-11-27,2019-11-26,Electrical Permit,Commercial,Sign Permit,Wall,Expired,,,,Unknown,78747.0,,,,2020,2019,No
2019-11-27,2019-11-26,Plumbing Permit,Residential,Residential,Irrigation,Final,,,,7,78727.0,30.42456758,-97.72866997,,2020,2019,No
2019-11-26,2019-11-26,Electrical Permit,Commercial,Sign Permit,Wall,Final,,,,2,78744.0,,,,2020,2019,No
2019-11-26,2019-11-26,Electrical Permit,Commercial,Sign Permit,Wall,Final,,,,2,78744.0,,,,2020,2019,No
2019-11-25,2019-11-25,Plumbing Permit,Residential,Residential,Repair,Expired,,0.0,1.0,1,78724.0,30.27680424,-97.6312854,"Fidelis Plumbing, Inc",2020,2019,No
2019-11-25,2019-11-21,Plumbing Permit,Residential,Residential,Irrigation,Final,,,,1,78660.0,30.38858115,-97.61735677,,2020,2019,No
2019-11-25,2018-09-05,Plumbing Permit,Residential,Residential,Irrigation,Final,,,,3,78704.0,30.22786675,-97.76676151,,2020,2019,No
2019-11-25,2019-03-18,Plumbing Permit,Residential,Residential,Irrigation,Final,,,,10,78726.0,30.43681802,-97.84003661,,2020,2019,No
2019-11-22,2018-11-05,Plumbing Permit,Residential,Residential,Irrigation,Final,,,,10,78703.0,30.28878376,-97.76128161,,2020,2019,No
2019-11-22,2019-11-22,Plumbing Permit,Residential,Residential,Irrigation,Final,,,,Unknown,78652.0,30.12272992,-97.81794475,,2020,2019,No
2019-11-22,2019-04-15,Plumbing Permit,Residential,Residential,Irrigation,Final,,,,5,78748.0,30.1276212,-97.80740202,,2020,2019,No
2019-11-22,2019-04-08,Plumbing Permit,Residential,Residential,Irrigation,Final,,,,5,78748.0,30.12782492,-97.80783015,,2020,2019,No
2019-11-22,2019-04-15,Plumbing Permit,Residential,Residential,Irrigation,Final,,,,5,78748.0,30.12748926,-97.80712704,,2020,2019,No
2019-11-22,2019-11-22,Mechanical Permit,Commercial,Commercial,Change Out,Expired,,,,3,78704.0,30.23201819,-97.76558696,Ideal Aircare,2020,2019,No
2019-11-22,2019-11-22,Plumbing Permit,Residential,Residential,Irrigation,Final,,,,Unknown,78652.0,30.12472249,-97.8188547,,2020,2019,No
2019-11-22,2019-11-14,Electrical Permit,Commercial,Commercial,Repair,Final,,1.0,1.0,9,78701.0,,,Titus Electrical Contracting,2020,2019,No
2019-11-21,2019-11-20,Electrical Permit,Residential,Residential,Repair,Final,,1.0,1.0,7,78660.0,30.43689637,-97.65484668,"Ies Residential, Inc.",2020,2019,No
2019-11-21,2019-08-27,Electrical Permit,Commercial,Commercial,Repair,Final,,1.0,1.0,2,78617.0,,,"Phoenix Electric, Inc",2020,2019,No
2019-11-20,2019-11-19,Electrical Permit,Residential,Residential,Repair,Final,,1.0,1.0,7,78757.0,,,Horus Partners,2020,2019,No
2019-11-20,2019-10-07,Plumbing Permit,Residential,Residential,Repair,Final,,1.0,1.0,9,78751.0,,,,2020,2019,No
2019-11-20,2019-11-19,Plumbing Permit,Residential,Residential,Irrigation,Final,,,,1,78660.0,30.38783998,-97.61729516,,2020,2019,No
2019-11-20,2019-10-25,Electrical Permit,Commercial,Sign Permit,Wall,Final,,,,7,78753.0,30.40950098,-97.67276231,,2020,2019,No
2019-11-19,2019-11-19,Plumbing Permit,Commercial,Commercial,Irrigation,Final,,,,2,78745.0,,,,2020,2019,No
2019-11-19,2019-11-18,Electrical Permit,Residential,Residential,Auxiliary Power,Final,,1.0,1.0,1,78721.0,30.27878344,-97.67847246,Horus Partners,2020,2019,No
2019-11-19,2019-11-14,Plumbing Permit,Residential,Residential,Repair,Expired,,1.0,0.0,6,78717.0,,,,2020,2019,No
2019-11-19,2019-11-18,Electrical Permit,Commercial,Sign Permit,Wall,Final,,,,10,78759.0,30.43105179,-97.7643659,,2020,2019,No
2019-11-19,2019-07-25,Electrical Permit,Commercial,C-1000 Commercial Remodel,Remodel,Final,,1.0,1.0,6,78613.0,,,"Electra Plus, Inc.",2020,2019,No
2019-11-19,2019-11-19,Driveway / Sidewalks,Commercial,"Com. Curb, Gutter",New,Expired,,,,Unknown,,,,,2020,2019,No
2019-11-18,2019-11-18,Electrical Permit,Commercial,Sign Permit,Wall,Final,,,,4,78757.0,,,,2020,2019,No
2019-11-18,2019-11-12,Plumbing Permit,Residential,Residential,Change Out,Final,,,,5,78745.0,30.20134303,-97.81469789,Abc Home & Commercial Service,2020,2019,No
2019-11-18,2019-05-22,Plumbing Permit,Residential,Residential,Irrigation,Final,,,,2,78744.0,30.15007633,-97.72131926,,2020,2019,No
2019-11-18,2019-11-18,Electrical Permit,Commercial,Sign Permit,Wall,Final,,,,2,78745.0,,,,2020,2019,No
2019-11-18,2019-11-13,Electrical Permit,Commercial,Sign Permit,Wall,Expired,,,,3,78702.0,30.26385185,-97.73252422,,2020,2019,No
2019-11-15,2019-11-13,Plumbing Permit,Residential,Residential,Irrigation,Final,,,,9,78705.0,30.29483704,-97.72967034,,2020,2019,No
2019-11-15,2019-11-13,Electrical Permit,Residential,Residential,Repair,Final,,1.0,1.0,2,78744.0,30.19648759,-97.75139701,,2020,2019,No
2019-11-15,2019-11-12,Electrical Permit,Residential,Residential,Repair,Final,,1.0,1.0,1,78754.0,30.35173179,-97.60198573,"Austin Lanehart Electric Co., Inc.",2020,2019,No
2019-11-15,2019-11-15,Plumbing Permit,Commercial,Commercial,Irrigation,Expired,,,,1,78754.0,,,,2020,2019,No
2019-11-15,2019-11-12,Plumbing Permit,Commercial,Commercial,Repair,Active,,,0.0,3,78741.0,,,Barrera Plumbing Services Llc,2020,2019,No
2019-11-14,2019-11-13,Plumbing Permit,Residential,Residential,Repair,Expired,,1.0,1.0,10,78732.0,30.33302549,-97.92117456,,2020,2019,No
2019-11-14,2019-11-13,Plumbing Permit,Residential,Residential,Irrigation,Final,,,,Unknown,78725.0,30.2155607,-97.63256791,,2020,2019,No
2019-11-14,2019-10-22,Plumbing Permit,Commercial,C-1000 Commercial Remodel,Remodel,Final,,1.0,1.0,7,78758.0,,,"Blackstone Plumbing, Llc.",2020,2019,No
2019-11-14,2019-11-14,Electrical Permit,Commercial,Sign Permit,Freestanding,Expired,,,,10,78730.0,,,,2020,2019,No
2019-11-14,2019-05-22,Plumbing Permit,Residential,Residential,Irrigation,Final,,,,2,78744.0,30.14606344,-97.72198466,,2020,2019,No
2019-11-13,2019-10-29,Plumbing Permit,Residential,Residential,Change Out,Final,,,,9,78722.0,30.29286338,-97.71043491,,2020,2019,No
2019-11-13,2019-11-13,Electrical Permit,Commercial,Sign Permit,Wall,Expired,,,,6,78717.0,,,,2020,2019,No
2019-11-13,2019-02-08,Plumbing Permit,Residential,Residential,Irrigation,Final,,,,2,78744.0,30.15189385,-97.71995046,,2020,2019,No
2019-11-13,2019-11-13,Electrical Permit,Commercial,Sign Permit,Wall,Expired,,,,6,78717.0,,,,2020,2019,No
2019-11-13,2019-10-04,Electrical Permit,Residential,R- 434 Addition & Alterations,Addition and Remodel,Final,,1.0,2.0,8,78749.0,,,L & R Electric,2020,2019,No
2019-11-13,2018-10-17,Plumbing Permit,Commercial,Commercial,Irrigation,Final,,,,9,78741.0,,,,2020,2019,No
2019-11-13,2019-11-13,Electrical Permit,Commercial,Sign Permit,Wall,Expired,,,,6,78717.0,,,,2020,2019,No
2019-11-12,2019-11-12,Plumbing Permit,Residential,Residential,Irrigation,Final,,,,Unknown,78652.0,30.12246894,-97.81879941,,2020,2019,No
2019-11-12,2019-11-12,Plumbing Permit,Commercial,Commercial,Repair,Final,,,0.0,3,78741.0,,,Barrera Plumbing Services Llc,2020,2019,No
2019-11-12,2019-11-12,Plumbing Permit,Commercial,Commercial,Repair,Final,,,0.0,3,78741.0,,,Barrera Plumbing Services Llc,2020,2019,No
2019-11-12,2019-11-12,Plumbing Permit,Commercial,Commercial,Irrigation,Expired,,,,10,78731.0,30.31479951,-97.75131261,,2020,2019,No
2019-11-08,2019-11-06,Plumbing Permit,Residential,Residential,Irrigation,Final,,,,6,78717.0,30.4774187,-97.77312237,,2020,2019,No
2019-11-08,2019-11-07,Plumbing Permit,Residential,Residential,Irrigation,Final,,,,8,78652.0,30.17193224,-97.91921947,,2020,2019,No
2019-11-08,2019-11-07,Plumbing Permit,Commercial,Commercial,Repair,Expired,,,0.0,7,78753.0,,,Kilgore Industries,2020,2019,No
2019-11-08,2019-11-08,Plumbing Permit,Residential,Residential,Irrigation,Final,,,,6,78717.0,30.50202684,-97.74639789,,2020,2019,No
2019-11-07,2019-11-06,Electrical Permit,Residential,Residential,Auxiliary Power,Final,,1.0,1.0,Unknown,78734.0,30.40939838,-97.93282203,,2020,2019,No
2019-11-07,2019-08-15,Mechanical Permit,Commercial,C-1000 Commercial Remodel,Remodel,Final,,1.0,1.0,7,78727.0,,,Urban Heating & Air Conditioning,2020,2019,No
2019-11-06,2019-11-06,Plumbing Permit,Commercial,Commercial,Irrigation,Final,,,,9,78705.0,30.28962504,-97.74160683,,2020,2019,No
2019-11-06,2019-03-04,Driveway / Sidewalks,Residential,Res. Driveway,New,Final,,,,1,78721.0,,,,2020,2019,No
2019-11-06,2019-09-06,Plumbing Permit,Residential,Residential,Repair,Final,,0.0,1.0,9,78741.0,30.24113815,-97.73313278,,2020,2019,No
2019-11-06,2019-11-04,Mechanical Permit,Residential,Residential,Change Out,Final,,,,10,78746.0,30.34380932,-97.81041068,,2020,2019,No
2019-11-06,2019-11-05,Electrical Permit,Residential,Residential,Auxiliary Power,Final,,1.0,1.0,2,78744.0,30.20283479,-97.69978295,"Solstema, Llc",2020,2019,No
2019-11-05,2019-10-01,Electrical Permit,Commercial,Commercial,Upgrade,Final,,1.0,1.0,6,78717.0,,,,2020,2019,No
2019-11-05,2019-06-07,Plumbing Permit,Residential,Residential,Irrigation,Final,,,,3,78702.0,30.25675565,-97.71522394,,2020,2019,No
2019-11-05,2019-11-05,Electrical Permit,Commercial,Sign Permit,Wall,Final,,,,7,78759.0,30.3999032,-97.7394387,,2020,2019,No
2019-11-04,2019-11-02,Plumbing Permit,Residential,Residential,Irrigation,Final,,,,Unknown,78744.0,30.17013755,-97.69678696,,2020,2019,No
2019-11-04,2019-10-31,Plumbing Permit,Residential,Residential,Change Out,Final,,,,1,78702.0,30.27753545,-97.71244216,Fairway Plumbing Llc,2020,2019,No
2019-11-04,2019-04-24,Plumbing Permit,Residential,Residential,Irrigation,Final,,,,2,78617.0,30.14729871,-97.59258153,,2020,2019,No
2019-11-04,2010-09-30,Electrical Permit,Commercial,C- 104 Three & Four Family Bldgs,New,Final,,4.0,3.0,5,78704.0,,,Aei Electric Llc,2020,2019,No
2019-11-04,2019-08-22,Plumbing Permit,Commercial,C-1000 Commercial Remodel,Remodel,Final,,1.0,1.0,7,78757.0,,,Cedar Park Plumbing Heating & Air Inc,2020,2019,No
2019-11-04,2019-11-04,Electrical Permit,Commercial,Sign Permit,Wall,Final,,,,6,78729.0,30.44753261,-97.78898525,,2020,2019,No
2019-11-04,2019-11-04,Electrical Permit,Residential,Residential,Repair,Final,,1.0,1.0,8,78736.0,,,Elite Electric,2020,2019,No
2019-11-04,2019-10-22,Electrical Permit,Residential,Residential,Auxiliary Power,Final,,1.0,1.0,8,78739.0,30.18456813,-97.8998274,,2020,2019,No
2019-11-01,2019-10-30,Mechanical Permit,Residential,Residential,Change Out,Final,,,,5,78745.0,30.19047431,-97.80272271,American Residential Services (Ars),2020,2019,No
2019-10-31,2019-09-18,Plumbing Permit,Residential,R- 434 Addition & Alterations,Addition and Remodel,Final,,1.0,0.0,10,78759.0,30.40620293,-97.77168194,Trinity Plumbing Llc,2020,2019,No
2019-10-31,2019-07-15,Plumbing Permit,Commercial,C-1001 Commercial Finish Out,Remodel,Final,,0.0,0.0,3,78702.0,30.26142568,-97.72830919,Mj Mechanical Inc,2020,2019,No
2019-10-31,2019-10-31,Electrical Permit,Commercial,Sign Permit,Freestanding,Final,,,,7,78759.0,30.38956251,-97.73879051,,2020,2019,No
2019-10-31,2019-10-30,Mechanical Permit,Residential,Residential,Change Out,Final,,,,5,78704.0,30.25100031,-97.79384389,"Sa&H Western Holdings, Llc",2020,2019,No
2019-10-31,2017-05-30,Plumbing Permit,Commercial,Commercial,Irrigation,Final,,,,7,78753.0,30.39725993,-97.67918239,Build Pro Atx,2020,2019,No
2019-10-31,2019-06-18,Plumbing Permit,Residential,Residential,Irrigation,Final,,,,1,78754.0,30.35107069,-97.60206788,,2020,2019,No
2019-10-31,2019-10-08,Building Permit,Residential,R- 645 Demolition One Family Homes,Demolition,Final,0.0,1.0,1.0,7,78757.0,,,Goodwill Commercial Services,2020,2019,No
2019-10-30,2019-10-30,Electrical Permit,Residential,Residential,New,Final,,1.0,1.0,Unknown,78738.0,30.31773224,-97.97353254,,2020,2019,No
2019-10-29,2019-03-19,Plumbing Permit,Residential,Residential,Repair,Expired,,0.0,0.0,7,78756.0,30.32640086,-97.73879914,,2020,2019,No
2019-10-29,2019-10-23,Electrical Permit,Commercial,Sign Permit,Freestanding,Final,,,,2,78745.0,30.17814434,-97.78164021,,2020,2019,No
2019-10-29,2019-10-29,Plumbing Permit,Residential,Residential,Irrigation,Final,,,,9,78723.0,30.29980407,-97.69750453,,2020,2019,No
2019-10-29,2019-10-25,Plumbing Permit,Residential,Residential,Irrigation,Final,,,,3,78702.0,30.26097846,-97.7076132,,2020,2019,No
2019-10-28,2019-08-14,Plumbing Permit,Residential,R- 101 Single Family Houses,New,Final,,1.0,2.0,2,78744.0,30.14803315,-97.7198523,Victory Plumbing Company,2020,2019,No
2019-10-28,2019-08-14,Electrical Permit,Commercial,C-1000 Commercial Remodel,Remodel,Final,,1.0,1.0,9,78701.0,,,Prism Electric Inc,2020,2019,No
2019-10-28,2019-10-22,Plumbing Permit,Residential,Residential,Change Out,Final,,,,4,78758.0,30.38522189,-97.70579077,,2020,2019,No
2019-10-28,2019-10-24,Electrical Permit,Residential,Residential,Upgrade,Final,,1.0,1.0,7,78758.0,30.38585595,-97.68752889,Max Electric Services Llc,2020,2019,No
2019-10-25,2019-02-21,Plumbing Permit,Residential,Residential,Irrigation,Final,,,,2,78747.0,,,,2020,2019,No
2019-10-25,2019-05-09,Driveway / Sidewalks,Residential,"Res. Driveway, Curb, Gutter",New,Final,,,,7,78757.0,30.34811711,-97.73239279,"Paradisa Homes, Llc***Main***",2020,2019,No
2019-10-25,2019-09-06,Electrical Permit,Commercial,Sign Permit,Wall,Final,,,,1,78754.0,30.35381598,-97.67366401,,2020,2019,No
2019-10-25,2019-08-27,Electrical Permit,Commercial,C-1000 Commercial Remodel,Remodel,Final,,1.0,3.0,9,78705.0,,,Sunvison Electric,2020,2019,No
2019-10-24,2019-10-23,Plumbing Permit,Residential,Residential,Irrigation,Final,,,,5,78745.0,30.22507659,-97.79110188,,2020,2019,No
2019-10-24,2018-11-14,Plumbing Permit,Residential,Residential,Irrigation,Final,,,,8,78739.0,30.16560223,-97.88682493,,2020,2019,No
2019-10-24,2019-04-15,Driveway / Sidewalks,Commercial,"Com. Sidewalk, Curb, Gutter",Repair,Expired,,,,Unknown,,,,,2020,2019,No
2019-10-24,2019-10-21,Plumbing Permit,Residential,Residential,Irrigation,Expired,,,,1,78724.0,30.31539651,-97.65612382,,2020,2019,No
2019-10-23,2019-10-23,Plumbing Permit,Commercial,Commercial,Repair,Final,,,0.0,10,78759.0,30.36492858,-97.7491935,Palencia Plumbing Llc,2020,2019,No
2019-10-23,2019-02-21,Plumbing Permit,Residential,Residential,Irrigation,Final,,,,2,78747.0,30.13812342,-97.7635624,,2020,2019,No
2019-10-22,2018-06-20,Plumbing Permit,Commercial,Commercial,Fireline,Final,,,,2,78744.0,30.20969136,-97.71426386,Forsite Studio,2020,2019,No
2019-10-22,2017-08-02,Driveway / Sidewalks,Residential,Res. Driveway,New,Final,,,,9,78705.0,,,Miller Construction,2020,2019,No
2019-10-22,2019-05-10,Plumbing Permit,Residential,Residential,Irrigation,Final,,,,7,78660.0,30.44158139,-97.66149673,,2020,2019,No
2019-10-22,2019-03-08,Plumbing Permit,Residential,Residential,Irrigation,Final,,,,2,78744.0,,,,2020,2019,No
2019-10-22,2019-10-22,Plumbing Permit,Residential,Residential,Irrigation,Final,,,,3,78721.0,30.26879861,-97.68706775,,2020,2019,No
2019-10-21,2019-10-14,Driveway / Sidewalks,Residential,Res. Driveway & Sidewalk,New,Final,,,,7,78757.0,30.33125629,-97.73111619,,2020,2019,No
2019-10-21,2019-02-15,Plumbing Permit,Residential,Residential,Irrigation,Final,,,,8,78652.0,30.16787847,-97.9138324,,2020,2019,No
2019-10-21,2019-10-21,Electrical Permit,Commercial,Sign Permit,Wall,Final,,,,7,78757.0,30.35547011,-97.73354236,,2020,2019,No
2019-10-21,2019-10-17,Electrical Permit,Residential,Residential,Auxiliary Power,Final,,1.0,1.0,2,78744.0,30.20282421,-97.70020437,"Solstema, Llc",2020,2019,No
2019-10-18,2019-02-27,Plumbing Permit,Commercial,Commercial,Repair,Expired,,,1.0,4,78723.0,,,,2020,2019,No
2019-10-18,2019-10-18,Plumbing Permit,Residential,Residential,Repair,Final,,1.0,1.0,5,78745.0,30.20003596,-97.81816101,,2020,2019,No
2019-10-17,2019-10-15,Plumbing Permit,Residential,Residential,Repair,Final,,0.0,1.0,6,78717.0,,,Plumb Masters Llc,2020,2019,No
2019-10-17,2018-11-16,Mechanical Permit,Residential,R- 101 Single Family Houses,New,Final,,1.0,2.0,3,78702.0,,,Alpha Builders Group Inc.,2020,2019,No
2019-10-16,2018-12-12,Plumbing Permit,Residential,Residential,Irrigation,Final,,,,1,78724.0,30.30320224,-97.62527182,,2020,2019,No
2019-10-16,2019-03-08,Plumbing Permit,Residential,Residential,Irrigation,Final,,,,2,78744.0,,,,2020,2019,No
2019-10-16,2019-10-16,Electrical Permit,Residential,Residential,Repair,Final,,1.0,1.0,Unknown,78724.0,30.28883085,-97.63437471,Allen Bebee Electric,2020,2019,No
2019-10-16,2018-05-30,Mechanical Permit,Commercial,Commercial,Repair,Final,,1.0,1.0,1,78754.0,,,Texas All Air,2020,2019,No
2019-10-15,2019-05-06,Plumbing Permit,Residential,Residential,Irrigation,Final,,,,2,78744.0,30.20283209,-97.69991918,,2020,2019,No
2019-10-15,2019-08-15,Plumbing Permit,Residential,Residential,Irrigation,Final,,,,2,78744.0,30.2039732,-97.69643031,,2020,2019,No
2019-10-14,2019-09-20,Electrical Permit,Residential,Residential,Auxiliary Power,Final,,1.0,1.0,8,78739.0,30.17476091,-97.91274213,,2020,2019,No
2019-10-14,2019-06-17,Plumbing Permit,Commercial,C-1001 Commercial Finish Out,Remodel,Final,,1.0,1.0,9,78741.0,,,Cross Plumbing,2020,2019,No
2019-10-14,2019-10-10,Plumbing Permit,Residential,Residential,Change Out,Final,,,,8,78745.0,30.20569468,-97.83086619,,2020,2019,No
2019-10-14,2019-10-10,Electrical Permit,Residential,Residential,Repair,Final,,1.0,1.0,Unknown,78660.0,,,Med-Tex Electric,2020,2019,No
2019-10-14,2019-10-03,Electrical Permit,Residential,Residential,Auxiliary Power,Expired,,1.0,1.0,2,78748.0,30.17906064,-97.79674746,,2020,2019,No
2019-10-11,2019-10-09,Plumbing Permit,Commercial,Commercial,Irrigation,Final,,,,2,78617.0,30.18033271,-97.66623215,,2020,2019,No
2019-10-10,2019-10-10,Driveway / Sidewalks,Residential,Res. Driveway,New,Final,,,,9,78704.0,30.24156045,-97.74202886,,2020,2019,No
2019-10-10,2019-10-10,Electrical Permit,Residential,Residential,Repair,Final,,1.0,1.0,9,78751.0,30.30258677,-97.72665611,Klock'S Electric,2020,2019,No
2019-10-10,2019-10-10,Electrical Permit,Commercial,Sign Permit,Wall,Final,,,,9,78705.0,30.28541375,-97.74416644,,2020,2019,No
2019-10-10,2019-10-10,Plumbing Permit,Residential,Residential,Repair,Final,,1.0,1.0,2,78744.0,30.19099426,-97.74182104,,2020,2019,No
2019-10-09,2019-09-06,Electrical Permit,Residential,Residential,Auxiliary Power,Final,,1.0,1.0,Unknown,78733.0,30.29357354,-97.88406606,,2020,2019,No
2019-10-09,2019-10-09,Electrical Permit,Commercial,Sign Permit,Wall,Expired,,,,10,78730.0,,,,2020,2019,No
2019-10-09,2019-10-09,Plumbing Permit,Residential,Residential,Irrigation,Final,,,,9,78705.0,,,,2020,2019,No
2019-10-09,2019-10-09,Plumbing Permit,Residential,Residential,Irrigation,Final,,,,2,78744.0,30.18452291,-97.74767718,,2020,2019,No
2019-10-08,2019-07-18,Driveway / Sidewalks,Residential,Res. Driveway & Sidewalk,New,Final,,,,1,78660.0,30.38844386,-97.61580926,D R Horton Homes,2020,2019,No
2019-10-07,2019-09-13,Driveway / Sidewalks,Commercial,"Com. Curb, Gutter",New,Expired,,,,Unknown,,,,,2020,2019,No
2019-10-07,2019-10-07,Plumbing Permit,Residential,Residential,Irrigation,Expired,,,,9,78704.0,30.25149123,-97.75809009,,2020,2019,No
2019-10-07,2019-10-03,Plumbing Permit,Residential,Residential,Repair,Final,,1.0,0.0,5,78704.0,30.25525489,-97.7700823,Rod Plumbing,2020,2019,No
2019-10-04,2019-03-08,Plumbing Permit,Residential,Residential,Irrigation,Final,,,,8,78735.0,30.23766349,-97.85205165,,2020,2019,No
2019-10-04,2019-10-04,Electrical Permit,Residential,Residential,Repair,Final,,1.0,1.0,7,78759.0,30.40852253,-97.737928,Austin'S Town & Country Electric,2020,2019,No
2019-10-03,2019-05-17,Electrical Permit,Residential,R- 101 Single Family Houses,New,Final,,1.0,2.0,5,78748.0,30.16326181,-97.81828879,,2020,2019,No
2019-10-03,2019-10-01,Electrical Permit,Commercial,Commercial,Upgrade,Final,,1.0,1.0,6,78717.0,,,,2020,2019,No
2019-10-02,2019-04-17,Plumbing Permit,Residential,R- 102 Secondary Apartment,New,Final,,1.0,1.0,9,78722.0,,,Xenon'S & More Plumbing,2020,2019,No
2019-10-01,2019-01-16,Mechanical Permit,Residential,R- 101 Single Family Houses,New,Final,,1.0,2.0,7,78757.0,,,Multi-Construction And Cleanin,2020,2019,No
2019-10-01,2019-01-03,Plumbing Permit,Commercial,C- 322 Service Station & Repair Garage,New,Final,,1.0,1.0,1,78753.0,,,Kan-Doo Plumbing,2020,2019,No
2019-10-01,2019-09-26,Plumbing Permit,Residential,Residential,Repair,Final,,2.0,1.0,9,78751.0,30.30537135,-97.72834011,,2020,2019,No
2020-09-30,2020-09-28,Electrical Permit,Residential,Residential,Repair,Final,,1.0,1.0,Unknown,78730.0,30.35971815,-97.84240388,"Genserve, Llc",2020,2020,No
2020-09-30,2020-08-07,Building Permit,Residential,R- 434 Addition & Alterations,Addition and Remodel,Final,1.0,1.0,1.0,5,78745.0,30.19972958,-97.82637902,Market Properties Lp.,2020,2020,Yes
2020-09-30,2020-09-27,Building Permit,Residential,R- 101 Single Family Houses,New,Final,165305.0,1.0,1.0,1,78653.0,,,Brohn Homes,2020,2020,Yes
2020-09-30,2020-09-28,Plumbing Permit,Residential,Residential,Irrigation,Final,,,,2,78747.0,30.13629311,-97.76390533,,2020,2020,No
2020-09-30,2020-07-29,Electrical Permit,Residential,R- 434 Addition & Alterations,Addition and Remodel,Final,,1.0,2.0,10,78731.0,30.31635355,-97.76885555,Bill Lewis Electric Inc.,2020,2020,No
2020-09-30,2020-01-16,Building Permit,Residential,R- 435 Renovations/Remodel,Repair,Final,54020.0,1.0,1.0,10,78759.0,30.40711606,-97.75657286,Renewal By Andersen,2020,2020,Yes
2020-09-30,2020-03-18,Driveway / Sidewalks,Residential,Res. Driveway & Sidewalk,New,Final,,,,2,78747.0,,,Lennar Homes Of Texas***Main***,2020,2020,No
2020-09-30,2020-02-05,Plumbing Permit,Commercial,C- 328 Commercial Other Nonresident Bldg,New,Final,,1.0,1.0,7,78660.0,30.43871896,-97.65559274,,2020,2020,No
2020-09-30,2020-05-01,Driveway / Sidewalks,Residential,Res. Driveway & Sidewalk,New,Final,,,,2,78747.0,30.13485165,-97.76813929,Lennar Homes Of Texas***Main***,2020,2020,No
2020-09-30,2020-07-02,Electrical Permit,Residential,R- 101 Single Family Houses,New,Final,,1.0,1.0,1,78660.0,30.40215368,-97.61420119,Landmark Electric,2020,2020,No
2020-09-30,2020-09-22,Electrical Permit,Residential,Residential,Repair,Final,,1.0,1.0,2,78617.0,30.17345089,-97.63093701,Allen Bebee Electric,2020,2020,No
2020-09-30,2020-09-30,Building Permit,Residential,R- 435 Renovations/Remodel,Repair,Expired,10000.0,1.0,1.0,10,78730.0,30.37570441,-97.8518495,Iv Remodeling Llc,2020,2020,Yes
2020-09-30,2020-08-27,Building Permit,Residential,R- 101 Single Family Houses,New,Final,1000000.0,1.0,2.0,8,78652.0,30.17864343,-97.92568031,Nalle Custom Homes,2020,2020,Yes
2020-09-30,2020-05-01,Mechanical Permit,Residential,R- 102 Secondary Apartment,New,Final,,1.0,1.0,1,78702.0,30.27999216,-97.71153252,Coolbear Heating & Air,2020,2020,No
2020-09-30,2020-09-30,Plumbing Permit,Residential,Residential,New,Final,,1.0,1.0,Unknown,78744.0,30.16966424,-97.69597373,Victory Plumbing Company,2020,2020,No
2020-09-30,2020-01-08,Building Permit,Residential,R- 435 Renovations/Remodel,Repair,Expired,12057.0,1.0,1.0,7,78756.0,30.32001543,-97.74891901,,2020,2020,Yes
2020-09-30,2020-04-24,Plumbing Permit,Residential,R- 434 Addition & Alterations,Addition and Remodel,Final,,1.0,1.0,4,78752.0,30.32309842,-97.71691115,Rod Plumbing,2020,2020,No
2020-09-30,2020-08-27,Plumbing Permit,Residential,R- 101 Single Family Houses,New,Final,,1.0,1.0,5,78748.0,30.1307616,-97.81072758,,2020,2020,No
2020-09-30,2020-09-28,Electrical Permit,Residential,Residential,Special Inspections Program,Final,,,,10,78703.0,30.29740162,-97.770535,Grayzer Electric Llc,2020,2020,No
2020-09-30,2020-06-01,Electrical Permit,Residential,R- 434 Addition & Alterations,Addition and Remodel,Final,,0.0,0.0,9,78704.0,30.24053086,-97.74456524,Texas Platinum Electrical Services,2020,2020,No
2020-09-30,2020-03-18,Driveway / Sidewalks,Residential,Res. Driveway & Sidewalk,New,Final,,,,2,78747.0,,,Lennar Homes Of Texas***Main***,2020,2020,No
2020-09-30,2020-09-14,Electrical Permit,Residential,Residential,Repair,Final,,0.0,0.0,2,78617.0,,,Allen Bebee Electric,2020,2020,No
2020-09-30,2020-09-28,Plumbing Permit,Residential,Residential,Irrigation,Final,,,,2,78747.0,30.13518863,-97.76409922,,2020,2020,No
2020-09-30,2020-09-30,Electrical Permit,Commercial,Commercial,Repair,Final,,1.0,1.0,6,78727.0,30.43477453,-97.75443047,"Jmeg, Lp",2020,2020,No
2020-09-30,2020-06-22,Electrical Permit,Residential,R- 329 Res Structures Other Than Bldg,New,Final,,1.0,0.0,7,78727.0,30.42686435,-97.69635613,Synergy Electrical Services,2020,2020,No
2020-09-30,2020-09-29,Electrical Permit,Residential,Residential,Auxiliary Power,Final,,1.0,1.0,9,78723.0,30.2959,-97.69904692,,2020,2020,No
2020-09-30,2020-05-01,Mechanical Permit,Commercial,C-1000 Commercial Remodel,Remodel,Final,,1.0,1.0,3,78702.0,30.25962674,-97.71023527,Airco Mechanical,2020,2020,No
2020-09-30,2020-06-24,Electrical Permit,Residential,R- 101 Single Family Houses,New,Final,,1.0,1.0,1,78660.0,30.40201746,-97.61309448,Landmark Electric,2020,2020,No
2020-09-30,2020-02-28,Mechanical Permit,Residential,R- 330  Accessory Use to Primary,New,Final,,1.0,2.0,1,78721.0,30.27998724,-97.69641364,,2020,2020,No
2020-09-30,2020-02-11,Electrical Permit,Residential,R- 101 Single Family Houses,New,Final,,1.0,2.0,1,78753.0,30.36336578,-97.67037168,Allison Electric,2020,2020,No
2020-09-30,2020-09-30,Electrical Permit,Residential,Residential,Auxiliary Power,Final,,1.0,1.0,Unknown,78734.0,30.42172573,-97.92478768,,2020,2020,No
2020-09-30,2020-09-29,Plumbing Permit,Commercial,Commercial,Irrigation,Final,,,,7,78759.0,30.41400576,-97.7086714,,2020,2020,No
2020-09-30,2020-09-29,Plumbing Permit,Residential,Residential,Change Out,Expired,,,,7,78757.0,30.34719674,-97.73882328,On-Call Management Services Inc.,2020,2020,No
2020-09-30,2020-06-04,Plumbing Permit,Commercial,C-1000 Commercial Remodel,Remodel,Final,,1.0,1.0,4,78752.0,,,Qkb Inc.,2020,2020,No
2020-09-30,2020-09-28,Building Permit,Residential,R- 435 Renovations/Remodel,Repair,Final,2100.0,1.0,1.0,2,78747.0,30.15047782,-97.74840752,We Level It {Formally Centex House Leveling***Main****},2020,2020,Yes
2020-09-30,2020-09-04,Building Permit,Residential,R- 434 Addition & Alterations,Addition and Remodel,Final,60000.0,1.0,1.0,2,78745.0,30.19678481,-97.79431593,Market Properties Lp.,2020,2020,Yes
2020-09-30,2020-09-08,Building Permit,Residential,R- 329 Res Structures Other Than Bldg,New,Final,100.0,1.0,1.0,5,78704.0,30.25793874,-97.77446233,Staycation Pools And Outdoor Living Llc,2020,2020,Yes
2020-09-30,2020-09-22,Plumbing Permit,Residential,R- 435 Renovations/Remodel,Repair,Final,,1.0,1.0,1,78721.0,,,,2020,2020,No
2020-08-19,2020-04-20,Plumbing Permit,Commercial,C-1001 Commercial Finish Out,Remodel,Final,,10.0,1.0,9,78705.0,30.28805303,-97.74411466,,2020,2020,No
2020-09-30,2019-09-03,Electrical Permit,Commercial,C- 105 Five or More Family Bldgs,New,Final,,24.0,3.0,1,78724.0,30.30179097,-97.64892252,The Nrp Group Llc,2020,2020,No
2020-09-30,2019-03-15,Mechanical Permit,Residential,R- 330  Accessory Use to Primary,New,Final,,1.0,2.0,3,78702.0,30.25549937,-97.70558253,,2020,2020,No
2020-09-30,2020-09-28,Plumbing Permit,Residential,Residential,Irrigation,Final,,,,2,78747.0,30.13538958,-97.76438181,,2020,2020,No
2020-09-30,2020-05-13,Mechanical Permit,Commercial,C-1000 Commercial Remodel,Remodel,Final,,1.0,1.0,9,78705.0,30.28875817,-97.72909907,Velocity Heating & Air Llc,2020,2020,No
2020-09-30,2020-02-21,Mechanical Permit,Residential,R- 101 Single Family Houses,New,Final,,1.0,2.0,9,78723.0,30.29831009,-97.69747877,,2020,2020,No
2020-09-30,2020-07-21,Building Permit,Residential,R- 101 Single Family Houses,New,Final,1.0,1.0,2.0,7,78660.0,30.4409046,-97.66122346,Masonwood Homes Llc,2020,2020,Yes
2020-09-30,2020-09-29,Building Permit,Residential,R- 435 Renovations/Remodel,Repair,Final,800.0,1.0,1.0,5,78745.0,30.21723476,-97.80203429,Suttin Construction,2020,2020,Yes
2020-09-30,2020-09-28,Plumbing Permit,Residential,Residential,Irrigation,Expired,,,,2,78747.0,30.1394135,-97.76261363,,2020,2020,No
2020-08-26,2017-07-06,Mechanical Permit,Commercial,C-1001 Commercial Finish Out,Remodel,Final,,11.0,33.0,9,78701.0,30.2563889,-97.7388366,"Truform Metalservice, Inc.",2020,2020,No
2020-09-30,2020-07-24,Plumbing Permit,Commercial,C-1000 Commercial Remodel,Remodel,Final,,1.0,1.0,10,78759.0,30.3985376,-97.74836248,G3 Plumbing,2020,2020,No
2020-09-30,2018-06-15,Plumbing Permit,Commercial,"C- 324 Office, Bank & Professional Bldgs",New,Final,,1.0,2.0,10,78759.0,30.39314779,-97.74799619,"Minyard Sons Services, Inc.",2020,2020,No
2020-08-03,2020-03-25,Mechanical Permit,Residential,R- 101 Single Family Houses,New,Final,,1.0,2.0,1,78660.0,30.39296436,-97.61328644,Christianson Plumbing & Air Co,2020,2020,No
2020-07-31,2020-07-31,Electrical Permit,Residential,Residential,Repair,Final,,1.0,1.0,2,78747.0,30.15351478,-97.75880798,"In Charge Electrical Services, Llc",2020,2020,No
2020-09-30,2020-09-29,Plumbing Permit,Residential,Residential,Repair,Final,,1.0,0.0,7,78727.0,30.42485942,-97.68967638,Cold Is On The Right,2020,2020,No
2020-09-30,2020-09-29,Electrical Permit,Residential,Residential,Auxiliary Power,Final,,1.0,1.0,Unknown,78725.0,30.23796342,-97.58886801,,2020,2020,No
2020-09-30,2020-05-15,Mechanical Permit,Residential,Residential,Change Out,Final,,,,10,78703.0,30.29319937,-97.75464144,All Year Heating & Cooling,2020,2020,No
2020-09-30,2020-04-27,Plumbing Permit,Residential,R- 434 Addition & Alterations,Addition and Remodel,Final,,1.0,2.0,8,78746.0,30.26461867,-97.79350786,Distinctive Plumbing Inc,2020,2020,No
2020-09-30,2020-08-12,Building Permit,Residential,R- 330  Accessory Use to Primary,New,Final,50000.0,1.0,1.0,8,78746.0,30.28463688,-97.79330438,Eef Custom Homes & Remodeling,2020,2020,Yes
2020-09-30,2019-02-13,Electrical Permit,Commercial,C- 327 Stores & Customer Services,New,Final,,1.0,1.0,7,78660.0,30.43295031,-97.65382958,Le' Cuellar Electrical Contractors,2020,2020,No
2020-09-30,2020-07-17,Plumbing Permit,Residential,R- 329 Res Structures Other Than Bldg,New,Final,,1.0,0.0,5,78704.0,30.2565492,-97.77016516,Rod Plumbing,2020,2020,No
2020-09-30,2020-09-25,Plumbing Permit,Residential,Residential,Repair,Final,,1.0,1.0,1,78660.0,30.39234797,-97.62145765,Jim Foelker Plumbing,2020,2020,No
2020-09-30,2020-07-06,Mechanical Permit,Commercial,C-1000 Commercial Remodel,Remodel,Final,,1.0,1.0,10,78759.0,30.40225328,-97.7494527,Cool Services Inc.,2020,2020,No
2020-09-30,2020-09-28,Building Permit,Residential,R- 435 Renovations/Remodel,Repair,Expired,10220.0,1.0,1.0,2,78744.0,30.19844079,-97.74433793,Power Hrg,2020,2020,Yes
2020-09-30,2020-04-09,Building Permit,Residential,R- 101 Single Family Houses,New,Final,1.0,1.0,2.0,7,78757.0,30.33888136,-97.73456016,"Waterloo City Construction, Llc **Main**",2020,2020,Yes
2020-09-30,2019-12-20,Electrical Permit,Residential,R- 101 Single Family Houses,New,Final,,1.0,2.0,3,78702.0,30.25672982,-97.73069478,"Ies Residential, Inc.",2020,2020,No
2020-09-30,2020-09-30,Plumbing Permit,Residential,Residential,Repair,Final,,2.0,0.0,9,78751.0,30.31077275,-97.73089826,Ross Plumbing,2020,2020,No
2020-09-30,2020-07-01,Electrical Permit,Residential,R- 101 Single Family Houses,New,Final,,1.0,1.0,1,78660.0,30.40117018,-97.61347693,Landmark Electric,2020,2020,No
2020-09-30,2020-08-04,Plumbing Permit,Residential,R- 434 Addition & Alterations,Addition and Remodel,Final,,0.0,0.0,9,78723.0,30.29757506,-97.69864938,H&M Plumbing,2020,2020,No
2020-09-30,2019-03-15,Plumbing Permit,Residential,R- 330  Accessory Use to Primary,New,Final,,1.0,2.0,3,78702.0,30.25549937,-97.70558253,,2020,2020,No
2020-09-30,2020-09-29,Building Permit,Residential,R- 435 Renovations/Remodel,Repair,Final,4383.0,1.0,1.0,6,78750.0,30.43218014,-97.79759503,Renewal By Andersen,2020,2020,Yes
2020-08-17,2020-05-15,Building Permit,Commercial,C- 105 Five or More Family Bldgs,New,Final,25000000.0,43.0,3.0,4,78723.0,,,Bartlett Cocke General Contractors (Main),2020,2020,Yes
2020-09-30,2020-08-24,Building Permit,Residential,R- 101 Single Family Houses,New,Final,175440.0,1.0,1.0,1,78754.0,30.34996139,-97.60163945,Rsi Communities (Do Not Use),2020,2020,Yes
2020-09-30,2020-07-17,Building Permit,Residential,R- 329 Res Structures Other Than Bldg,New,Final,30000.0,1.0,0.0,9,78704.0,30.25412955,-97.75552963,Ivan Spaller,2020,2020,Yes
2020-08-18,2020-08-17,Mechanical Permit,Commercial,Commercial,Change Out,Final,,,,9,78701.0,30.25737475,-97.73944057,Service Wizard Llc,2020,2020,No
2020-09-30,2018-11-29,Electrical Permit,Residential,R- 101 Single Family Houses,New,Final,,1.0,3.0,4,78758.0,30.38312057,-97.69988723,5G Electrical Services,2020,2020,No
2020-09-30,2020-09-29,Electrical Permit,Residential,Residential,Repair,Final,,1.0,1.0,9,78704.0,,,"Genserve, Llc",2020,2020,No
2020-09-30,2020-09-29,Electrical Permit,Residential,Residential,Upgrade,Final,,1.0,1.0,2,78744.0,30.18522649,-97.75815931,Titan Solar Power Tx Inc,2020,2020,No
2020-09-30,2020-09-28,Plumbing Permit,Residential,Residential,Irrigation,Final,,,,2,78747.0,30.13624348,-97.76403638,,2020,2020,No
2020-08-12,2020-08-05,Electrical Permit,Residential,Residential,Repair,Final,,1.0,1.0,4,78723.0,30.31426002,-97.68695908,Fsp Electric,2020,2020,No
2020-09-30,2020-09-28,Plumbing Permit,Residential,Residential,Irrigation,Final,,,,2,78747.0,,,,2020,2020,No
2020-09-30,2020-09-28,Building Permit,Residential,R- 435 Renovations/Remodel,Repair,Final,12478.0,1.0,1.0,1,78723.0,30.31394698,-97.67210321,We Level It {Formally Centex House Leveling***Main****},2020,2020,Yes
2020-09-30,2020-09-29,Electrical Permit,Residential,Residential,Repair,Final,,1.0,1.0,Unknown,78754.0,30.33147164,-97.64634964,Lightning Electrical,2020,2020,No
2020-09-30,2020-09-29,Plumbing Permit,Residential,Residential,Repair,Final,,0.0,0.0,4,78752.0,30.33584963,-97.6949248,Torres Plumbing,2020,2020,No
2020-09-30,2017-09-07,Mechanical Permit,Commercial,C- 105 Five or More Family Bldgs,New,Final,,34.0,4.0,4,78751.0,30.31489559,-97.71307903,"H R Mechanical, Llc.",2020,2020,No
2020-09-30,2020-09-28,Building Permit,Residential,R- 435 Renovations/Remodel,Repair,Final,2000.0,1.0,1.0,3,78704.0,30.24186872,-97.75594562,We Level It {Formally Centex House Leveling***Main****},2020,2020,Yes
2020-09-30,2020-02-21,Mechanical Permit,Residential,R- 101 Single Family Houses,New,Final,,1.0,2.0,9,78723.0,30.29839255,-97.69747652,,2020,2020,No
2020-09-30,2020-06-10,Plumbing Permit,Residential,R- 329 Res Structures Other Than Bldg,New,Final,,1.0,1.0,6,78717.0,30.50241669,-97.78765916,Pk Plumbing,2020,2020,No
2020-09-30,2020-09-28,Building Permit,Residential,R- 435 Renovations/Remodel,Repair,Expired,13228.0,1.0,1.0,Unknown,78724.0,30.25572068,-97.57787327,Power Hrg,2020,2020,Yes
2020-09-30,2020-05-18,Electrical Permit,Commercial,C-1000 Commercial Remodel,Remodel,Final,,1.0,4.0,10,78759.0,30.3746124,-97.73869472,Lovato Electrical Contracting,2020,2020,No
2020-09-30,2020-02-28,Mechanical Permit,Residential,R- 102 Secondary Apartment,New,Final,,1.0,2.0,1,78721.0,30.27998724,-97.69641364,,2020,2020,No
2020-09-30,2020-03-30,Electrical Permit,Residential,R- 101 Single Family Houses,New,Final,,1.0,2.0,1,78753.0,30.36336068,-97.66986118,Patriot Builders***Main**,2020,2020,No
2020-09-30,2020-09-28,Plumbing Permit,Residential,Residential,Irrigation,Final,,,,2,78747.0,30.13839797,-97.7640867,,2020,2020,No
2020-09-30,2020-03-18,Driveway / Sidewalks,Residential,Res. Driveway & Sidewalk,New,Final,,,,2,78747.0,,,Lennar Homes Of Texas***Main***,2020,2020,No
2020-09-30,2020-09-29,Plumbing Permit,Residential,Residential,Irrigation,Final,,,,10,78731.0,30.3430925,-97.76611848,,2020,2020,No
2020-09-30,2020-07-01,Mechanical Permit,Residential,R- 434 Addition & Alterations,Addition and Remodel,Final,,1.0,1.0,7,78757.0,30.34987025,-97.72676101,,2020,2020,No
2020-09-30,2020-06-29,Plumbing Permit,Residential,Residential,Repair,Final,,1.0,2.0,5,78747.0,30.15024378,-97.77949061,Make It Drain Llc,2020,2020,No
2020-09-30,2020-09-11,Building Permit,Residential,R- 435 Renovations/Remodel,Repair,Final,14000.0,1.0,1.0,6,78717.0,30.49118423,-97.79571457,Statewide Remodeling Of Austin *Main*,2020,2020,Yes
2020-09-30,2020-09-27,Building Permit,Residential,R- 101 Single Family Houses,New,Final,162305.0,1.0,1.0,1,78653.0,,,Brohn Homes,2020,2020,Yes
2020-09-30,2020-07-27,Building Permit,Residential,R- 329 Res Structures Other Than Bldg,New,Final,93000.0,1.0,0.0,7,78757.0,30.33560042,-97.74204589,Waterview Pools Inc,2020,2020,Yes
2020-09-30,2020-09-29,Building Permit,Residential,R- 435 Renovations/Remodel,Repair,Expired,100.0,1.0,1.0,10,78703.0,30.30557505,-97.75706209,"Lake Group, Llc",2020,2020,Yes
2020-09-30,2020-08-07,Electrical Permit,Residential,R- 329 Res Structures Other Than Bldg,New,Final,,1.0,1.0,8,78739.0,30.19978073,-97.91658273,D.A.S Electric,2020,2020,No
2020-09-30,2020-09-29,Electrical Permit,Residential,Residential,Auxiliary Power,Final,,1.0,1.0,Unknown,78660.0,30.40773297,-97.62428055,"Solstema, Llc",2020,2020,No
2020-09-30,2020-03-05,Electrical Permit,Commercial,C-1000 Commercial Remodel,Remodel,Final,,1.0,6.0,10,78759.0,,,,2020,2020,No
2020-09-30,2020-09-28,Building Permit,Residential,R- 435 Renovations/Remodel,Repair,Final,8702.0,1.0,1.0,3,78745.0,,,Power Hrg,2020,2020,Yes
2020-09-30,2020-08-28,Plumbing Permit,Residential,R- 101 Single Family Houses,New,Final,,1.0,2.0,8,78735.0,,,,2020,2020,No
2020-09-30,2020-09-24,Building Permit,Residential,R- 101 Single Family Houses,New,Final,311500.0,1.0,2.0,2,78747.0,30.13474606,-97.76219351,"Pacesetter Homes, Llc",2020,2020,Yes
2020-09-30,2020-05-07,Mechanical Permit,Residential,R- 434 Addition & Alterations,Addition and Remodel,Final,,1.0,2.0,7,78757.0,30.3380965,-97.72475807,Crystal Air Heating& Ac,2020,2020,No
2020-09-30,2020-09-21,Mechanical Permit,Residential,Residential,Repair,Final,,0.0,0.0,10,78703.0,30.30120098,-97.77954985,,2020,2020,No
2020-09-30,2020-09-29,Electrical Permit,Residential,Residential,Repair,Final,,1.0,1.0,7,78759.0,30.40622171,-97.73214833,Texas Electrical Services,2020,2020,No
2020-09-30,2020-09-16,Plumbing Permit,Residential,Residential,Repair,Final,,1.0,0.0,6,78750.0,30.44337014,-97.80758515,,2020,2020,No
2020-09-30,2020-09-29,Plumbing Permit,Residential,Residential,Repair,Final,,1.0,1.0,4,78758.0,30.36189134,-97.71161198,Lynch Plumbing Llc,2020,2020,No
2020-09-30,2020-09-30,Electrical Permit,Commercial,Commercial,Repair,Final,,1.0,1.0,6,78727.0,30.43477453,-97.75443047,"Jmeg, Lp",2020,2020,No
2020-08-03,2018-07-03,Building Permit,Commercial,C- 105 Five or More Family Bldgs,New,Final,51000000.0,106.0,4.0,3,78702.0,,,"Skybeck Construction, Llc",2020,2020,Yes
2020-09-30,2020-09-30,Electrical Permit,Commercial,Commercial,Repair,Final,,1.0,1.0,6,78727.0,30.43477453,-97.75443047,"Jmeg, Lp",2020,2020,No
2020-07-31,2020-07-31,Electrical Permit,Commercial,Sign Permit,Wall,Final,,,,3,78745.0,,,,2020,2020,No
2020-08-04,2020-04-03,Plumbing Permit,Commercial,C-1000 Commercial Remodel,Remodel,Final,,1.0,1.0,3,78745.0,30.21484964,-97.7623794,Tino Fabela Plumbing,2020,2020,No
2020-09-30,2020-03-03,Building Permit,Commercial,C-1000 Commercial Remodel,Remodel,Final,,1.0,1.0,7,78759.0,30.39160411,-97.7324475,"Saber Construction, Inc",2020,2020,No
2020-09-18,2020-09-09,Building Permit,Residential,R- 434 Addition & Alterations,Addition and Remodel,Final,1.0,0.0,0.0,5,78745.0,30.19801814,-97.81960666,B3E Creative Llc,2020,2020,Yes
2020-09-28,2019-08-02,Mechanical Permit,Residential,R- 434 Addition & Alterations,Addition and Remodel,Final,,1.0,2.0,10,78703.0,30.30229807,-97.77167916,Air-Rite By Design Inc,2020,2020,No
2020-09-25,2020-09-15,Plumbing Permit,Residential,Residential,Repair,Final,,1.0,0.0,8,78735.0,30.25200417,-97.84443492,Rod Plumbing,2020,2020,No
2020-09-30,2020-09-29,Building Permit,Residential,R- 435 Renovations/Remodel,Repair,Final,13810.0,1.0,1.0,2,78744.0,30.17561502,-97.76107445,Renewal By Andersen,2020,2020,Yes
2020-08-31,2020-05-19,Electrical Permit,Residential,R- 101 Single Family Houses,New,Final,,1.0,2.0,1,78721.0,,,Aei Electric Llc,2020,2020,No
2020-08-28,2020-08-27,Plumbing Permit,Residential,Residential,Change Out,Expired,,,,1,78753.0,,,,2020,2020,No
2020-08-28,2020-08-20,Electrical Permit,Commercial,Commercial,Repair,Final,,1.0,1.0,4,78751.0,30.31643415,-97.71084669,"Texstar Enterprises, Inc",2020,2020,No
2020-09-18,2020-09-16,Plumbing Permit,Residential,Residential,Repair,Final,,1.0,1.0,Unknown,78724.0,30.31750339,-97.61781352,Milligan Plumbing,2020,2020,No
2020-09-15,2020-08-07,Plumbing Permit,Commercial,C-1000 Commercial Remodel,Remodel,Final,,1.0,1.0,8,78746.0,30.25205804,-97.79989856,Joe Clark Mechanical Services,2020,2020,No
2020-08-31,2020-01-07,Building Permit,Residential,R- 101 Single Family Houses,New,Final,550000.0,1.0,2.0,3,78702.0,30.25748629,-97.71921822,Wilson Development Group Llc,2020,2020,Yes
2020-09-23,2020-03-26,Electrical Permit,Residential,R- 438 Residential Garage/Carport Addn,New,Final,,1.0,3.0,10,78703.0,30.29233391,-97.75673729,"Washburn Electric,Llc",2020,2020,No
2020-09-22,2020-02-26,Plumbing Permit,Residential,Residential,Irrigation,Final,,,,2,78744.0,30.1479352,-97.71950051,,2020,2020,No
2020-08-31,2020-08-31,Electrical Permit,Commercial,Commercial,Repair,Final,,1.0,1.0,9,78723.0,30.2980592,-97.70414482,Ari-Tex Electric Inc.,2020,2020,No
2020-08-28,2020-03-13,Plumbing Permit,Commercial,C-1001 Commercial Finish Out,Remodel,Final,,1.0,1.0,6,78727.0,30.4296924,-97.73658669,"Butler Plumbing, Inc.",2020,2020,No
2020-09-25,2020-06-02,Mechanical Permit,Residential,R- 434 Addition & Alterations,Addition and Remodel,Final,,1.0,1.0,2,78745.0,30.19150191,-97.78216125,Million-Air Ac & Heating,2020,2020,No
2020-09-15,2020-07-23,Plumbing Permit,Residential,Residential,Repair,Final,,1.0,1.0,4,78752.0,30.33142777,-97.72007465,Guerrero Plumbing,2020,2020,No
2020-09-16,2020-09-14,Plumbing Permit,Residential,Residential,Irrigation,Final,,,,Unknown,78729.0,30.44853346,-97.7591731,,2020,2020,No
2020-08-27,2020-08-27,Plumbing Permit,Residential,Residential,New,Final,,1.0,1.0,Unknown,78725.0,30.21900389,-97.63020724,,2020,2020,No
2020-09-09,2020-09-08,Electrical Permit,Residential,Residential,New,Final,,1.0,1.0,Unknown,78660.0,,,Allen Bebee Electric,2020,2020,No
2020-09-04,2020-09-02,Mechanical Permit,Residential,Residential,Change Out,Final,,,,8,78749.0,30.20808085,-97.8683874,Alamo Austin Air Conditioning & Heating Inc,2020,2020,No
2020-09-22,2020-09-21,Electrical Permit,Residential,Residential,Repair,Final,,1.0,1.0,3,78704.0,,,"Ies Residential, Inc.",2020,2020,No
2020-09-23,2018-11-16,Plumbing Permit,Residential,R- 101 Single Family Houses,New,Final,,1.0,2.0,3,78702.0,30.25290383,-97.70870716,Xenon'S & More Plumbing,2020,2020,No
2020-09-04,2020-09-02,Electrical Permit,Commercial,Sign Permit,Wall,Final,,,,3,78741.0,,,,2020,2020,No
2020-09-17,2020-07-24,Electrical Permit,Residential,R- 329 Res Structures Other Than Bldg,New,Final,,1.0,0.0,8,78746.0,30.2735434,-97.80700288,D.A.S Electric,2020,2020,No
2020-09-25,2020-08-26,Mechanical Permit,Commercial,Commercial,Change Out,Expired,,,,5,78748.0,,,"Beyer Mechanical & Plumbing, Inc.***Main***",2020,2020,No
2020-09-03,2020-08-28,Mechanical Permit,Residential,Residential,Change Out,Final,,,,6,78750.0,30.44356049,-97.79464825,"Sa&H Western Holdings, Llc",2020,2020,No
2020-09-03,2020-09-02,Electrical Permit,Residential,Residential,Repair,Final,,1.0,1.0,4,78752.0,30.3278224,-97.69671689,,2020,2020,No
2020-09-08,2020-09-03,Plumbing Permit,Residential,Residential,Change Out,Final,,,,2,78745.0,30.18961445,-97.78295192,,2020,2020,No
2020-09-21,2019-05-07,Mechanical Permit,Commercial,C- 329 Com Structures Other Than Bldg,New,Final,,1.0,1.0,9,78723.0,30.30067234,-97.70281846,"Air Craft Inc. Air Conditioning, Refrige",2020,2020,No
2020-08-31,2020-08-31,Electrical Permit,Commercial,Sign Permit,Wall,Final,,,,Unknown,78746.0,30.31543572,-97.85973303,,2020,2020,No
2020-09-23,2020-09-21,Electrical Permit,Residential,Residential,Repair,Final,,1.0,1.0,1,78653.0,,,"Austin Lanehart Electric Co., Inc.",2020,2020,No
2020-09-22,2020-09-22,Electrical Permit,Residential,Residential,New,Final,,1.0,1.0,Unknown,78724.0,,,"Ies Residential, Inc.",2020,2020,No
2020-09-18,2020-05-21,Mechanical Permit,Residential,R- 101 Single Family Houses,New,Final,,1.0,1.0,2,78744.0,30.14761921,-97.71803436,,2020,2020,No
2020-08-31,2020-08-31,Plumbing Permit,Residential,Residential,New,Final,,1.0,1.0,Unknown,78744.0,30.16841273,-97.69770447,Victory Plumbing Company,2020,2020,No
2020-09-08,2020-05-05,Mechanical Permit,Residential,R- 101 Single Family Houses,New,Final,,1.0,2.0,2,78744.0,,,,2020,2020,No
2020-09-23,2020-06-03,Plumbing Permit,Residential,R- 434 Addition & Alterations,Addition and Remodel,Final,,2.0,1.0,10,78703.0,30.29434922,-97.77730658,J R Custom Works,2020,2020,No
2020-08-31,2020-07-31,Building Permit,Commercial,C-1000 Commercial Remodel,Remodel,Final,,1.0,1.0,7,78757.0,,,Trade Winds Construction,2020,2020,No
2020-09-28,2020-09-18,Mechanical Permit,Residential,Residential,Change Out,Final,,,,5,78748.0,30.18386096,-97.83625301,,2020,2020,No
2020-09-09,2019-02-13,Electrical Permit,Residential,R- 329 Res Structures Other Than Bldg,New,Final,,0.0,1.0,9,78703.0,30.28061609,-97.76571073,"All American Pro Electric, Llc",2020,2020,No
2020-09-01,2019-07-31,Electrical Permit,Residential,R- 329 Res Structures Other Than Bldg,New,Final,,1.0,1.0,3,78704.0,30.2374412,-97.77132482,Bethea Electric,2020,2020,No
2020-08-30,2020-06-04,Mechanical Permit,Residential,R- 435 Renovations/Remodel,Repair,Final,,1.0,1.0,3,78741.0,,,Krd Mechanical,2020,2020,No
2020-09-16,2020-09-16,Electrical Permit,Residential,Residential,Repair,Final,,1.0,1.0,6,78717.0,30.47554408,-97.78202181,"In Charge Electrical Services, Llc",2020,2020,No
2020-09-08,2020-09-07,Plumbing Permit,Residential,Residential,Irrigation,Final,,,,Unknown,78660.0,,,,2020,2020,No
2020-09-25,2020-09-24,Electrical Permit,Commercial,Sign Permit,Freestanding,Final,,,,6,78750.0,30.46608846,-97.80203341,,2020,2020,No
2020-08-27,2020-08-26,Electrical Permit,Residential,Residential,Auxiliary Power,Final,,1.0,1.0,1,78724.0,30.2812635,-97.62937007,,2020,2020,No
2020-09-23,2020-03-02,Mechanical Permit,Commercial,C-1000 Commercial Remodel,Remodel,Final,,1.0,2.0,4,78753.0,30.35444794,-97.68546322,Rangers Heating & Air Conditioning,2020,2020,No
2020-09-29,2020-07-10,Electrical Permit,Residential,R- 101 Single Family Houses,New,Final,,1.0,2.0,1,78660.0,30.40200695,-97.61467493,Landmark Electric,2020,2020,No
2020-09-01,2017-07-06,Plumbing Permit,Commercial,C-1001 Commercial Finish Out,Remodel,Final,,11.0,33.0,9,78701.0,30.2563889,-97.7388366,"Biggs Plumbing Co, Inc",2020,2020,No
2020-09-16,2020-02-28,Building Permit,Residential,R- 434 Addition & Alterations,Addition and Remodel,Final,1.0,1.0,2.0,10,78734.0,30.36930093,-97.91531302,Kimmell Builders,2020,2020,Yes
2020-09-23,2018-11-16,Plumbing Permit,Residential,R- 102 Secondary Apartment,New,Final,,1.0,2.0,3,78702.0,30.25290383,-97.70870716,Xenon'S & More Plumbing,2020,2020,No
2020-09-02,2020-09-01,Plumbing Permit,Residential,Residential,Irrigation,Final,,,,2,78747.0,30.13663088,-97.76141561,,2020,2020,No
2020-09-29,2020-09-28,Mechanical Permit,Residential,Residential,Change Out,Final,,,,10,78731.0,30.3523817,-97.76549704,"Stan'S Heating, Air, Plumbing, & Electrical",2020,2020,No
2020-09-15,2020-08-07,Mechanical Permit,Commercial,C-1000 Commercial Remodel,Remodel,Final,,1.0,1.0,8,78746.0,30.25205804,-97.79989856,"Schneider A/C & Heating, Llc",2020,2020,No
2020-09-21,2020-09-16,Mechanical Permit,Residential,Residential,Change Out,Expired,,,,6,78717.0,30.50726979,-97.75642467,,2020,2020,No
2020-09-24,2020-09-11,Building Permit,Commercial,C- 649 Demolition All Other Bldgs Com,Demolition,Expired,0.0,1.0,1.0,7,78757.0,30.3403155,-97.73055156,Bartlett Cocke General Contractors (Main),2020,2020,No
2020-09-24,2020-09-11,Building Permit,Commercial,C- 649 Demolition All Other Bldgs Com,Demolition,Final,0.0,1.0,1.0,7,78757.0,30.3403155,-97.73055156,Bartlett Cocke General Contractors (Main),2020,2020,No
2020-09-18,2020-03-04,Plumbing Permit,Residential,Residential,Irrigation,Final,,,,1,78724.0,30.30683717,-97.6274331,,2020,2020,No
2020-09-18,2020-09-10,Mechanical Permit,Residential,Residential,Change Out,Final,,,,8,78736.0,30.24011352,-97.89745212,Mccullough Heating & Air,2020,2020,No
2020-09-03,2020-08-25,Mechanical Permit,Residential,Residential,Change Out,Expired,,,,4,78757.0,30.35941599,-97.72320781,"Sa&H Western Holdings, Llc",2020,2020,No
2020-09-15,2020-09-14,Plumbing Permit,Residential,Residential,Repair,Final,,0.0,0.0,10,78732.0,30.33515136,-97.91854053,Victory Plumbing Company,2020,2020,No
2020-09-08,2020-08-27,Plumbing Permit,Residential,R- 435 Renovations/Remodel,Repair,Final,,1.0,1.0,10,78703.0,30.29733559,-97.76366535,Rw Webb Plumbing,2020,2020,No
2020-09-03,2020-09-02,Electrical Permit,Residential,Residential,Auxiliary Power,Final,,1.0,1.0,Unknown,78660.0,30.40772223,-97.62455375,"Solstema, Llc",2020,2020,No
2020-09-14,2020-05-06,Plumbing Permit,Residential,Residential,Irrigation,Final,,,,2,78744.0,30.14353489,-97.71708793,,2020,2020,No
2020-09-25,2020-09-23,Plumbing Permit,Residential,Residential,Irrigation,Final,,,,Unknown,78660.0,30.40745122,-97.62526581,,2020,2020,No
2020-09-08,2020-07-10,Plumbing Permit,Residential,R- 101 Single Family Houses,New,Final,,1.0,1.0,1,78660.0,30.40086558,-97.61428829,Christianson Plumbing,2020,2020,No
2020-08-28,2020-08-27,Electrical Permit,Residential,Residential,Repair,Expired,,1.0,1.0,2,78744.0,30.15889136,-97.72443272,"In Charge Electrical Services, Llc",2020,2020,No
2020-09-03,2020-08-28,Building Permit,Residential,R- 435 Renovations/Remodel,Repair,Expired,22600.0,1.0,1.0,10,78731.0,30.36379924,-97.76169789,Harris Home Exteriors,2020,2020,Yes
2020-09-17,2020-09-16,Plumbing Permit,Commercial,Commercial,Change Out,Final,,,,2,78744.0,30.18854871,-97.7645862,,2020,2020,No
2020-09-30,2020-09-14,Electrical Permit,Residential,Residential,Repair,Final,,0.0,0.0,2,78617.0,,,Allen Bebee Electric,2020,2020,No
2020-09-17,2020-06-29,Plumbing Permit,Residential,R- 434 Addition & Alterations,Addition and Remodel,Final,,1.0,2.0,5,78704.0,30.25258842,-97.79320971,Austin Select Plumbing,2020,2020,No
2020-09-15,2020-09-14,Electrical Permit,Residential,Residential,Repair,Final,,1.0,1.0,9,78723.0,30.29477002,-97.69665949,Matt'S Electrical Work,2020,2020,No
2020-09-18,2020-06-01,Electrical Permit,Commercial,C-1000 Commercial Remodel,Remodel,Final,,6.0,2.0,2,78744.0,30.1996283,-97.73520938,Agape Electric Ltd,2020,2020,No
2020-09-02,2019-12-03,Electrical Permit,Commercial,C-1001 Commercial Finish Out,Remodel,Final,,1.0,1.0,2,78745.0,30.18241925,-97.78196419,Savelectric,2020,2020,No
2020-09-18,2020-08-14,Electrical Permit,Commercial,C-1000 Commercial Remodel,Remodel,Final,,1.0,2.0,2,78719.0,,,"Hays Electrical Services, Inc",2020,2020,No
2020-09-23,2020-09-18,Building Permit,Residential,R- 101 Single Family Houses,New,Final,243750.0,1.0,1.0,2,78747.0,30.13470881,-97.76307729,"Pacesetter Homes, Llc",2020,2020,Yes
2020-09-02,2020-08-31,Building Permit,Residential,R- 435 Renovations/Remodel,Repair,Final,35990.0,1.0,1.0,10,78759.0,30.37821016,-97.75043,Renewal By Andersen,2020,2020,Yes
2020-09-21,2018-06-22,Plumbing Permit,Residential,Residential,Irrigation,Final,,,,1,78725.0,30.28218608,-97.66010305,,2020,2020,No
2020-09-01,2020-08-31,Plumbing Permit,Residential,Residential,Irrigation,Final,,,,1,78724.0,30.3069198,-97.62691727,,2020,2020,No
2020-08-28,2020-06-17,Electrical Permit,Residential,R- 102 Secondary Apartment,New,Final,,1.0,2.0,3,78741.0,30.22857611,-97.70437352,Jrw Electric,2020,2020,No
2020-09-22,2020-09-13,Mechanical Permit,Residential,Residential,Change Out,Final,,,,8,78749.0,30.21001448,-97.88373374,American Residential Services (Ars),2020,2020,No
2020-09-16,2020-09-10,Mechanical Permit,Residential,Residential,Repair,Final,,1.0,1.0,7,78731.0,30.32469203,-97.75238261,Damairv Air Conditioning,2020,2020,No
2020-09-19,2018-08-03,Plumbing Permit,Residential,R- 330  Accessory Use to Primary,New,Final,,1.0,1.0,2,78745.0,30.1865181,-97.7784242,Xenon'S & More Plumbing,2020,2020,No
2020-08-31,2020-06-01,Building Permit,Commercial,C-1000 Commercial Remodel,Remodel,Final,,6.0,2.0,2,78744.0,30.1996283,-97.73520938,"Legacy Construction Sercives, Llc",2020,2020,No
2020-09-04,2020-07-09,Building Permit,Residential,R- 434 Addition & Alterations,Addition and Remodel,Final,150000.0,1.0,1.0,10,78703.0,,,,2020,2020,Yes
2020-08-31,2020-06-29,Electrical Permit,Residential,R- 101 Single Family Houses,New,Final,,1.0,2.0,1,78724.0,30.32046432,-97.65685821,"Austin Lanehart Electric Co., Inc.",2020,2020,No
2020-09-10,2020-07-10,Plumbing Permit,Residential,R- 101 Single Family Houses,New,Final,,1.0,2.0,1,78660.0,30.40200695,-97.61467493,Christianson Plumbing,2020,2020,No
2020-09-08,2020-06-23,Electrical Permit,Commercial,C-1000 Commercial Remodel,Repair,Final,,1.0,1.0,6,78727.0,,,Kumar Electrical Inc,2020,2020,No
2020-09-21,2020-06-23,Mechanical Permit,Commercial,C-1000 Commercial Remodel,Remodel,Final,,1.0,10.0,9,78701.0,,,,2020,2020,No
2020-09-11,2020-09-10,Building Permit,Residential,R- 435 Renovations/Remodel,Repair,Final,800.0,1.0,1.0,5,78748.0,30.15111023,-97.84186502,Suttin Construction,2020,2020,Yes
2020-09-21,2019-06-27,Plumbing Permit,Residential,R- 101 Single Family Houses,New,Final,,1.0,2.0,2,78747.0,30.15301921,-97.7557767,,2020,2020,No
2020-09-18,2020-03-05,Electrical Permit,Commercial,C-1000 Commercial Remodel,Remodel,Final,,0.0,1.0,5,78745.0,30.2310247,-97.7973052,Eldridge Electric Co,2020,2020,No
2020-09-09,2020-09-08,Electrical Permit,Residential,Residential,Repair,Final,,1.0,1.0,4,78752.0,30.33849425,-97.7132403,Frank'S Electric,2020,2020,No
2020-09-04,2020-08-28,Building Permit,Residential,R- 101 Single Family Houses,New,Final,880400.0,1.0,2.0,10,78731.0,30.31446019,-97.75126146,"Milestone Community Builders, Llc(Main)",2020,2020,Yes
2020-09-02,2020-05-14,Mechanical Permit,Residential,R- 101 Single Family Houses,New,Final,,1.0,2.0,1,78660.0,30.40035246,-97.61369673,Christianson Plumbing & Air Co,2020,2020,No
2020-09-09,2019-08-30,Mechanical Permit,Residential,R- 101 Single Family Houses,New,Final,,1.0,2.0,5,78704.0,30.25079701,-97.78374672,Ehrlich Mechanical,2020,2020,No
2020-09-24,2019-10-14,Plumbing Permit,Residential,R- 329 Res Structures Other Than Bldg,New,Final,,1.0,1.0,10,78732.0,30.41814038,-97.88674629,Local Plumbing Service-Dba Crow'S Plumbing Service,2020,2020,No
2020-09-29,2020-02-12,Building Permit,Commercial,C- 105 Five or More Family Bldgs,New,Final,25000000.0,21.0,4.0,1,78753.0,30.39691534,-97.67091403,"Embrey Builders, Llc",2020,2020,Yes
2020-09-10,2019-06-14,Plumbing Permit,Commercial,C- 327 Stores & Customer Services,New,Final,,1.0,1.0,7,78753.0,,,Superflame Plumbing Company,2020,2020,No
2020-09-02,2020-09-01,Plumbing Permit,Residential,Residential,Repair,Final,,4.0,0.0,4,78752.0,30.33341193,-97.69929728,Jm Plumbing,2020,2020,No
2020-09-08,2020-07-13,Plumbing Permit,Residential,R- 101 Single Family Houses,New,Final,,1.0,2.0,1,78660.0,30.40110825,-97.61379915,Christianson Plumbing,2020,2020,No
2020-09-22,2020-09-09,Mechanical Permit,Residential,Residential,Change Out,Expired,,,,10,78730.0,30.36639573,-97.84211406,Smart Air Service Co.,2020,2020,No
2020-08-27,2020-08-26,Mechanical Permit,Residential,Residential,Change Out,Final,,,,10,78703.0,30.29757039,-97.75167212,Service Wizard Llc,2020,2020,No
2020-09-11,2020-09-10,Plumbing Permit,Residential,Residential,Irrigation,Final,,,,2,78747.0,30.15468517,-97.76038769,,2020,2020,No
2020-09-14,2020-07-29,Electrical Permit,Residential,R- 101 Single Family Houses,New,Final,,1.0,2.0,1,78653.0,,,Bolder Electric Solutions,2020,2020,No
2020-09-17,2020-09-16,Mechanical Permit,Residential,Residential,Change Out,Expired,,,,7,78727.0,30.41923918,-97.72050572,Efficient Air Conditioning Inc.,2020,2020,No
2020-09-15,2020-08-10,Plumbing Permit,Residential,Residential,Repair,Final,,1.0,0.0,1,78724.0,30.29147517,-97.63874421,"La Casita Plumbing, Llc",2020,2020,No
2020-09-24,2020-09-15,Mechanical Permit,Residential,Residential,Change Out,Final,,,,8,78739.0,30.19601557,-97.90335417,"Stan'S Heating, Air, Plumbing, & Electrical",2020,2020,No
2020-09-25,2020-07-10,Driveway / Sidewalks,Residential,Res. Driveway & Sidewalk,New,Final,,,,1,78660.0,30.40086558,-97.61428829,D R Horton Homes,2020,2020,No
2020-08-31,2020-03-24,Building Permit,Commercial,"C- 437 Addn, Alter, Convn-NonRes",Addition and Remodel,Final,600000.0,2.0,1.0,9,78704.0,30.25044546,-97.75450337,Trinity Constructors,2020,2020,Yes
2020-09-04,2020-09-02,Mechanical Permit,Residential,Residential,Change Out,Final,,,,6,78750.0,30.46234501,-97.80578921,Service Wizard Llc,2020,2020,No
2020-09-25,2020-02-20,Plumbing Permit,Residential,Residential,Irrigation,Final,,,,2,78744.0,30.20239771,-97.69338291,,2020,2020,No
2020-09-15,2018-07-25,Building Permit,Residential,R- 103 Two Family Bldgs,New,Final,4578.0,2.0,3.0,9,78703.0,30.27608233,-97.75824845,Vinson Radke Homes****Main****,2020,2020,Yes
2020-09-04,2020-08-27,Plumbing Permit,Residential,Residential,Repair,Expired,,1.0,0.0,Unknown,78729.0,30.45835159,-97.7766228,Liberty Hill Plumbing,2020,2020,No
2020-09-11,2020-09-11,Electrical Permit,Commercial,Sign Permit,Projecting,Final,,,,9,78704.0,30.25323347,-97.74804849,,2020,2020,No
2020-09-10,2020-09-04,Building Permit,Residential,R- 435 Renovations/Remodel,Repair,Final,2000.0,1.0,1.0,1,78753.0,30.39290102,-97.65459041,"On-Call Management Services, Inc",2020,2020,Yes
2020-09-29,2020-09-24,Mechanical Permit,Residential,Residential,Change Out,Final,,,,10,78703.0,30.30063025,-97.75529868,Service Wizard Llc,2020,2020,No
2020-09-28,2020-09-28,Electrical Permit,Residential,Residential,New,Final,,1.0,1.0,Unknown,78660.0,30.40507634,-97.62181989,,2020,2020,No
2020-09-08,2020-05-20,Mechanical Permit,Residential,R- 102 Secondary Apartment,New,Final,,1.0,2.0,7,78757.0,30.34100064,-97.72163862,,2020,2020,No
2020-09-25,2019-08-02,Plumbing Permit,Residential,Residential,Irrigation,Final,,,,2,78617.0,30.14790814,-97.59625427,,2020,2020,No
2020-09-29,2020-03-27,Driveway / Sidewalks,Residential,"Res. Driveway, Sidewalk, Curb, Gutter",New,Final,,,,3,78741.0,30.23938154,-97.69203927,"Paradisa Homes, Llc***Main***",2020,2020,No
2020-08-31,2020-08-26,Mechanical Permit,Residential,Residential,Repair,Final,,0.0,0.0,5,78745.0,30.20237089,-97.82138052,Green Collar Operations Llc.,2020,2020,No
2020-09-17,2020-09-02,Electrical Permit,Residential,Residential,New,Final,,1.0,1.0,Unknown,78660.0,,,,2020,2020,No
2020-09-11,2020-09-02,Building Permit,Commercial,C-1000 Commercial Remodel,Remodel,Expired,,1.0,1.0,5,78748.0,30.17398265,-97.8212448,Glotel Inc,2020,2020,No
2020-09-21,2020-02-28,Building Permit,Commercial,C- 321 Pkg Garage Bldg & Open Deck,New,Final,35000000.0,1.0,1.0,6,78717.0,,,Oht Construction Llc ***Main***,2020,2020,Yes
2020-09-21,2020-02-19,Building Permit,Commercial,C- 329 Com Structures Other Than Bldg,New,Final,63500.0,1.0,1.0,6,78729.0,30.44470833,-97.78650451,New Wave Pools Inc,2020,2020,Yes
2020-09-10,2020-09-01,Driveway / Sidewalks,Residential,Res. Driveway,Repair,Final,,,,5,78745.0,30.21016567,-97.80909734,,2020,2020,No
2020-09-02,2019-10-29,Building Permit,Commercial,"C- 437 Addn, Alter, Convn-NonRes",Addition and Remodel,Final,32000000.0,1.0,3.0,10,78703.0,30.30846346,-97.763667,"Navcon Group, Llc***Main***",2020,2020,Yes
2020-09-23,2020-09-18,Building Permit,Residential,R- 101 Single Family Houses,New,Final,284625.0,1.0,2.0,2,78747.0,30.13560633,-97.76202824,"Pacesetter Homes, Llc",2020,2020,Yes
2020-09-09,2019-07-23,Driveway / Sidewalks,Residential,Res. Driveway & Sidewalk,New,Final,,,,1,78724.0,30.28855982,-97.6428062,Urban Intown Homes Llc,2020,2020,No
2020-09-09,2020-02-19,Building Permit,Commercial,C-1000 Commercial Remodel,Remodel,Final,,1.0,1.0,3,78702.0,30.25920329,-97.72100932,La Super Michoaca,2020,2020,No
2020-09-16,2020-09-02,Electrical Permit,Residential,Residential,Auxiliary Power,Final,,1.0,1.0,8,78735.0,30.23766349,-97.85205165,,2020,2020,No
2020-08-28,2020-06-19,Plumbing Permit,Commercial,C-1000 Commercial Remodel,Remodel,Final,,1.0,1.0,8,78749.0,30.226988,-97.83174603,"Butler Plumbing, Inc.",2020,2020,No
2020-08-28,2020-07-07,Building Permit,Residential,R- 101 Single Family Houses,New,Final,1.0,1.0,2.0,2,78744.0,30.14799553,-97.71881849,David Weekley Homes (Main),2020,2020,Yes
2020-09-16,2020-09-13,Plumbing Permit,Residential,Residential,Repair,Final,,1.0,1.0,10,78703.0,30.30716318,-97.75424929,Lago Plumbing,2020,2020,No
2020-09-28,2020-09-24,Electrical Permit,Residential,Residential,Upgrade,VOID,,1.0,1.0,9,78704.0,30.24134689,-97.74779337,Pinpoint Electrical Systems,2020,2020,No
2020-09-21,2020-02-28,Building Permit,Commercial,C- 321 Pkg Garage Bldg & Open Deck,New,Final,35000000.0,1.0,1.0,6,78717.0,,,Oden Hughes Llc Dba Cactus Rose Oh Delta Llc,2020,2020,Yes
2020-09-17,2020-06-12,Building Permit,Residential,R- 434 Addition & Alterations,Addition and Remodel,Expired,80000.0,1.0,1.0,4,78757.0,30.36686099,-97.72576577,Lumi Services Llc,2020,2020,Yes
2020-09-17,2020-09-16,Mechanical Permit,Residential,Residential,Change Out,Final,,,,7,78758.0,30.39908434,-97.69402559,Efficient Air Conditioning Inc.,2020,2020,No
2020-09-17,2020-06-09,Mechanical Permit,Residential,R- 101 Single Family Houses,New,Final,,1.0,1.0,5,78745.0,30.22150244,-97.78369341,"De King Services, Llc",2020,2020,No
2020-09-08,2020-04-16,Mechanical Permit,Commercial,C-1000 Commercial Remodel,Remodel,Final,,1.0,1.0,4,78753.0,30.34841093,-97.69347131,,2020,2020,No
2020-09-24,2020-09-23,Mechanical Permit,Residential,Residential,Change Out,Final,,,,10,78703.0,30.29492152,-97.75698832,"Stan'S Heating, Air, Plumbing, & Electrical",2020,2020,No
2020-09-25,2020-06-18,Plumbing Permit,Residential,R- 329 Res Structures Other Than Bldg,New,Final,,1.0,1.0,8,78739.0,30.18786677,-97.90655077,Proficient Plumbing Solutions,2020,2020,No
2020-09-21,2020-04-15,Electrical Permit,Residential,R- 101 Single Family Houses,New,Final,,1.0,2.0,9,78704.0,30.24179168,-97.74462331,Bolder Electric Solutions,2020,2020,No
2020-09-28,2020-07-17,Mechanical Permit,Residential,R- 101 Single Family Houses,New,Final,,1.0,2.0,1,78724.0,30.3202013,-97.65519476,,2020,2020,No
2020-09-17,2020-09-02,Electrical Permit,Residential,Residential,Auxiliary Power,Final,,1.0,1.0,2,78744.0,30.18281372,-97.75743852,,2020,2020,No
2020-09-01,2020-07-02,Mechanical Permit,Residential,R- 101 Single Family Houses,New,Final,,1.0,2.0,5,78748.0,30.16299318,-97.82001439,,2020,2020,No
2020-09-11,2020-08-14,Mechanical Permit,Residential,Residential,Change Out,Expired,,,,10,78731.0,30.34079383,-97.77385321,American Conservation & Air,2020,2020,No
2020-09-08,2020-09-02,Building Permit,Residential,R- 435 Renovations/Remodel,Repair,Expired,50000.0,1.0,1.0,7,78757.0,30.35480598,-97.74367377,,2020,2020,Yes
2020-08-27,2019-10-09,Mechanical Permit,Residential,R- 102 Secondary Apartment,New,Final,,1.0,2.0,4,78723.0,,,Capital One Enterprises,2020,2020,No
2020-09-29,2020-09-04,Building Permit,Residential,R- 435 Renovations/Remodel,Repair,Expired,499.0,1.0,1.0,10,78731.0,30.36521003,-97.78179736,"Trinity Exterior Group, Lp *Main*",2020,2020,Yes
2020-08-27,2020-06-29,Plumbing Permit,Residential,Residential,Repair,Final,,1.0,2.0,5,78747.0,30.1471853,-97.77769168,Make It Drain Llc,2020,2020,No
2020-08-28,2020-08-28,Electrical Permit,Residential,Residential,Special Inspections Program,Final,,,,1,78753.0,30.38408491,-97.66152907,Grayzer Electric Llc,2020,2020,No
2020-09-25,2020-09-21,Plumbing Permit,Residential,Residential,Repair,Final,,1.0,0.0,3,78741.0,30.21934727,-97.7382861,,2020,2020,No
2020-09-30,2020-07-28,Electrical Permit,Residential,R- 101 Single Family Houses,New,Final,,1.0,2.0,3,78702.0,,,M-1 Electric,2020,2020,No
2020-09-09,2019-05-30,Electrical Permit,Residential,R- 329 Res Structures Other Than Bldg,New,Final,,0.0,0.0,5,78704.0,30.25635027,-97.77920908,"All American Pro Electric, Llc",2020,2020,No
2020-09-24,2020-07-30,Plumbing Permit,Residential,R- 101 Single Family Houses,New,Final,,1.0,2.0,2,78744.0,30.1545765,-97.71784927,Victory Plumbing Company,2020,2020,No
2020-08-27,2020-07-28,Building Permit,Residential,R- 434 Addition & Alterations,Addition and Remodel,Final,1.0,0.0,0.0,10,78703.0,30.29664141,-97.77433316,The Muskin Company,2020,2020,Yes
2020-09-17,2020-09-17,Electrical Permit,Residential,Residential,Repair,Final,,1.0,1.0,5,78704.0,30.24451189,-97.78772343,Home Work Plus,2020,2020,No
2020-09-02,2020-08-27,Building Permit,Residential,R- 435 Renovations/Remodel,Repair,Expired,9120.0,1.0,1.0,7,78727.0,30.41776799,-97.72295108,Sears Home Improvement Products Inc.,2020,2020,Yes
2020-08-28,2020-08-27,Mechanical Permit,Residential,Residential,Change Out,Final,,,,8,78749.0,30.22468017,-97.85052614,,2020,2020,No
2020-09-10,2020-06-04,Plumbing Permit,Residential,R- 101 Single Family Houses,New,Final,,1.0,1.0,1,78660.0,30.3995153,-97.61403763,Christianson Plumbing,2020,2020,No
2020-09-28,2020-06-05,Mechanical Permit,Residential,R- 101 Single Family Houses,New,Final,,1.0,2.0,5,78748.0,30.13103407,-97.80822724,Woods Comfort Systems,2020,2020,No
2020-09-02,2020-07-14,Plumbing Permit,Residential,Residential,Irrigation,Expired,,,,2,78747.0,30.13979605,-97.77003007,,2020,2020,No
2020-09-28,2020-05-27,Electrical Permit,Residential,R- 101 Single Family Houses,New,Final,,1.0,3.0,10,78730.0,30.37007902,-97.82113568,Leveland Homes & Remodeling,2020,2020,No
2020-09-02,2020-07-01,Plumbing Permit,Residential,R- 101 Single Family Houses,New,Final,,1.0,1.0,1,78660.0,30.39992412,-97.61502875,Christianson Plumbing,2020,2020,No
2020-09-21,2020-07-17,Building Permit,Residential,R- 434 Addition & Alterations,Addition and Remodel,Final,68490.0,1.0,1.0,7,78757.0,30.33735624,-97.73096433,Champagne Campaign Llc,2020,2020,Yes
2020-08-27,2020-06-11,Electrical Permit,Residential,R- 101 Single Family Houses,New,Final,,1.0,1.0,1,78660.0,30.40093213,-97.61392469,Landmark Electric,2020,2020,No
2020-09-23,2020-06-04,Plumbing Permit,Commercial,C-1000 Commercial Remodel,Remodel,Final,,1.0,1.0,1,78752.0,,,Stellar Plumbing Inc,2020,2020,No
2020-09-21,2020-02-28,Building Permit,Commercial,C- 329 Com Structures Other Than Bldg,New,Final,35000000.0,1.0,1.0,6,78717.0,,,Oht Construction Llc ***Main***,2020,2020,Yes
2020-08-28,2020-08-12,Plumbing Permit,Residential,R- 101 Single Family Houses,New,Final,,1.0,2.0,8,78652.0,30.1718076,-97.92033991,,2020,2020,No
2020-09-21,2020-06-12,Plumbing Permit,Commercial,C- 104 Three & Four Family Bldgs,New,Final,,4.0,4.0,10,78731.0,30.31458597,-97.75204426,"Accent Plumbing, Inc.",2020,2020,No
2020-09-01,2019-11-19,Mechanical Permit,Residential,R- 101 Single Family Houses,New,Final,,1.0,2.0,1,78721.0,30.2754438,-97.69615433,Infinity Heating And Cooling,2020,2020,No
2020-09-01,2020-08-31,Plumbing Permit,Residential,Residential,Irrigation,Final,,,,1,78653.0,,,,2020,2020,No
2020-09-30,2020-09-28,Electrical Permit,Commercial,Commercial,Repair,Final,,1.0,1.0,7,78757.0,30.33171447,-97.72294265,Rbh Electrical,2020,2020,No
2020-09-22,2020-09-16,Electrical Permit,Residential,Residential,Upgrade,Final,,1.0,1.0,1,78723.0,,,Hellas Construction,2020,2020,No
2020-09-18,2020-09-17,Electrical Permit,Residential,Residential,Repair,Final,,1.0,1.0,4,78752.0,30.33130679,-97.69589877,,2020,2020,No
2020-09-22,2020-08-27,Mechanical Permit,Residential,Residential,Change Out,Expired,,,,8,78735.0,30.25727758,-97.87684163,Abc Home And Commercial Services,2020,2020,No
2020-09-02,2020-09-01,Plumbing Permit,Residential,Residential,Irrigation,Final,,,,2,78747.0,30.13779488,-97.76048916,,2020,2020,No
2020-09-24,2020-08-04,Electrical Permit,Residential,R- 434 Addition & Alterations,Addition and Remodel,Final,,1.0,2.0,6,78750.0,30.4425778,-97.80897083,Multi Electric Co.,2020,2020,No
2020-09-14,2020-02-12,Driveway / Sidewalks,Residential,Res. Driveway & Sidewalk,New,Final,,,,1,78724.0,30.30682487,-97.62685019,D R Horton Homes,2020,2020,No
2020-09-22,2020-09-21,Building Permit,Residential,R- 435 Renovations/Remodel,Repair,Final,2500.0,1.0,1.0,1,78724.0,,,Valdez Remodeling & Weatherization Inc.,2020,2020,Yes
2020-09-28,2020-08-27,Building Permit,Residential,R- 101 Single Family Houses,New,Final,230724.0,1.0,1.0,2,78744.0,30.14660163,-97.71857455,Dream Finders Homes,2020,2020,Yes
2020-09-04,2019-09-25,Driveway / Sidewalks,Residential,Res. Driveway,New,Final,,,,3,78702.0,30.25978803,-97.69665482,"Williams Austin, Inc.",2020,2020,No
2020-09-29,2020-09-22,Electrical Permit,Residential,Residential,Repair,Final,,1.0,1.0,1,78753.0,30.38843267,-97.66321694,Capitol City Electric & Solar,2020,2020,No
2020-09-18,2020-02-27,Plumbing Permit,Residential,Residential,Irrigation,Final,,,,2,78744.0,30.1461599,-97.72064662,,2020,2020,No
2020-09-17,2020-06-15,Building Permit,Residential,R- 101 Single Family Houses,New,Final,257400.0,1.0,2.0,7,78758.0,30.39625442,-97.69724727,Wes Peoples Homes Llc,2020,2020,Yes
2020-09-21,2020-02-28,Building Permit,Commercial,C- 321 Pkg Garage Bldg & Open Deck,New,Final,35000000.0,1.0,1.0,6,78717.0,,,Oht Construction Llc ***Main***,2020,2020,Yes
2020-09-10,2020-09-08,Mechanical Permit,Residential,Residential,Change Out,Expired,,,,10,78731.0,30.34407454,-97.77272925,Smart Air Service Co.,2020,2020,No
2020-09-24,2020-01-24,Building Permit,Residential,R- 330  Accessory Use to Primary,New,Final,1.0,1.0,1.0,8,78746.0,30.27983642,-97.78908616,"Lavaca Homes, Llc",2020,2020,Yes
2020-08-31,2020-07-24,Plumbing Permit,Residential,R- 101 Single Family Houses,New,Final,,1.0,2.0,1,78653.0,,,Mustang Plumbing,2020,2020,No
2020-09-18,2020-09-09,Plumbing Permit,Residential,R- 434 Addition & Alterations,Addition and Remodel,Final,,1.0,0.0,5,78745.0,30.19801814,-97.81960666,Hm Plumbing Llc,2020,2020,No
2020-09-08,2020-09-01,Plumbing Permit,Residential,Residential,Repair,Final,,1.0,1.0,7,78757.0,30.35604639,-97.74530863,G & M Plumbing,2020,2020,No
2020-09-11,2020-02-19,Electrical Permit,Commercial,C-1000 Commercial Remodel,Remodel,Final,,1.0,1.0,3,78702.0,30.25920329,-97.72100932,Longhorn Electric Llc,2020,2020,No
2020-08-31,2020-06-01,Building Permit,Commercial,C-1000 Commercial Remodel,Remodel,Final,,6.0,2.0,2,78744.0,30.1996283,-97.73520938,"Legacy Construction Sercives, Llc",2020,2020,No
2020-08-27,2020-08-25,Electrical Permit,Residential,Residential,Auxiliary Power,Final,,1.0,1.0,Unknown,78660.0,30.44249318,-97.63552773,,2020,2020,No
2020-09-22,2020-08-26,Building Permit,Residential,R- 329 Res Structures Other Than Bldg,New,Final,0.0,0.0,0.0,8,78739.0,30.1865377,-97.92749701,South Austin Development Group Llc (Main),2020,2020,No
2020-09-14,2020-08-11,Building Permit,Commercial,C-1000 Commercial Remodel,Remodel,Final,,1.0,1.0,10,78731.0,30.37964191,-97.76544046,Glotel Inc,2020,2020,No
2020-09-29,2020-05-26,Mechanical Permit,Residential,Residential,Repair,Final,,2.0,0.0,9,78722.0,30.30182891,-97.71107558,"Dayton A/C & Heating, Llc Dba Dayton Services",2020,2020,No
2020-09-25,2020-09-14,Electrical Permit,Commercial,Sign Permit,Wall,Final,,,,5,78704.0,30.24165762,-97.7819449,,2020,2020,No
2020-09-29,2020-06-24,Electrical Permit,Residential,R- 101 Single Family Houses,New,Final,,1.0,1.0,1,78660.0,30.40219262,-97.61396212,Landmark Electric,2020,2020,No
2020-08-28,2020-08-24,Mechanical Permit,Residential,Residential,Change Out,Final,,,,9,78722.0,30.28850023,-97.70971047,Mccullough Heating & Air,2020,2020,No
2020-08-27,2020-04-01,Electrical Permit,Commercial,C-1000 Commercial Remodel,Remodel,Final,,1.0,1.0,9,78705.0,30.28421533,-97.74474684,Kyle Electrical Services,2020,2020,No
2020-09-10,2020-06-25,Driveway / Sidewalks,Residential,"Res. Driveway, Curb, Gutter",New,Final,,,,10,78703.0,30.30037225,-97.77660824,,2020,2020,No
2020-09-24,2020-09-11,Building Permit,Residential,R- 435 Renovations/Remodel,Repair,Final,4500.0,1.0,1.0,3,78721.0,30.26925145,-97.68502427,Capital River Group Llc***Void***,2020,2020,Yes
2020-09-08,2020-09-04,Mechanical Permit,Residential,Residential,Change Out,Final,,,,7,78757.0,30.35111096,-97.73517888,Mj2 Mechanical Llc,2020,2020,No
2020-08-27,2020-08-26,Electrical Permit,Residential,Residential,New,Final,,1.0,1.0,Unknown,78724.0,30.26348716,-97.58808858,Landmark Electric,2020,2020,No
2020-09-02,2020-09-02,Plumbing Permit,Residential,Residential,Repair,Final,,1.0,2.0,9,78751.0,30.30101842,-97.72811212,Priscilla Plumbing Company,2020,2020,No
2020-09-28,2020-08-31,Mechanical Permit,Commercial,C-1000 Commercial Remodel,Remodel,Final,,1.0,1.0,8,78746.0,30.27146137,-97.81706377,Gemini Mechanical Services Inc.,2020,2020,No
2020-09-08,2020-01-22,Driveway / Sidewalks,Residential,Res. Driveway & Sidewalk,New,Final,,,,1,78660.0,30.39180352,-97.61509589,D R Horton Homes,2020,2020,No
2020-09-24,2020-07-20,Mechanical Permit,Residential,Residential,Change Out,Expired,,,,10,78759.0,30.37552029,-97.76302527,"Sa&H Western Holdings, Llc",2020,2020,No
2020-09-18,1998-04-10,Building Permit,Residential,R- 434 Addition & Alterations,Addition,Final,120000.0,1.0,2.0,10,78703.0,30.29314281,-97.75442744,,2020,2020,Yes
2020-09-17,2020-09-15,Building Permit,Residential,R- 101 Single Family Houses,New,Final,253375.0,1.0,1.0,2,78747.0,30.13528251,-97.76233745,"Pacesetter Homes, Llc",2020,2020,Yes
2020-09-28,2020-06-05,Electrical Permit,Residential,R- 101 Single Family Houses,New,Final,,1.0,2.0,5,78748.0,30.13103407,-97.80822724,"In Charge Electrical Services, Llc",2020,2020,No
2020-09-15,2020-09-11,Plumbing Permit,Residential,Residential,New,Final,,1.0,1.0,Unknown,78617.0,30.16397957,-97.63385111,Victory Plumbing Company,2020,2020,No
2020-09-25,2020-04-07,Plumbing Permit,Commercial,C-1000 Commercial Remodel,Remodel,Final,,1.0,1.0,9,78751.0,30.30046387,-97.71965158,D4 Piping Llc,2020,2020,No
2020-09-04,2020-09-03,Plumbing Permit,Commercial,Commercial,Irrigation,Final,,,,1,78754.0,,,,2020,2020,No
2020-09-15,2020-03-25,Mechanical Permit,Residential,R- 434 Addition & Alterations,Addition and Remodel,Final,,1.0,2.0,3,78704.0,30.23291554,-97.77249327,Sharp Air Mechanical,2020,2020,No
2020-09-21,2020-06-22,Electrical Permit,Residential,R- 329 Res Structures Other Than Bldg,New,Final,,1.0,0.0,7,78727.0,30.42769865,-97.69881205,Synergy Electrical Services,2020,2020,No
2020-09-25,2020-02-18,Plumbing Permit,Residential,R- 434 Addition & Alterations,Addition and Remodel,Final,,1.0,1.0,10,78703.0,30.30072113,-97.75339133,G & R Lone Star Plumbing,2020,2020,No
2020-09-18,2020-09-16,Plumbing Permit,Residential,Residential,Irrigation,Final,,,,1,78724.0,30.30654596,-97.62705771,,2020,2020,No
2020-09-18,2020-06-01,Electrical Permit,Commercial,C-1000 Commercial Remodel,Remodel,Final,,6.0,2.0,2,78744.0,30.1996283,-97.73520938,Agape Electric Ltd,2020,2020,No
2020-09-15,2019-09-27,Building Permit,Residential,R- 434 Addition & Alterations,Addition,Final,10000.0,1.0,1.0,4,78758.0,30.36102111,-97.71142314,Denova Justino,2020,2020,Yes
2020-09-22,2020-09-22,Electrical Permit,Residential,Residential,New,Final,,1.0,1.0,Unknown,78724.0,,,"Ies Residential, Inc.",2020,2020,No
2020-09-01,2020-08-25,Mechanical Permit,Residential,Residential,Change Out,Final,,,,8,78749.0,30.20437353,-97.85712744,American Residential Services (Ars),2020,2020,No
2020-09-23,2020-09-23,Plumbing Permit,Commercial,Commercial,Repair,Final,,,0.0,Unknown,78736.0,,,"Kinney'S Commercial, Inc",2020,2020,No
2020-09-30,2020-09-25,Electrical Permit,Residential,Residential,Repair,Final,,1.0,1.0,Unknown,78734.0,30.39376002,-97.92897922,Rick Davis Electric,2020,2020,No
2020-09-18,2020-08-27,Building Permit,Residential,R- 434 Addition & Alterations,Addition and Remodel,Final,1.0,1.0,1.0,10,78731.0,30.32619022,-97.75658456,Designer Homes Of Texas,2020,2020,Yes
2020-09-01,2019-09-06,Mechanical Permit,Commercial,C-1001 Commercial Finish Out,Remodel,Final,,1.0,1.0,9,78701.0,30.28009737,-97.74253445,Dynamic Systems Inc,2020,2020,No
2020-09-14,2020-07-08,Building Permit,Commercial,C- 320 Industrial Bldgs,New,Final,100000.0,1.0,2.0,2,78744.0,30.20178064,-97.68800425,"Mangum Custom Homes, Inc.",2020,2020,Yes
2020-09-01,2020-05-15,Electrical Permit,Commercial,C- 105 Five or More Family Bldgs,New,Final,,44.0,4.0,4,78723.0,,,Ari-Tex Electric Inc.,2020,2020,No
2020-09-04,2015-08-10,Building Permit,Residential,R- 435 Renovations/Remodel,Repair,Final,2200.0,1.0,1.0,3,78702.0,30.25405422,-97.72693036,,2020,2020,Yes
2020-09-03,2020-08-24,Building Permit,Commercial,C-1000 Commercial Remodel,Remodel,Final,,1.0,1.0,7,78758.0,,,Reliable Roofing Of Texas Inc,2020,2020,No
2020-08-28,2020-08-27,Plumbing Permit,Residential,Residential,Irrigation,Final,,,,Unknown,78728.0,30.46448834,-97.68067366,,2020,2020,No
2020-09-04,2020-09-04,Electrical Permit,Residential,Residential,Upgrade,Final,,1.0,1.0,1,78724.0,30.28680064,-97.64718436,Grayzer Electric Llc,2020,2020,No
2020-08-28,2020-07-02,Electrical Permit,Residential,R- 101 Single Family Houses,New,Final,,1.0,1.0,2,78744.0,,,"In Charge Electrical Services, Llc",2020,2020,No
2020-09-28,2019-02-08,Mechanical Permit,Residential,R- 330  Accessory Use to Primary,New,Final,,1.0,2.0,10,78703.0,30.30573788,-97.75517491,New Results Of Austin,2020,2020,No
2020-09-26,2020-09-24,Plumbing Permit,Residential,Residential,Irrigation,Final,,,,10,78731.0,30.31593662,-97.76918681,,2020,2020,No
2020-09-08,2019-05-10,Mechanical Permit,Residential,R- 102 Secondary Apartment,New,Final,,1.0,2.0,3,78702.0,30.25392198,-97.73179058,Mc Systems Llc,2020,2020,No
2020-09-23,2020-04-08,Electrical Permit,Residential,R- 434 Addition & Alterations,Addition and Remodel,Final,,1.0,1.0,9,78751.0,30.31940544,-97.72951147,Edumar Electric,2020,2020,No
2020-09-21,2020-08-03,Building Permit,Residential,R- 101 Single Family Houses,New,Final,0.0,1.0,2.0,7,78757.0,30.34214584,-97.74216179,Waldrop Beckworth Llc **Main**,2020,2020,No
2020-09-29,2020-02-12,Building Permit,Commercial,C- 328 Commercial Other Nonresident Bldg,New,Final,25000000.0,1.0,1.0,1,78753.0,30.39691534,-97.67091403,"Embrey Builders, Llc",2020,2020,Yes
2020-09-29,2020-09-29,Electrical Permit,Commercial,Sign Permit,Freestanding,Expired,,,,5,78745.0,30.23400651,-97.80024857,,2020,2020,No
2020-09-18,2020-09-17,Plumbing Permit,Residential,Residential,Repair,Expired,,1.0,1.0,5,78745.0,30.21667242,-97.81354449,Lonestar Premier Plumbing Inc,2020,2020,No
2020-09-16,2020-09-15,Electrical Permit,Residential,Residential,Upgrade,Final,,1.0,1.0,4,78751.0,30.31668563,-97.71036751,"Molitor Electric, Inc.",2020,2020,No
2020-09-25,2020-08-31,Building Permit,Commercial,C-1000 Commercial Remodel,Remodel,Final,,1.0,1.0,8,78746.0,30.27146137,-97.81706377,"Datum Commercial Contracting, Llc",2020,2020,No
2020-09-09,2020-08-28,Building Permit,Residential,R- 435 Renovations/Remodel,Repair,Expired,18300.0,1.0,1.0,8,78746.0,30.27089092,-97.80694238,Capital Foundations,2020,2020,Yes
2020-09-04,2019-10-02,Electrical Permit,Residential,R- 101 Single Family Houses,New,Final,,1.0,2.0,1,78754.0,30.37314884,-97.65530719,Landmark Electric,2020,2020,No
2020-09-15,2020-03-04,Plumbing Permit,Residential,Residential,Irrigation,Final,,,,1,78660.0,30.39247031,-97.6132052,,2020,2020,No
2020-09-09,2019-08-28,Electrical Permit,Residential,R- 329 Res Structures Other Than Bldg,New,Final,,1.0,1.0,3,78702.0,30.25722372,-97.71767292,Nga Electric,2020,2020,No
2020-09-22,2020-09-02,Building Permit,Commercial,C-1000 Commercial Remodel,Remodel,Final,,0.0,16.0,9,78703.0,30.27061687,-97.75206971,The Burt Group**Main**,2020,2020,No
2020-08-28,2020-08-25,Mechanical Permit,Residential,Residential,Change Out,Final,,,,10,78733.0,,,"Faught Service Company, Inc.",2020,2020,No
2020-09-10,2020-06-29,Mechanical Permit,Residential,R- 101 Single Family Houses,New,Final,,1.0,1.0,1,78724.0,30.32036849,-97.65622047,,2020,2020,No
2020-09-16,2020-03-16,Building Permit,Commercial,C- 321 Pkg Garage Bldg & Open Deck,New,Final,25000000.0,1.0,3.0,1,78722.0,,,"Skybeck Construction, Llc",2020,2020,Yes
2020-09-03,2020-08-18,Plumbing Permit,Residential,R- 101 Single Family Houses,New,Final,,1.0,1.0,2,78744.0,,,Victory Plumbing Company,2020,2020,No
2020-09-09,2020-08-11,Building Permit,Residential,R- 434 Addition & Alterations,Addition and Remodel,Final,65000.0,1.0,1.0,4,78723.0,30.31679198,-97.69197141,Running C Construction Llc,2020,2020,Yes
2020-09-17,2020-09-15,Electrical Permit,Residential,Residential,New,Final,,1.0,1.0,Unknown,78660.0,30.4069439,-97.62221161,,2020,2020,No
2020-09-14,2020-09-03,Electrical Permit,Commercial,Commercial,Special Inspections Program,Final,,,,6,78727.0,30.4321554,-97.73964981,,2020,2020,No
2020-09-17,2020-09-14,Plumbing Permit,Commercial,Commercial,Repair,Final,,,0.0,9,78705.0,30.29119217,-97.74838821,,2020,2020,No
2020-08-31,2020-02-26,Electrical Permit,Commercial,C- 105 Five or More Family Bldgs,New,Final,,30.0,3.0,1,78724.0,,,"Msf Electric, Inc.",2020,2020,No
2020-08-28,2020-06-26,Building Permit,Residential,R- 329 Res Structures Other Than Bldg,New,Final,80000.0,1.0,1.0,7,78756.0,30.33280976,-97.7374695,Austintatious Pools,2020,2020,Yes
2020-09-17,2020-09-11,Plumbing Permit,Residential,Residential,Change Out,Final,,,,7,78759.0,30.41029202,-97.73281593,Plumb Masters Llc,2020,2020,No
2020-09-15,2020-09-14,Mechanical Permit,Residential,Residential,Change Out,Final,,,,10,78759.0,30.41430623,-97.75784356,Service Wizard Llc,2020,2020,No
2020-08-28,2020-06-25,Driveway / Sidewalks,Residential,Res. Driveway & Sidewalk,New,Final,,,,6,78717.0,30.50158152,-97.74763904,Pulte Homes Of Texas L.P. Dba Pulte Group,2020,2020,No
2020-09-19,2020-05-05,Electrical Permit,Residential,R- 101 Single Family Houses,New,Final,,1.0,2.0,10,78703.0,30.29383462,-97.75874147,Electricians Of Austin,2020,2020,No
2020-09-10,2020-06-05,Plumbing Permit,Residential,R- 329 Res Structures Other Than Bldg,New,Final,,0.0,1.0,2,78744.0,30.14952743,-97.72083725,,2020,2020,No
2020-09-23,2020-03-11,Plumbing Permit,Residential,R- 434 Addition & Alterations,Addition and Remodel,Final,,1.0,1.0,1,78721.0,30.28164009,-97.6846717,Angell Services Llc.,2020,2020,No
2020-09-01,2020-08-31,Plumbing Permit,Residential,Residential,Repair,Final,,2.0,1.0,5,78704.0,30.25368598,-97.77318427,,2020,2020,No
2020-09-21,2020-09-16,Mechanical Permit,Residential,Residential,Change Out,Expired,,,,1,78724.0,30.27317474,-97.63185597,,2020,2020,No
2020-09-16,2020-09-14,Electrical Permit,Residential,Residential,Repair,Final,,1.0,1.0,1,78653.0,,,"Austin Lanehart Electric Co., Inc.",2020,2020,No
2020-09-11,2020-06-18,Building Permit,Residential,R- 102 Secondary Apartment,New,Final,1.0,1.0,2.0,3,78704.0,30.23807992,-97.7708074,Hennessee Construction Group,2020,2020,Yes
2020-09-11,2020-09-03,Plumbing Permit,Residential,Residential,Repair,Final,,0.0,1.0,4,78753.0,30.37541628,-97.6881008,The Veach Company,2020,2020,No
2020-09-01,2018-06-08,Driveway / Sidewalks,Commercial,"Com. Driveway,Sidewalk,Curb,Gutter",New,Final,,,,3,78721.0,,,"Burnet Builders, Llc",2020,2020,No
2020-09-22,2020-09-15,Mechanical Permit,Residential,Residential,Change Out,Final,,,,2,78744.0,30.181663,-97.75001401,Abc Home And Commercial Services,2020,2020,No
2020-09-14,2020-09-10,Electrical Permit,Residential,Residential,New,Final,,1.0,1.0,Unknown,78732.0,30.38832208,-97.88142459,"In Charge Electrical Services, Llc",2020,2020,No
2020-09-11,2020-09-03,Building Permit,Residential,R- 435 Renovations/Remodel,Repair,Expired,24853.0,1.0,1.0,10,78731.0,30.37366407,-97.77225127,Brightwing Custom Crafted Exteriors,2020,2020,Yes
2020-09-25,2020-07-14,Building Permit,Commercial,C-1000 Commercial Remodel,Remodel,Final,,1.0,2.0,5,78704.0,30.2451359,-97.77170353,"J. Grace Construction, Inc.",2020,2020,No
2020-09-17,2020-09-15,Building Permit,Residential,R- 101 Single Family Houses,New,Final,302625.0,1.0,1.0,2,78747.0,30.13918531,-97.76289182,"Pacesetter Homes, Llc",2020,2020,Yes
2020-09-15,2020-02-04,Plumbing Permit,Residential,R- 101 Single Family Houses,New,Final,,1.0,2.0,1,78721.0,,,Icon Technology Inc,2020,2020,No
2020-09-03,2020-08-24,Building Permit,Commercial,C-1000 Commercial Remodel,Remodel,Final,,1.0,3.0,7,78758.0,,,Reliable Roofing Of Texas Inc,2020,2020,No
2020-09-14,2020-08-17,Plumbing Permit,Residential,Residential,Change Out,Final,,,,5,78745.0,30.22292023,-97.7935909,Plumb Masters Llc,2020,2020,No
2020-09-16,2020-09-15,Electrical Permit,Residential,Residential,Auxiliary Power,Final,,1.0,1.0,9,78723.0,,,,2020,2020,No
2020-08-31,2020-04-07,Building Permit,Residential,R- 438 Residential Garage/Carport Addn,Addition,Expired,36000.0,1.0,1.0,6,78726.0,30.44423275,-97.83734346,,2020,2020,Yes
2020-09-23,2019-11-22,Plumbing Permit,Residential,R- 329 Res Structures Other Than Bldg,New,Final,,1.0,1.0,5,78704.0,30.24835009,-97.77826759,Integrity Plumbing & Remodel,2020,2020,No
2020-09-11,2020-04-17,Plumbing Permit,Residential,Residential,Irrigation,Final,,,,2,78747.0,30.15527789,-97.75772296,,2020,2020,No
2020-09-23,2020-08-22,Plumbing Permit,Residential,Residential,Irrigation,Final,,,,Unknown,78728.0,30.44387866,-97.68115845,,2020,2020,No
2020-09-29,2020-09-28,Building Permit,Residential,R- 435 Renovations/Remodel,Repair,Final,800.0,1.0,1.0,10,78730.0,30.37551186,-97.84474921,Suttin Construction,2020,2020,Yes
2020-09-15,2017-04-07,Plumbing Permit,Residential,R- 101 Single Family Houses,New,Final,,1.0,2.0,9,78703.0,30.27608233,-97.75824845,Etc Plumbing Inc.,2020,2020,No
2020-09-22,2019-08-02,Electrical Permit,Residential,R- 103 Two Family Bldgs,New,Final,,2.0,2.0,2,78617.0,30.14790814,-97.59625427,,2020,2020,No
2020-09-21,2020-08-27,Building Permit,Residential,R- 329 Res Structures Other Than Bldg,New,Final,76000.0,1.0,0.0,6,78717.0,30.50118171,-97.74868204,"Cody Pools, Inc. **Main",2020,2020,Yes
2020-09-02,2020-06-18,Electrical Permit,Residential,R- 434 Addition & Alterations,Addition and Remodel,Final,,1.0,2.0,8,78749.0,30.20573993,-97.88484904,Anzaldua Electric Inc,2020,2020,No
2020-09-08,2020-09-08,Electrical Permit,Residential,Residential,Repair,Final,,1.0,1.0,Unknown,78660.0,,,Med-Tex Electric,2020,2020,No
2020-09-18,2020-09-17,Mechanical Permit,Residential,Residential,Change Out,Final,,,,8,78746.0,30.26852432,-97.80450437,,2020,2020,No
2020-09-02,2020-06-17,Plumbing Permit,Residential,R- 101 Single Family Houses,New,Final,,1.0,2.0,5,78704.0,30.25270125,-97.7731787,C-Tech Plumbing Llc,2020,2020,No
2020-08-28,2020-06-29,Electrical Permit,Residential,R- 101 Single Family Houses,New,Final,,1.0,1.0,2,78744.0,30.15085436,-97.71793733,"In Charge Electrical Services, Llc",2020,2020,No
2020-09-09,2020-08-07,Mechanical Permit,Residential,Residential,Repair,Final,,1.0,1.0,1,78724.0,30.28648809,-97.64002435,Air Conductors Llc,2020,2020,No
2020-09-14,2020-03-18,Building Permit,Commercial,C- 329 Com Structures Other Than Bldg,New,Final,15000.0,1.0,1.0,4,78758.0,30.37119483,-97.71452465,,2020,2020,Yes
2020-09-25,2020-09-24,Plumbing Permit,Residential,Residential,Irrigation,Final,,,,2,78617.0,30.14661825,-97.59175903,,2020,2020,No
2020-09-25,2020-08-17,Building Permit,Commercial,C-1000 Commercial Remodel,Remodel,Final,,1.0,1.0,7,78758.0,30.37729438,-97.7281292,Dkc Construction Group,2020,2020,No
2020-08-28,2020-06-29,Plumbing Permit,Residential,R- 101 Single Family Houses,New,Final,,1.0,1.0,2,78744.0,30.14849243,-97.71742844,,2020,2020,No
2020-09-16,2019-11-27,Plumbing Permit,Commercial,"C- 437 Addn, Alter, Convn-NonRes",Addition and Remodel,Final,,5.0,2.0,10,78756.0,30.30720214,-97.74281477,Chabert Plumbing,2020,2020,No
2020-09-16,2020-08-13,Building Permit,Commercial,C-1000 Commercial Remodel,Remodel,Expired,,1.0,1.0,3,78702.0,30.2651531,-97.73335415,Preferred Technologies Llc,2020,2020,No
2020-09-21,2020-08-26,Building Permit,Residential,R- 101 Single Family Houses,New,Final,177900.0,1.0,1.0,5,78748.0,30.13044171,-97.81138137,Lennar Homes Of Texas***Main***,2020,2020,Yes
2020-09-09,2020-09-08,Building Permit,Residential,R- 435 Renovations/Remodel,Repair,Final,73000.0,1.0,1.0,10,78730.0,30.36425142,-97.85792919,Renewal By Andersen,2020,2020,Yes
2020-08-28,2020-08-03,Building Permit,Residential,R- 330  Accessory Use to Primary,New,Final,1.0,0.0,1.0,10,78731.0,30.32732366,-97.75714716,Brunkenhoefer Construction,2020,2020,Yes
2020-09-01,2019-07-12,Driveway / Sidewalks,Residential,Res. Driveway,New,Final,,,,4,78723.0,30.30884642,-97.68345582,Harlan Mac Construction Llc **Main**,2020,2020,No
2020-09-01,2019-12-18,Electrical Permit,Residential,R- 434 Addition & Alterations,Addition and Remodel,Final,,1.0,1.0,10,78731.0,30.3594871,-97.76954818,Martinez Electric,2020,2020,No
2020-09-30,2019-12-26,Plumbing Permit,Residential,R- 434 Addition & Alterations,Addition and Remodel,Final,,1.0,1.0,8,78746.0,30.26806318,-97.80817604,B&B Eagle Plumbing Inc.,2020,2020,No
2020-09-22,2020-07-08,Electrical Permit,Commercial,C-1001 Commercial Finish Out,Remodel,Final,,1.0,1.0,8,78735.0,30.25569415,-97.87573192,Lovato Electrical Contracting,2020,2020,No
2020-09-14,2020-06-02,Mechanical Permit,Commercial,C-1000 Commercial Remodel,Remodel,Final,,1.0,1.0,7,78758.0,30.38265639,-97.68668719,,2020,2020,No
2020-09-02,2020-08-09,Driveway / Sidewalks,Residential,"Res. Driveway, Curb, Gutter",New,Final,,,,6,78759.0,30.41414726,-97.79138961,,2020,2020,No
2020-09-03,2020-08-18,Plumbing Permit,Residential,R- 101 Single Family Houses,New,Final,,1.0,1.0,2,78744.0,,,Victory Plumbing Company,2020,2020,No
2020-08-27,2020-06-19,Plumbing Permit,Residential,R- 101 Single Family Houses,New,Final,,1.0,2.0,7,78660.0,30.44077684,-97.66050327,Christianson Plumbing,2020,2020,No
2020-09-25,2020-09-22,Electrical Permit,Residential,Residential,Special Inspections Program,Final,,,,7,78727.0,30.42693909,-97.6900954,Grayzer Electric Llc,2020,2020,No
2020-09-15,2019-11-13,Building Permit,Residential,R- 102 Secondary Apartment,New,Final,150000.0,1.0,2.0,3,78721.0,30.26011885,-97.68655476,Austin Qozb One Llc,2020,2020,Yes
2020-09-24,2020-09-15,Building Permit,Residential,R- 435 Renovations/Remodel,Repair,Final,5000.0,1.0,1.0,7,78759.0,30.4041045,-97.73597815,Energy One Windows Of Austin,2020,2020,Yes
2020-09-28,2020-09-25,Electrical Permit,Residential,Residential,Repair,Final,,1.0,1.0,Unknown,78660.0,,,Med-Tex Electric,2020,2020,No
2020-09-30,2020-09-18,Electrical Permit,Residential,Residential,Auxiliary Power,Final,,1.0,1.0,3,78704.0,30.2423651,-97.7542345,Chargestore Llc,2020,2020,No
2020-09-18,2020-09-16,Plumbing Permit,Residential,Residential,Repair,Final,,1.0,0.0,8,78735.0,30.25759953,-97.88417707,Buffy'S Plumbing,2020,2020,No
2020-09-01,2020-05-15,Electrical Permit,Commercial,C- 105 Five or More Family Bldgs,New,Final,,50.0,4.0,4,78723.0,,,Ari-Tex Electric Inc.,2020,2020,No
2020-09-18,2020-06-29,Electrical Permit,Residential,R- 101 Single Family Houses,New,Final,,1.0,1.0,2,78744.0,30.15060503,-97.71784914,"In Charge Electrical Services, Llc",2020,2020,No
2020-09-29,2020-07-28,Building Permit,Residential,R- 102 Secondary Apartment,New,Final,0.0,1.0,2.0,3,78702.0,,,A Vision General Contractors Llc,2020,2020,No
2020-09-22,2020-08-31,Building Permit,Residential,R- 645 Demolition One Family Homes,Demolition,Final,0.0,1.0,1.0,7,78756.0,30.32601809,-97.74421818,Dar Demolition,2020,2020,No
2020-08-28,2020-01-28,Electrical Permit,Commercial,C-1000 Commercial Remodel,Remodel,Expired,,0.0,1.0,5,78745.0,30.22932841,-97.80150829,Jrw Electric,2020,2020,No
2020-09-18,2020-06-09,Mechanical Permit,Residential,R- 102 Secondary Apartment,New,Final,,1.0,2.0,3,78741.0,30.23022784,-97.69788942,Capital One Enterprises,2020,2020,No
2020-08-31,2020-03-05,Plumbing Permit,Residential,Residential,Repair,Final,,1.0,1.0,5,78704.0,30.25919626,-97.76514614,Christianson Plumbing,2020,2020,No
2020-09-15,2020-08-21,Electrical Permit,Residential,Residential,Repair,Final,,0.0,0.0,1,78724.0,30.29222184,-97.65192067,Med-Tex Electric,2020,2020,No
2020-09-24,2020-01-08,Building Permit,Residential,R- 435 Renovations/Remodel,Repair,Final,14000.0,1.0,1.0,2,78745.0,30.18667791,-97.78948771,Renewal By Andersen,2020,2020,Yes
2020-09-29,2020-07-29,Electrical Permit,Residential,R- 101 Single Family Houses,New,Final,,1.0,2.0,1,78754.0,30.37279812,-97.65510758,Landmark Electric,2020,2020,No
2020-09-24,2020-01-13,Driveway / Sidewalks,Residential,Res. Driveway & Sidewalk,New,Final,,,,1,78660.0,30.38896367,-97.61476986,D R Horton Homes,2020,2020,No
2020-09-25,2020-09-25,Plumbing Permit,Residential,Residential,Change Out,Final,,,,8,78749.0,30.20973726,-97.86571375,,2020,2020,No
2020-09-04,2020-08-04,Building Permit,Commercial,C- 329 Com Structures Other Than Bldg,New,Final,9180.0,1.0,1.0,3,78702.0,30.26621233,-97.70345321,Bartlett Cocke General Contractors (Main),2020,2020,Yes
2020-08-31,2020-08-28,Plumbing Permit,Residential,Residential,Irrigation,Final,,,,Unknown,78725.0,30.21638061,-97.63127822,,2020,2020,No
2020-09-28,2020-06-11,Driveway / Sidewalks,Residential,Res. Driveway & Sidewalk,New,Final,,,,1,78660.0,30.39894021,-97.61415539,D R Horton Homes,2020,2020,No
2020-09-28,2018-05-14,Building Permit,Commercial,C-1000 Commercial Remodel,Remodel,Final,,1.0,1.0,7,78758.0,30.39934526,-97.724535,Steve Hoegger & Associates,2020,2020,No
2020-09-11,2020-06-17,Driveway / Sidewalks,Residential,"Res. Driveway, Sidewalk, Curb, Gutter",Modification,Final,,,,3,78704.0,30.23699538,-97.75800785,,2020,2020,No
2020-09-28,2020-08-31,Mechanical Permit,Commercial,C-1000 Commercial Remodel,Remodel,Final,,1.0,1.0,8,78746.0,30.27146137,-97.81706377,Gemini Mechanical Services Inc.,2020,2020,No
2020-09-04,2020-08-27,Building Permit,Residential,R- 101 Single Family Houses,New,Final,139425.0,1.0,1.0,1,78653.0,,,Brohn Homes,2020,2020,Yes
2020-09-17,2020-09-14,Plumbing Permit,Residential,Residential,New,Final,,0.0,0.0,Unknown,78728.0,30.46421314,-97.68106541,Victory Plumbing Company,2020,2020,No
2020-09-21,2020-02-28,Building Permit,Commercial,C- 105 Five or More Family Bldgs,New,Final,35000000.0,30.0,3.0,6,78717.0,,,Oht Construction Llc ***Main***,2020,2020,Yes
2020-08-28,2020-08-19,Plumbing Permit,Residential,Residential,Repair,Final,,0.0,1.0,1,78723.0,30.28907803,-97.67661101,The Veach Company,2020,2020,No
2020-09-21,2020-01-09,Mechanical Permit,Residential,R- 434 Addition & Alterations,Addition and Remodel,Final,,1.0,1.0,8,78749.0,30.23191296,-97.86973334,Temperature Pro West Austin,2020,2020,No
2020-09-03,2020-02-03,Plumbing Permit,Commercial,C- 105 Five or More Family Bldgs,New,Final,,18.0,3.0,1,78723.0,,,6B Plumbing,2020,2020,No
2020-09-11,2020-09-10,Electrical Permit,Residential,Residential,Repair,Final,,1.0,1.0,1,78724.0,30.28847272,-97.6436358,,2020,2020,No
2020-09-15,2020-08-20,Mechanical Permit,Residential,R- 435 Renovations/Remodel,Repair,Final,,1.0,1.0,9,78751.0,30.30639861,-97.73192911,,2020,2020,No
2020-09-22,2020-09-04,Building Permit,Residential,R- 645 Demolition One Family Homes,Demolition,Final,0.0,1.0,1.0,3,78704.0,30.23653442,-97.77466838,Dar Construction,2020,2020,No
2020-09-01,2020-05-29,Building Permit,Commercial,C-1000 Commercial Remodel,Remodel,Final,,1.0,1.0,2,78744.0,30.20657863,-97.75113047,Material Handling Exchange,2020,2020,No
2020-09-28,2020-09-24,Electrical Permit,Commercial,Sign Permit,Wall,Final,,,,4,78751.0,,,,2020,2020,No
2020-09-22,2020-01-31,Plumbing Permit,Residential,R- 101 Single Family Houses,New,Final,,1.0,2.0,1,78702.0,30.2753296,-97.71391849,G & R Lone Star Plumbing,2020,2020,No
2020-09-03,2020-09-01,Plumbing Permit,Residential,Residential,Repair,Expired,,0.0,0.0,3,78741.0,30.22579056,-97.73391019,,2020,2020,No
2020-09-03,2020-02-13,Mechanical Permit,Residential,R- 101 Single Family Houses,New,Final,,1.0,2.0,8,78652.0,30.17010002,-97.92093963,"Stan'S Heating, Air, Plumbing, & Electrical",2020,2020,No
2020-08-27,2020-08-11,Mechanical Permit,Residential,R- 434 Addition & Alterations,Addition and Remodel,Final,,0.0,0.0,7,78757.0,30.35143677,-97.7435359,Austin A/C Works,2020,2020,No
2020-08-31,2020-06-18,Electrical Permit,Residential,R- 101 Single Family Houses,New,Final,,1.0,1.0,7,78660.0,30.43624022,-97.65108455,"Ies Residential, Inc.",2020,2020,No
2020-09-01,2020-08-18,Building Permit,Commercial,C-1000 Commercial Remodel,Remodel,Final,,1.0,1.0,8,78735.0,30.25482381,-97.87222809,Glotel Inc,2020,2020,No
2020-09-29,2020-06-01,Electrical Permit,Commercial,C-1000 Commercial Remodel,Remodel,Final,,6.0,2.0,2,78744.0,30.1996283,-97.73520938,Agape Electric Ltd,2020,2020,No
2020-09-28,2020-06-11,Driveway / Sidewalks,Residential,Res. Driveway & Sidewalk,New,Final,,,,1,78660.0,30.3991581,-97.61418414,D R Horton Homes,2020,2020,No
2020-08-31,2019-12-02,Driveway / Sidewalks,Residential,Res. Driveway,New,Final,,,,4,78751.0,30.31926913,-97.71633338,"Austin Newcastle Homes, Lp",2020,2020,No
2020-08-31,2020-08-06,Building Permit,Residential,R- 101 Single Family Houses,New,Final,853990.0,1.0,2.0,6,78717.0,30.5044904,-97.74772611,Pulte Homes Of Texas L.P. Dba Pulte Group,2020,2020,Yes
2020-08-27,2018-05-09,Mechanical Permit,Residential,R- 434 Addition & Alterations,Addition and Remodel,Final,,1.0,2.0,7,78756.0,30.31880592,-97.74377132,Elite Heating And Air Conditioning Llc,2020,2020,No
2020-09-23,2019-10-14,Mechanical Permit,Residential,R- 101 Single Family Houses,New,Final,,1.0,2.0,7,78757.0,30.34752626,-97.7175424,Krd Mechanical,2020,2020,No
2020-09-29,2020-08-13,Building Permit,Residential,R- 649 Demolition All Other Bldgs Res,Demolition,Final,0.0,1.0,1.0,5,78745.0,30.22435767,-97.77888328,"Patriot Builders, Lp",2020,2020,No
2020-09-28,2018-05-23,Plumbing Permit,Residential,R- 101 Single Family Houses,New,Final,,1.0,2.0,10,78732.0,30.36453773,-97.91211813,South Star Plumbing,2020,2020,No
2020-08-28,2020-07-24,Building Permit,Residential,R- 645 Demolition One Family Homes,Demolition,Final,0.0,1.0,1.0,3,78704.0,30.24413645,-97.76670287,Atx Pro Builders,2020,2020,No
2020-09-02,2020-08-03,Mechanical Permit,Residential,R- 435 Renovations/Remodel,Repair,Final,,1.0,1.0,1,78721.0,30.27287853,-97.67847958,More Than Ac P-Llc,2020,2020,No
2020-09-23,2020-06-04,Plumbing Permit,Commercial,C-1000 Commercial Remodel,Remodel,Final,,1.0,1.0,1,78752.0,,,Stellar Plumbing Inc,2020,2020,No
2020-09-03,2020-02-03,Plumbing Permit,Commercial,C- 105 Five or More Family Bldgs,New,Final,,30.0,3.0,1,78723.0,,,6B Plumbing,2020,2020,No
2020-09-03,2020-08-26,Electrical Permit,Residential,R- 101 Single Family Houses,New,Final,,1.0,2.0,1,78653.0,,,"Austin Lanehart Electric Co., Inc.",2020,2020,No
2020-09-25,2020-02-21,Mechanical Permit,Residential,R- 101 Single Family Houses,New,Final,,1.0,2.0,9,78723.0,30.29861521,-97.69747044,,2020,2020,No
2020-09-25,2020-06-23,Mechanical Permit,Residential,R- 101 Single Family Houses,New,Final,,1.0,1.0,1,78724.0,30.32130943,-97.65504987,,2020,2020,No
2020-09-11,2020-02-11,Electrical Permit,Residential,Residential,Auxiliary Power,Final,,1.0,1.0,1,78754.0,30.35205306,-97.60493236,,2020,2020,No
2020-09-03,2020-07-07,Electrical Permit,Residential,R- 101 Single Family Houses,New,Final,,1.0,2.0,2,78744.0,30.14799553,-97.71881849,"In Charge Electrical Services, Llc",2020,2020,No
2020-09-24,2020-09-23,Electrical Permit,Residential,Residential,Auxiliary Power,Expired,,1.0,1.0,10,78703.0,30.29811879,-97.75473187,,2020,2020,No
2020-09-23,2020-09-18,Building Permit,Residential,R- 435 Renovations/Remodel,Repair,Final,7732.0,1.0,1.0,10,78703.0,30.28891986,-97.76285624,Home Depot Usa Inc,2020,2020,Yes
2020-09-03,2020-06-23,Building Permit,Commercial,C-1000 Commercial Remodel,Repair,Final,43600.0,1.0,1.0,6,78727.0,,,"Kumar Construction Solutions, Inc.",2020,2020,Yes
2020-08-31,2020-06-29,Electrical Permit,Residential,R- 101 Single Family Houses,New,Final,,1.0,1.0,1,78724.0,30.3206684,-97.65490915,"Austin Lanehart Electric Co., Inc.",2020,2020,No
2020-09-08,2020-06-29,Electrical Permit,Residential,R- 329 Res Structures Other Than Bldg,New,Final,,1.0,1.0,9,78704.0,,,"Solid Base Electric, Llc",2020,2020,No
2020-09-09,2020-07-01,Building Permit,Residential,R- 102 Secondary Apartment,New,Final,0.0,1.0,1.0,3,78704.0,,,"Austin Newcastle Homes, Lp",2020,2020,No
2020-09-23,2020-07-16,Mechanical Permit,Residential,R- 102 Secondary Apartment,New,Final,,1.0,2.0,3,78741.0,30.23220749,-97.69305266,Capital One Enterprises,2020,2020,No
2020-09-30,2020-06-24,Electrical Permit,Residential,R- 101 Single Family Houses,New,Final,,1.0,2.0,1,78660.0,30.40311796,-97.61401851,Landmark Electric,2020,2020,No
2020-09-18,2019-12-09,Mechanical Permit,Residential,R- 101 Single Family Houses,New,Final,,1.0,2.0,1,78724.0,30.29271184,-97.64183788,,2020,2020,No
2020-09-22,2019-08-02,Mechanical Permit,Commercial,C- 321 Pkg Garage Bldg & Open Deck,New,Final,,1.0,1.0,3,78741.0,30.2271802,-97.70590961,Omega Mechanical Inc,2020,2020,No
2020-09-15,2020-09-11,Mechanical Permit,Residential,Residential,Change Out,Expired,,,,5,78745.0,30.20043887,-97.8208925,,2020,2020,No
2020-09-03,2020-02-26,Plumbing Permit,Commercial,C- 105 Five or More Family Bldgs,New,Final,,36.0,3.0,1,78724.0,,,J & D Vision Plumbing,2020,2020,No
2020-08-27,2020-08-24,Building Permit,Commercial,"C- 437 Addn, Alter, Convn-NonRes",Shell,VOID,1.0,1.0,1.0,4,78753.0,,,Ava'S Handymen,2020,2020,Yes
2020-08-31,2020-06-01,Building Permit,Commercial,C-1000 Commercial Remodel,Remodel,Final,,6.0,2.0,2,78744.0,30.1996283,-97.73520938,"Legacy Construction Sercives, Llc",2020,2020,No
2020-08-31,2020-08-19,Building Permit,Commercial,C-1000 Commercial Remodel,Remodel,Expired,,15.0,1.0,4,78723.0,,,Anj General Maintenance,2020,2020,No
2020-09-24,2020-08-24,Mechanical Permit,Residential,R- 101 Single Family Houses,New,Final,,1.0,2.0,1,78653.0,30.29608384,-97.55775739,Air Temp Solutions,2020,2020,No
2020-09-21,2020-09-21,Electrical Permit,Residential,Residential,New,Final,,1.0,1.0,Unknown,78724.0,,,"Ies Residential, Inc.",2020,2020,No
2020-09-01,2020-08-06,Building Permit,Residential,R- 645 Demolition One Family Homes,Demolition,Final,0.0,1.0,1.0,9,78722.0,30.28738931,-97.71442788,Billingsley Structural Moving Llc,2020,2020,No
2020-09-23,2020-06-09,Electrical Permit,Residential,R- 329 Res Structures Other Than Bldg,New,Final,,1.0,0.0,7,78731.0,30.32967264,-97.75469386,Generation Next Electric,2020,2020,No
2020-09-14,2019-08-06,Mechanical Permit,Commercial,C- 105 Five or More Family Bldgs,New,Final,,57.0,4.0,1,78723.0,,,L & S Mechanical Llc,2020,2020,No
2020-09-11,2020-09-09,Plumbing Permit,Residential,Residential,Irrigation,Final,,,,10,78731.0,30.34370099,-97.78421178,,2020,2020,No
2020-08-28,2020-08-26,Mechanical Permit,Residential,Residential,Change Out,Final,,,,8,78739.0,30.1871199,-97.89662269,Temperature Pro West Austin,2020,2020,No
2020-09-22,2020-09-21,Plumbing Permit,Residential,Residential,Repair,Final,,1.0,1.0,9,78722.0,,,G & M Plumbing,2020,2020,No
2020-09-01,2020-08-31,Plumbing Permit,Residential,Residential,Irrigation,Final,,,,1,78724.0,30.30557813,-97.62668229,,2020,2020,No
2020-09-09,2020-09-03,Electrical Permit,Residential,Residential,Repair,Final,,1.0,1.0,Unknown,78617.0,30.16315369,-97.63433629,"Austin Lanehart Electric Co., Inc.",2020,2020,No
2020-09-22,2020-09-21,Electrical Permit,Residential,Residential,Upgrade,Final,,1.0,1.0,Unknown,78729.0,30.46481867,-97.78165178,Fox Service Company,2020,2020,No
2020-09-03,2020-02-26,Plumbing Permit,Commercial,C- 105 Five or More Family Bldgs,New,Final,,36.0,3.0,1,78724.0,,,J & D Vision Plumbing,2020,2020,No
2020-09-03,2020-09-01,Electrical Permit,Residential,Residential,Special Inspections Program,Final,,,,10,78703.0,30.30331736,-97.75120142,,2020,2020,No
2020-09-11,2020-09-02,Mechanical Permit,Residential,Residential,Change Out,Final,,,,7,78731.0,30.32342429,-97.75061577,American Residential Services (Ars),2020,2020,No
2020-09-29,2020-09-25,Electrical Permit,Residential,Residential,Repair,Final,,1.0,1.0,10,78703.0,30.28981098,-97.76862268,Malco Electric,2020,2020,No
2020-09-29,2020-08-20,Building Permit,Residential,R- 101 Single Family Houses,New,Final,0.0,1.0,2.0,7,78757.0,30.33855394,-97.73618294,Smyth Homes,2020,2020,No
2020-09-30,2020-01-08,Building Permit,Residential,R- 435 Renovations/Remodel,Repair,Final,8588.0,1.0,1.0,9,78704.0,30.24670464,-97.74548313,Renewal By Andersen,2020,2020,Yes
2020-09-08,2020-08-31,Electrical Permit,Residential,Residential,Repair,Final,,1.0,1.0,2,78744.0,30.19756264,-97.73452404,Titan Solar Power Tx Inc,2020,2020,No
2020-09-22,2020-09-18,Plumbing Permit,Residential,Residential,Repair,Final,,1.0,0.0,7,78758.0,30.40550866,-97.68159212,,2020,2020,No
2020-08-31,2020-03-06,Mechanical Permit,Residential,R- 101 Single Family Houses,New,Final,,1.0,1.0,2,78747.0,,,,2020,2020,No
2020-09-14,2020-06-23,Electrical Permit,Residential,R- 329 Res Structures Other Than Bldg,New,Final,,0.0,0.0,10,78703.0,30.29855246,-97.76139527,Economy Electric,2020,2020,No
2020-09-11,2019-05-13,Mechanical Permit,Commercial,"C- 437 Addn, Alter, Convn-NonRes",Addition and Remodel,Final,,1.0,2.0,4,78752.0,30.32542436,-97.71148371,Kilgore Mechanical Llc,2020,2020,No
2020-08-29,2020-08-27,Plumbing Permit,Residential,Residential,Repair,Final,,1.0,1.0,5,78748.0,30.18010728,-97.83669823,Beyond Wow Plumbing,2020,2020,No
2020-09-15,2020-09-10,Electrical Permit,Residential,Residential,Repair,Final,,1.0,1.0,9,78751.0,30.31209929,-97.71688921,A-One Electric,2020,2020,No
2020-09-10,2020-09-09,Mechanical Permit,Residential,Residential,Change Out,Final,,,,6,78750.0,30.43515209,-97.78490026,"Stan'S Heating, Air, Plumbing, & Electrical",2020,2020,No
2020-09-03,2020-08-31,Mechanical Permit,Residential,Residential,Change Out,Final,,,,6,78750.0,30.44358446,-97.80925236,Blueair Llc,2020,2020,No
2020-09-02,2020-09-01,Electrical Permit,Residential,Residential,Repair,Final,,1.0,1.0,1,78653.0,,,Bolder Electric Solutions,2020,2020,No
2020-09-24,2020-09-21,Electrical Permit,Residential,Residential,Upgrade,Final,,1.0,1.0,7,78757.0,30.36520852,-97.7344629,,2020,2020,No
2020-08-28,2020-08-21,Mechanical Permit,Residential,Residential,Change Out,Final,,,,5,78745.0,30.22613796,-97.79983418,Mccullough Heating & Air,2020,2020,No
2020-09-16,2020-03-16,Building Permit,Commercial,C- 105 Five or More Family Bldgs,New,Final,25000000.0,75.0,4.0,1,78722.0,,,"Skybeck Construction, Llc",2020,2020,Yes
2020-09-16,2020-08-26,Building Permit,Residential,R- 101 Single Family Houses,New,Final,236000.0,1.0,2.0,2,78744.0,30.15503374,-97.71747927,Brookfield Residential Texas Homes Llc,2020,2020,Yes
2020-09-21,2020-09-15,Electrical Permit,Residential,Residential,Repair,Final,,1.0,1.0,Unknown,78724.0,,,"Ies Residential, Inc.",2020,2020,No
2020-09-03,2020-08-13,Building Permit,Residential,R- 649 Demolition All Other Bldgs Res,Demolition,Final,0.0,1.0,1.0,7,78757.0,30.34706222,-97.74264493,Rzm Forever Homes Llc,2020,2020,No
2020-08-27,2020-06-05,Electrical Permit,Residential,R- 101 Single Family Houses,New,Final,,1.0,2.0,5,78748.0,30.130859,-97.81064593,"In Charge Electrical Services, Llc",2020,2020,No
2020-09-23,2020-05-14,Driveway / Sidewalks,Residential,Res. Driveway & Sidewalk,New,Final,,,,1,78660.0,30.39994509,-97.61342265,D R Horton Homes,2020,2020,No
2020-09-28,2020-06-01,Plumbing Permit,Commercial,C-1000 Commercial Remodel,Remodel,Final,,6.0,2.0,2,78744.0,30.1996283,-97.73520938,Flint & Associates Llc,2020,2020,No
2020-09-15,2020-01-27,Driveway / Sidewalks,Residential,"Res. Driveway, Curb, Gutter",New,Final,,,,9,78751.0,30.31083363,-97.71902203,Brohn Homes,2020,2020,No
2020-09-21,2020-06-24,Building Permit,Residential,R- 434 Addition & Alterations,Addition and Remodel,Final,1.0,1.0,2.0,7,78757.0,30.35806984,-97.74159128,,2020,2020,Yes
2020-09-02,2020-03-31,Electrical Permit,Commercial,C- 105 Five or More Family Bldgs,New,Final,,48.0,6.0,3,78741.0,,,Jaime Vega Electric Llc,2020,2020,No
2020-09-14,2020-07-17,Building Permit,Residential,R- 102 Secondary Apartment,New,Final,0.0,1.0,2.0,7,78757.0,30.33985641,-97.72555394,Evok Homes Llc,2020,2020,No
2020-09-03,2020-08-18,Plumbing Permit,Residential,R- 101 Single Family Houses,New,Final,,1.0,1.0,2,78744.0,,,Victory Plumbing Company,2020,2020,No
2020-09-11,2020-09-11,Electrical Permit,Residential,Residential,Upgrade,Final,,1.0,1.0,7,78757.0,30.33796253,-97.74461105,,2020,2020,No
2020-08-28,2020-06-23,Driveway / Sidewalks,Residential,Res. Driveway & Sidewalk,New,Final,,,,1,78724.0,30.32003994,-97.65708239,Kb Home,2020,2020,No
2020-09-10,2019-12-06,Driveway / Sidewalks,Residential,Res. Driveway,New,Final,,,,3,78741.0,30.23139606,-97.69424993,New Vision Construction,2020,2020,No
2020-09-14,2020-09-03,Building Permit,Residential,R- 435 Renovations/Remodel,Repair,Expired,23430.0,1.0,1.0,6,78750.0,30.45031673,-97.81020613,Harris Home Exteriors,2020,2020,Yes
2020-09-08,2020-07-10,Building Permit,Residential,R- 329 Res Structures Other Than Bldg,New,Final,1.0,0.0,0.0,6,78717.0,30.50174559,-97.76472577,"Reliant Pools, Inc",2020,2020,Yes
2020-09-09,2020-06-01,Plumbing Permit,Residential,R- 438 Residential Garage/Carport Addn,New,Final,,1.0,2.0,3,78702.0,30.25628422,-97.73313042,Victory Plumbing Company,2020,2020,No
2020-09-08,2020-09-07,Mechanical Permit,Residential,Residential,Change Out,Final,,,,5,78747.0,30.13766797,-97.79531169,A-Plus Energy Management,2020,2020,No
2020-09-28,2020-07-28,Electrical Permit,Residential,Residential,Auxiliary Power,Final,,1.0,1.0,1,78653.0,30.2959067,-97.55415235,Alba Energy Llc,2020,2020,No
2020-09-10,2020-05-26,Electrical Permit,Residential,R- 102 Secondary Apartment,New,Final,,1.0,2.0,1,78721.0,,,Edumar Electric,2020,2020,No
2020-09-02,2020-08-31,Electrical Permit,Residential,Residential,Repair,Final,,1.0,1.0,Unknown,78744.0,30.16808803,-97.69783044,"In Charge Electrical Services, Llc",2020,2020,No
2020-09-12,2020-08-27,Electrical Permit,Residential,R- 435 Renovations/Remodel,Repair,Final,,1.0,1.0,10,78703.0,30.29733559,-97.76366535,Pritchard Electric,2020,2020,No
2020-09-29,2020-07-01,Driveway / Sidewalks,Residential,Res. Driveway & Sidewalk,New,Final,,,,1,78660.0,30.39848201,-97.61381929,D R Horton Homes,2020,2020,No
2020-09-02,2020-07-30,Mechanical Permit,Residential,Residential,Change Out,Expired,,,,10,78703.0,30.29508595,-97.77659931,Smart Air Service Co.,2020,2020,No
2020-09-16,2020-06-01,Mechanical Permit,Residential,R- 101 Single Family Houses,New,Final,,1.0,1.0,2,78744.0,30.14709866,-97.71947883,,2020,2020,No
2020-09-15,2020-09-14,Mechanical Permit,Commercial,Commercial,Change Out,Final,,,,9,78703.0,30.27758081,-97.75316687,,2020,2020,No
2020-09-08,2020-09-08,Plumbing Permit,Residential,Residential,Change Out,Final,,,,10,78759.0,30.41628391,-97.76856435,,2020,2020,No
2020-09-15,2018-07-25,Electrical Permit,Residential,R- 103 Two Family Bldgs,New,Final,,2.0,3.0,9,78703.0,30.27608233,-97.75824845,Conquest Electrical Contracting Llc,2020,2020,No
2020-08-31,2020-02-04,Electrical Permit,Residential,R- 101 Single Family Houses,New,Final,,1.0,2.0,1,78721.0,,,Icon Technology Inc,2020,2020,No
2020-09-22,2020-08-26,Building Permit,Residential,R- 329 Res Structures Other Than Bldg,New,Final,42000.0,1.0,0.0,8,78739.0,30.16612598,-97.89034391,"Cody Pools, Inc. **Main",2020,2020,Yes
2020-09-08,2020-06-24,Building Permit,Residential,R- 435 Renovations/Remodel,Repair,Final,5000.0,1.0,1.0,5,78748.0,30.17689523,-97.80908325,Uk 9002 Llc,2020,2020,Yes
2020-09-21,2020-09-17,Electrical Permit,Residential,Residential,Repair,Final,,1.0,1.0,1,78653.0,,,"Austin Lanehart Electric Co., Inc.",2020,2020,No
2020-09-28,2020-03-18,Mechanical Permit,Residential,R- 102 Secondary Apartment,New,Final,,1.0,2.0,7,78757.0,30.3446018,-97.73210388,Elite Heating And Air Conditioning Llc,2020,2020,No
2020-09-04,2019-10-16,Mechanical Permit,Residential,R- 101 Single Family Houses,New,Final,,1.0,2.0,9,78723.0,30.29928896,-97.69559466,,2020,2020,No
2020-09-03,2020-05-14,Building Permit,Residential,R- 101 Single Family Houses,New,Final,380000.0,1.0,2.0,5,78745.0,,,"Fw Construction, Inc.",2020,2020,Yes
2020-09-18,2020-05-19,Mechanical Permit,Residential,R- 101 Single Family Houses,New,Final,,1.0,2.0,10,78726.0,30.43742148,-97.84066215,,2020,2020,No
2020-09-14,2020-08-20,Electrical Permit,Residential,Residential,Repair,Final,,0.0,0.0,1,78724.0,30.28496096,-97.64103989,Allen Bebee Electric,2020,2020,No
2020-09-24,2020-09-18,Mechanical Permit,Residential,Residential,Change Out,Final,,,,4,78752.0,30.338937,-97.71202651,"Stan'S Heating, Air, Plumbing, & Electrical",2020,2020,No
2020-09-21,2020-09-16,Electrical Permit,Residential,Residential,Upgrade,Expired,,1.0,1.0,4,78723.0,30.31065762,-97.70021001,,2020,2020,No
2020-09-11,2020-03-30,Plumbing Permit,Residential,R- 101 Single Family Houses,New,Final,,1.0,2.0,1,78753.0,30.36336068,-97.66986118,Patriot Builders***Main**,2020,2020,No
2020-09-27,2020-09-21,Electrical Permit,Residential,Residential,Upgrade,Expired,,1.0,1.0,Unknown,78734.0,30.38541732,-97.93229288,Moreno Electric,2020,2020,No
2020-09-17,2020-01-10,Driveway / Sidewalks,Residential,Res. Driveway,New,Final,,,,4,78752.0,30.32933581,-97.71999181,Kiligray Llc **Main**,2020,2020,No
2020-08-27,2020-06-24,Electrical Permit,Residential,R- 101 Single Family Houses,New,Final,,1.0,2.0,2,78744.0,30.15852999,-97.72411016,"In Charge Electrical Services, Llc",2020,2020,No
2020-09-14,2020-09-11,Electrical Permit,Residential,Residential,Auxiliary Power,Final,,1.0,1.0,1,78702.0,30.27864265,-97.71265293,,2020,2020,No
2020-09-15,2020-03-24,Plumbing Permit,Residential,Residential,Irrigation,Final,,,,1,78724.0,30.30821284,-97.62954056,,2020,2020,No
2020-09-18,2020-08-14,Electrical Permit,Commercial,C-1000 Commercial Remodel,Remodel,Final,,1.0,2.0,2,78719.0,,,"Hays Electrical Services, Inc",2020,2020,No
2020-08-31,2020-08-27,Plumbing Permit,Residential,Residential,Repair,Final,,1.0,1.0,1,78753.0,30.38044283,-97.66295599,On-Call Management Services Inc.,2020,2020,No
2020-09-03,2020-08-24,Building Permit,Commercial,C-1000 Commercial Remodel,Remodel,Final,,1.0,3.0,7,78758.0,,,Reliable Roofing Of Texas Inc,2020,2020,No
2020-09-17,2020-09-15,Building Permit,Residential,R- 101 Single Family Houses,New,Final,185385.0,1.0,2.0,1,78723.0,30.29515444,-97.67519181,Rsi Communities (Do Not Use),2020,2020,Yes
2020-09-01,2020-08-28,Electrical Permit,Commercial,Commercial,Repair,Final,,1.0,1.0,9,78704.0,30.25046298,-97.75455359,Ampology Electrical Services Llc,2020,2020,No
2020-09-21,2020-09-18,Mechanical Permit,Residential,Residential,Change Out,Final,,,,5,78745.0,30.19470938,-97.8347727,Alamo Austin Air Conditioning & Heating Inc,2020,2020,No
2020-09-16,2018-12-21,Mechanical Permit,Commercial,Commercial,Remodel,Final,,0.0,0.0,7,78758.0,30.39308904,-97.71930761,"Austin Air & Ice, Llc",2020,2020,No
2020-09-28,2020-06-25,Plumbing Permit,Residential,R- 435 Renovations/Remodel,Repair,Final,,1.0,1.0,1,78702.0,,,J Lemons Llc Dba Plumb Intended,2020,2020,No
2020-08-28,2020-08-11,Electrical Permit,Residential,Residential,Repair,Final,,1.0,1.0,Unknown,78734.0,30.39529257,-97.92886803,Longhorn Electric Llc,2020,2020,No
2020-09-10,2020-09-10,Electrical Permit,Commercial,Sign Permit,Wall,Final,,,,8,78735.0,30.25596029,-97.8682549,,2020,2020,No
2020-09-24,2020-04-20,Plumbing Permit,Commercial,C-1001 Commercial Finish Out,Remodel,Final,,10.0,1.0,9,78705.0,30.28805303,-97.74411466,,2020,2020,No
2020-09-04,2020-09-03,Mechanical Permit,Residential,Residential,Change Out,Final,,,,5,78704.0,30.25471626,-97.77134165,Service Wizard Llc,2020,2020,No
2020-09-09,2020-09-08,Building Permit,Residential,R- 434 Addition & Alterations,Addition and Remodel,Expired,0.0,1.0,1.0,1,78724.0,30.29222184,-97.65192067,Air Pro Incorporated **Main**,2020,2020,No
2020-09-02,2020-08-29,Electrical Permit,Residential,Residential,Upgrade,Final,,1.0,1.0,6,78750.0,30.43363975,-97.79783276,Asap Electric Inc,2020,2020,No
2020-09-03,2020-08-21,Mechanical Permit,Commercial,C-1000 Commercial Remodel,Remodel,Final,,1.0,1.0,8,78746.0,30.26016839,-97.7914135,,2020,2020,No
2020-09-25,2020-09-11,Plumbing Permit,Residential,R- 435 Renovations/Remodel,Repair,Final,,1.0,1.0,7,78727.0,30.41821529,-97.680519,,2020,2020,No
2020-09-23,2020-09-22,Electrical Permit,Residential,Residential,Auxiliary Power,Final,,1.0,1.0,9,78723.0,30.29388274,-97.697381,"Ies Residential, Inc.",2020,2020,No
2020-09-10,2020-09-09,Plumbing Permit,Residential,Residential,Irrigation,Final,,,,Unknown,78660.0,,,,2020,2020,No
2020-09-03,2019-06-11,Mechanical Permit,Commercial,C- 105 Five or More Family Bldgs,New,Final,,24.0,3.0,1,78754.0,30.38480118,-97.64920025,The Nrp Group Llc,2020,2020,No
2020-08-27,2019-08-19,Electrical Permit,Residential,R- 434 Addition & Alterations,Addition and Remodel,Final,,1.0,3.0,3,78704.0,,,Alpha One Electric Pllc,2020,2020,No
2020-09-03,2020-07-16,Building Permit,Residential,R- 434 Addition & Alterations,Addition and Remodel,Final,4000.0,1.0,2.0,10,78731.0,30.36391324,-97.75970305,,2020,2020,Yes
2020-08-28,2020-07-31,Building Permit,Residential,R- 101 Single Family Houses,New,Final,0.0,1.0,2.0,2,78744.0,30.15857874,-97.7232638,Meritage Homes Corp,2020,2020,No
2020-09-17,2020-08-28,Driveway / Sidewalks,Residential,Res. Driveway & Sidewalk,New,Final,,,,7,78660.0,30.43656409,-97.65171036,Blackburn Communities,2020,2020,No
2020-09-01,2020-01-23,Plumbing Permit,Residential,R- 102 Secondary Apartment,New,Final,,1.0,2.0,1,78721.0,,,G & R Lone Star Plumbing,2020,2020,No
2020-09-16,2020-07-08,Electrical Permit,Residential,R- 329 Res Structures Other Than Bldg,New,Final,,1.0,1.0,10,78731.0,30.36737144,-97.76030221,D.A.S Electric,2020,2020,No
2020-09-18,2020-06-01,Electrical Permit,Commercial,C-1000 Commercial Remodel,Remodel,Final,,4.0,2.0,2,78744.0,30.1996283,-97.73520938,Agape Electric Ltd,2020,2020,No
2020-09-24,2020-09-23,Plumbing Permit,Residential,Residential,Repair,Final,,1.0,1.0,3,78702.0,30.25582387,-97.7336212,Palencia Plumbing Llc,2020,2020,No
2020-09-28,2020-09-28,Mechanical Permit,Commercial,Commercial,Repair,Expired,,0.0,0.0,1,78723.0,30.31840985,-97.66609935,Energy Guys,2020,2020,No
2020-09-08,2020-09-08,Plumbing Permit,Residential,Residential,New,Final,,1.0,1.0,Unknown,78744.0,30.16991253,-97.69614421,Victory Plumbing Company,2020,2020,No
2020-08-28,2020-07-30,Building Permit,Residential,R- 434 Addition & Alterations,Addition and Remodel,Final,1.0,1.0,1.0,4,78757.0,30.35916061,-97.72742017,E&D Remodeling Llc,2020,2020,Yes
2020-09-21,2020-09-11,Electrical Permit,Residential,R- 101 Single Family Houses,New,Final,,1.0,1.0,1,78653.0,,,"Austin Lanehart Electric Co., Inc.",2020,2020,No
2020-09-14,2019-10-28,Plumbing Permit,Residential,R- 434 Addition & Alterations,Addition and Remodel,Final,,1.0,2.0,10,78731.0,30.34103525,-97.78500835,Ruiz Plumbing,2020,2020,No
2020-09-21,2020-09-02,Plumbing Permit,Residential,R- 101 Single Family Houses,New,Final,,1.0,1.0,7,78660.0,30.43814556,-97.65500241,Mustang Plumbing,2020,2020,No
2020-09-09,2020-09-02,Plumbing Permit,Residential,Residential,Change Out,Final,,,,7,78727.0,30.42862595,-97.70674983,,2020,2020,No
2020-09-17,2020-09-17,Plumbing Permit,Residential,Residential,Change Out,Expired,,,,5,78747.0,30.13231856,-97.77844538,"Red Kings Plumbing Contractors Llc,",2020,2020,No
2020-09-11,2020-09-11,Electrical Permit,Commercial,Sign Permit,Freestanding,Final,,,,8,78749.0,30.20039814,-97.87862983,,2020,2020,No
2020-09-21,2020-08-20,Plumbing Permit,Residential,R- 101 Single Family Houses,New,Final,,1.0,2.0,7,78660.0,30.43733022,-97.6519144,Mustang Plumbing,2020,2020,No
2020-09-23,2020-09-21,Mechanical Permit,Residential,Residential,Change Out,Expired,,,,9,78704.0,30.25580576,-97.76572738,Smart Air Service Co.,2020,2020,No
2020-09-14,2020-09-11,Electrical Permit,Residential,Residential,Auxiliary Power,Final,,1.0,1.0,10,78759.0,30.42051183,-97.76268557,Hesolar Llc,2020,2020,No
2020-09-01,2019-09-06,Mechanical Permit,Commercial,C-1001 Commercial Finish Out,Remodel,Final,,1.0,1.0,9,78701.0,30.28009737,-97.74253445,Dynamic Systems Inc,2020,2020,No
2020-09-04,2020-08-04,Building Permit,Commercial,C- 329 Com Structures Other Than Bldg,New,Final,20400.0,1.0,1.0,3,78702.0,30.26621233,-97.70345321,Bartlett Cocke General Contractors (Main),2020,2020,Yes
2020-09-25,2019-07-23,Plumbing Permit,Residential,Residential,Irrigation,Final,,,,1,78724.0,30.28941478,-97.6422626,,2020,2020,No
2020-09-25,2020-09-18,Mechanical Permit,Commercial,Commercial,Change Out,Expired,,,,7,78759.0,30.40980519,-97.71482754,"Beyer Mechanical & Plumbing, Inc.***Main***",2020,2020,No
2020-09-11,2020-08-25,Electrical Permit,Commercial,Commercial,Repair,Final,,1.0,1.0,10,78746.0,30.34522563,-97.80091767,"Electric Pros, Inc.",2020,2020,No
2020-09-04,2019-10-02,Electrical Permit,Residential,R- 101 Single Family Houses,New,Final,,1.0,2.0,1,78754.0,30.37321279,-97.65534031,Landmark Electric,2020,2020,No
2020-09-01,2020-06-29,Plumbing Permit,Residential,R- 101 Single Family Houses,New,Final,,1.0,1.0,2,78744.0,30.15060503,-97.71784914,Victory Plumbing Company,2020,2020,No
2020-09-10,2020-09-09,Plumbing Permit,Residential,Residential,Irrigation,Final,,,,Unknown,78660.0,30.40702322,-97.62492561,,2020,2020,No
2020-09-22,2020-08-20,Mechanical Permit,Residential,Residential,Change Out,Final,,,,5,78745.0,30.21124997,-97.81094681,Abc Home And Commercial Services,2020,2020,No
2020-09-16,2020-09-16,Building Permit,Residential,R- 437 Residential Boat Dock,New,Final,50000.0,,,10,78746.0,,,What'S Up Dock,2020,2020,Yes
2020-09-15,2020-06-01,Mechanical Permit,Residential,R- 102 Secondary Apartment,New,Final,,1.0,2.0,3,78702.0,,,,2020,2020,No
2020-09-25,2020-03-11,Plumbing Permit,Residential,Residential,Irrigation,Final,,,,1,78660.0,30.39294823,-97.61382309,,2020,2020,No
2020-09-14,2020-08-20,Mechanical Permit,Residential,R- 434 Addition & Alterations,Addition and Remodel,Final,,1.0,2.0,Unknown,78746.0,30.27992659,-97.82659686,Krd Mechanical,2020,2020,No
2020-08-28,2020-08-21,Mechanical Permit,Residential,Residential,Change Out,Final,,,,2,78745.0,30.19923528,-97.79653439,,2020,2020,No
2020-09-01,2017-07-06,Plumbing Permit,Commercial,C-1001 Commercial Finish Out,Remodel,Final,,11.0,33.0,9,78701.0,30.2563889,-97.7388366,"Biggs Plumbing Co, Inc",2020,2020,No
2020-08-28,2020-06-24,Electrical Permit,Residential,R- 101 Single Family Houses,New,Final,,1.0,1.0,1,78660.0,30.40176701,-97.61360605,Landmark Electric,2020,2020,No
2020-09-21,2020-08-20,Plumbing Permit,Residential,R- 101 Single Family Houses,New,Final,,1.0,3.0,3,78741.0,30.21981579,-97.69619099,Local Plumbing Service-Dba Crow'S Plumbing Service,2020,2020,No
2020-08-28,2020-08-27,Electrical Permit,Residential,Residential,Repair,Final,,1.0,1.0,2,78744.0,30.15852999,-97.72411016,"In Charge Electrical Services, Llc",2020,2020,No
2020-09-15,2020-08-27,Building Permit,Residential,R- 645 Demolition One Family Homes,Demolition,Final,0.0,1.0,1.0,3,78704.0,30.23560708,-97.76118698,Pavilion Communities Texas Llc,2020,2020,No
2020-09-29,2020-09-28,Mechanical Permit,Residential,Residential,Change Out,Final,,,,7,78753.0,30.40459085,-97.64606955,A/C & Heating Retrofit Specialists,2020,2020,No
2020-09-03,2020-06-11,Mechanical Permit,Residential,R- 101 Single Family Houses,New,Final,,1.0,1.0,1,78723.0,30.29540686,-97.67423402,,2020,2020,No
2020-09-10,2020-09-10,Electrical Permit,Residential,Residential,Auxiliary Power,Final,,1.0,1.0,2,78617.0,30.16059702,-97.6349141,,2020,2020,No
2020-09-19,2020-06-01,Building Permit,Residential,R- 101 Single Family Houses,New,Final,0.0,1.0,3.0,10,78756.0,30.31488885,-97.74333436,Rsi Communites/William Lyon Homes,2020,2020,No
2020-09-28,2019-12-26,Building Permit,Residential,R- 434 Addition & Alterations,Addition and Remodel,Final,100000.0,1.0,1.0,8,78746.0,30.26806318,-97.80817604,Ian G Jones Construction,2020,2020,Yes
2020-09-23,2020-09-08,Electrical Permit,Residential,Residential,Auxiliary Power,Final,,1.0,1.0,2,78744.0,30.18933654,-97.73588504,Green Light Solar Llc,2020,2020,No
2020-09-29,2020-09-01,Plumbing Permit,Residential,R- 101 Single Family Houses,New,Final,,1.0,2.0,8,78652.0,30.17160467,-97.9202247,,2020,2020,No
2020-09-18,2020-06-25,Electrical Permit,Residential,R- 330  Accessory Use to Primary,New,Final,,1.0,2.0,10,78703.0,30.30037225,-97.77660824,Multi Electric Co.,2020,2020,No
2020-09-01,2020-07-28,Plumbing Permit,Residential,R- 434 Addition & Alterations,Addition and Remodel,Final,,0.0,0.0,10,78703.0,30.29664141,-97.77433316,Lago Plumbing,2020,2020,No
2020-09-23,2020-06-11,Plumbing Permit,Residential,R- 434 Addition & Alterations,Addition and Remodel,Final,,1.0,2.0,9,78704.0,30.24443795,-97.73879974,Priscilla Plumbing Company,2020,2020,No
2020-09-24,2020-09-22,Mechanical Permit,Residential,Residential,Change Out,Final,,,,1,78702.0,30.27793667,-97.71552091,"Stan'S Heating, Air, Plumbing, & Electrical",2020,2020,No
2020-09-25,2020-09-23,Plumbing Permit,Residential,Residential,Change Out,Expired,,,,9,78703.0,30.28335288,-97.76270343,,2020,2020,No
2020-09-09,2020-06-05,Plumbing Permit,Residential,R- 101 Single Family Houses,New,Final,,1.0,2.0,5,78748.0,30.13103407,-97.80822724,,2020,2020,No
2020-09-10,2020-09-09,Mechanical Permit,Commercial,Commercial,Change Out,Final,,,,10,78731.0,30.33236216,-97.75960619,Mj2 Mechanical Llc,2020,2020,No
2020-09-01,2019-09-06,Plumbing Permit,Commercial,C-1001 Commercial Finish Out,Remodel,Final,,1.0,1.0,9,78701.0,30.28009737,-97.74253445,Dynamic Systems Inc.,2020,2020,No
2020-09-17,2020-09-17,Building Permit,Commercial,C-1000 Commercial Remodel,Interior Demo Non-Structural,Expired,2000.0,1.0,59.0,9,78701.0,,,David Wilkes Builders,2020,2020,Yes
2020-09-02,2019-05-24,Electrical Permit,Residential,R- 434 Addition & Alterations,Addition and Remodel,Final,,0.0,0.0,9,78703.0,30.28252619,-97.76207581,Mcneely Electric Inc,2020,2020,No
2020-09-23,2020-09-03,Building Permit,Residential,R- 645 Demolition One Family Homes,Demolition,Final,0.0,1.0,1.0,10,78731.0,30.32155905,-97.76881231,"Bill Stone And Associates, Llc***Main***",2020,2020,No
2020-08-31,2020-06-09,Mechanical Permit,Residential,R- 101 Single Family Houses,New,Final,,1.0,2.0,2,78744.0,30.15864213,-97.72488887,,2020,2020,No
2020-09-28,2020-09-24,Plumbing Permit,Residential,Residential,Repair,Final,,1.0,0.0,10,78731.0,30.36910621,-97.76465843,Peanut Plumbing Llc,2020,2020,No
2020-08-27,2020-06-19,Building Permit,Residential,R- 434 Addition & Alterations,Addition and Remodel,Final,960000.0,1.0,3.0,10,78731.0,30.32357928,-97.76916124,Mulligan Construction,2020,2020,Yes
2020-09-14,2020-09-11,Plumbing Permit,Residential,Residential,Change Out,Expired,,,,10,78750.0,30.391147,-97.80395007,,2020,2020,No
2020-09-16,2020-09-10,Plumbing Permit,Residential,Residential,Repair,Final,,1.0,1.0,7,78757.0,30.34062778,-97.74816387,Beyond Wow Plumbing,2020,2020,No
2020-09-01,2020-08-31,Mechanical Permit,Residential,Residential,Change Out,Final,,,,8,78746.0,30.32012946,-97.81252298,"Stan'S Heating, Air, Plumbing, & Electrical",2020,2020,No
2020-09-25,2020-02-26,Mechanical Permit,Residential,R- 101 Single Family Houses,New,Final,,1.0,3.0,3,78741.0,30.22511334,-97.73984776,,2020,2020,No
2020-09-11,2020-07-08,Building Permit,Residential,R- 329 Res Structures Other Than Bldg,New,Expired,35000.0,1.0,1.0,10,78731.0,30.36737144,-97.76030221,River Hills Construction Ltd,2020,2020,Yes
2020-09-29,2020-09-28,Electrical Permit,Residential,Residential,Special Inspections Program,Expired,,,,9,78723.0,30.29987485,-97.69720149,Davis Electric,2020,2020,No
2020-09-24,2020-09-23,Plumbing Permit,Residential,Residential,Irrigation,Final,,,,Unknown,78728.0,30.46175056,-97.67888853,,2020,2020,No
2020-09-29,2020-05-08,Mechanical Permit,Residential,R- 103 Two Family Bldgs,New,Final,,2.0,2.0,1,78721.0,,,Coolbear Heating & Air,2020,2020,No
2020-09-14,2020-09-03,Mechanical Permit,Residential,Residential,Change Out,Expired,,,,8,78749.0,30.19967831,-97.84801512,Smart Air Service Co.,2020,2020,No
2020-09-24,2020-08-17,Mechanical Permit,Residential,R- 101 Single Family Houses,New,Final,,1.0,1.0,5,78748.0,30.13103054,-97.81097684,Woods Comfort Systems,2020,2020,No
2020-09-08,2020-05-15,Plumbing Permit,Commercial,Commercial,Fireline,Final,,,,4,78723.0,,,Bartlett Cocke General Contractors (Main),2020,2020,No
2020-09-22,2020-09-11,Plumbing Permit,Residential,Residential,Repair,Final,,0.0,0.0,7,78758.0,30.38801072,-97.68918926,The Veach Company,2020,2020,No
2020-09-14,2020-09-10,Electrical Permit,Residential,Residential,Upgrade,Final,,1.0,1.0,2,78744.0,30.18976355,-97.74978476,"Molitor Electric, Inc.",2020,2020,No
2020-09-25,2020-09-24,Building Permit,Residential,R- 435 Renovations/Remodel,Repair,VOID,15000.0,1.0,1.0,Unknown,78728.0,30.44474369,-97.67696986,Statewide Remodeling Of Austin *Main*,2020,2020,Yes
2020-09-29,2020-09-25,Electrical Permit,Residential,Residential,Auxiliary Power,Final,,1.0,1.0,5,78747.0,30.13404593,-97.77859274,,2020,2020,No
2020-09-02,2020-07-06,Electrical Permit,Residential,R- 101 Single Family Houses,New,Final,,1.0,2.0,2,78747.0,,,,2020,2020,No
2020-09-21,2020-09-18,Mechanical Permit,Residential,Residential,Change Out,Final,,,,5,78748.0,30.1677466,-97.83721063,Alamo Austin Air Conditioning & Heating Inc,2020,2020,No
2020-09-09,2020-09-08,Mechanical Permit,Residential,Residential,Change Out,Final,,,,1,78721.0,30.28270123,-97.70133389,Mj2 Mechanical Llc,2020,2020,No
2020-09-18,2019-11-25,Mechanical Permit,Residential,R- 434 Addition & Alterations,Addition and Remodel,Final,,1.0,1.0,8,78746.0,30.2735434,-97.80700288,Logan'S A/C And Heating,2020,2020,No
2020-09-04,2020-09-01,Mechanical Permit,Residential,Residential,Change Out,Final,,,,8,78746.0,30.26356914,-97.80343336,Mccullough Heating & Air,2020,2020,No
2020-09-14,2020-09-11,Plumbing Permit,Residential,Residential,Irrigation,Final,,,,2,78744.0,30.14717421,-97.71913818,,2020,2020,No
2020-09-10,2020-07-09,Electrical Permit,Commercial,C-1000 Commercial Remodel,Remodel,Final,,1.0,1.0,7,78758.0,30.39131301,-97.71839764,Neyland Electrical Services Llc,2020,2020,No
2020-09-17,2020-07-31,Building Permit,Residential,R- 101 Single Family Houses,New,Final,0.0,1.0,2.0,2,78744.0,30.15838753,-97.72319301,Meritage Homes Corp,2020,2020,No
2020-09-14,2020-09-14,Electrical Permit,Residential,Residential,Repair,Final,,1.0,1.0,Unknown,78738.0,30.28631228,-97.92642358,Dan Hernandez Electric Lp,2020,2020,No
2020-09-01,2020-05-28,Mechanical Permit,Residential,R- 101 Single Family Houses,New,Final,,1.0,1.0,1,78660.0,30.3997789,-97.61375733,Christianson Plumbing & Air Co,2020,2020,No
2020-09-25,2020-04-20,Plumbing Permit,Residential,Residential,Irrigation,Final,,,,5,78748.0,30.16281523,-97.81781616,,2020,2020,No
2020-08-28,2020-07-30,Building Permit,Residential,R- 101 Single Family Houses,New,Final,239000.0,1.0,2.0,2,78744.0,30.15461094,-97.71751603,Brookfield Residential Texas Homes Llc,2020,2020,Yes
2020-09-10,2020-07-14,Mechanical Permit,Residential,Residential,Change Out,Final,,,,6,78750.0,30.4503984,-97.79746164,American Conservation & Air,2020,2020,No
2020-09-16,2020-06-30,Mechanical Permit,Residential,R- 101 Single Family Houses,New,Final,,1.0,2.0,1,78723.0,30.29540418,-97.6750328,,2020,2020,No
2020-09-15,2020-08-28,Electrical Permit,Commercial,Commercial,Repair,Expired,,1.0,1.0,Unknown,78754.0,30.34548488,-97.67047525,"L&O Electric, Inc",2020,2020,No
2020-09-10,2020-03-19,Building Permit,Commercial,C- 329 Com Structures Other Than Bldg,New,Expired,150000.0,1.0,1.0,1,78754.0,,,Zif Developers Llc,2020,2020,Yes
2020-09-07,2020-07-21,Driveway / Sidewalks,Residential,Res. Driveway & Sidewalk,New,Final,,,,2,78747.0,30.15351478,-97.75880798,"Eht Of Texas, Lp",2020,2020,No
2020-09-19,2020-04-29,Driveway / Sidewalks,Residential,Res. Driveway & Sidewalk,New,Final,,,,1,78660.0,30.39958576,-97.61282041,D R Horton Homes,2020,2020,No
2020-08-31,2020-08-26,Electrical Permit,Residential,Residential,Repair,Expired,,1.0,1.0,2,78744.0,,,"In Charge Electrical Services, Llc",2020,2020,No
2020-08-27,2020-06-18,Electrical Permit,Residential,R- 329 Res Structures Other Than Bldg,New,Final,,1.0,1.0,9,78751.0,30.30737399,-97.73228637,Bee Electric,2020,2020,No
2020-09-10,2020-09-09,Plumbing Permit,Residential,Residential,Irrigation,Final,,,,1,78653.0,,,,2020,2020,No
2020-09-17,2020-06-03,Plumbing Permit,Residential,R- 434 Addition & Alterations,Addition and Remodel,Final,,1.0,0.0,10,78730.0,30.36043036,-97.85062501,,2020,2020,No
2020-09-08,2020-09-03,Mechanical Permit,Residential,Residential,Change Out,Final,,,,8,78749.0,30.23205638,-97.85038403,A-Plus Energy Management,2020,2020,No
2020-09-21,2020-08-20,Building Permit,Residential,R- 101 Single Family Houses,New,Final,0.0,1.0,3.0,3,78741.0,30.21981579,-97.69619099,Juneberry Homes,2020,2020,No
2020-09-17,2019-11-25,Driveway / Sidewalks,Residential,"Res. Driveway, Curb, Gutter",New,Final,,,,1,78702.0,30.28026845,-97.70756383,David Weekley Homes (Main),2020,2020,No
2020-08-31,2020-06-01,Building Permit,Commercial,C- 329 Com Structures Other Than Bldg,New,Final,0.0,1.0,1.0,2,78744.0,30.1996283,-97.73520938,"Legacy Construction Sercives, Llc",2020,2020,No
2020-09-24,2020-07-21,Plumbing Permit,Residential,R- 434 Addition & Alterations,Addition and Remodel,Final,,1.0,1.0,3,78745.0,30.21731853,-97.77813838,General Plumbing Services,2020,2020,No
2020-09-16,2020-09-15,Plumbing Permit,Residential,Residential,Repair,Expired,,1.0,0.0,1,78724.0,30.29381575,-97.62947164,Plumbing Outfitters Llc,2020,2020,No
2020-09-09,2020-08-04,Building Permit,Residential,R- 435 Renovations/Remodel,Repair,Final,26282.0,1.0,1.0,7,78756.0,30.33049701,-97.73314047,Renewal By Andersen,2020,2020,Yes
2020-09-17,2020-07-15,Building Permit,Residential,R- 101 Single Family Houses,New,Final,391990.0,1.0,2.0,2,78744.0,,,"Taylor Morrison Of Texas, Inc.",2020,2020,Yes
2020-08-31,2020-06-09,Driveway / Sidewalks,Residential,Res. Driveway & Sidewalk,New,Final,,,,1,78724.0,30.30591351,-97.64746384,"Paradisa Homes, Llc***Main***",2020,2020,No
2020-09-21,2020-09-16,Electrical Permit,Residential,Residential,Repair,Final,,1.0,1.0,2,78744.0,,,"Ies Residential, Inc.",2020,2020,No
2020-09-11,2020-04-09,Electrical Permit,Residential,R- 101 Single Family Houses,New,Final,,1.0,1.0,1,78724.0,30.32044508,-97.65540991,"Austin Lanehart Electric Co., Inc.",2020,2020,No
2020-09-30,2020-04-09,Building Permit,Residential,R- 434 Addition & Alterations,Addition and Remodel,Final,1.0,1.0,1.0,7,78757.0,30.33888136,-97.73456016,,2020,2020,Yes
2020-09-15,2020-07-29,Plumbing Permit,Residential,R- 101 Single Family Houses,New,Final,,1.0,2.0,1,78653.0,,,,2020,2020,No
2020-09-03,2020-08-18,Plumbing Permit,Residential,R- 101 Single Family Houses,New,Final,,1.0,1.0,2,78744.0,,,Victory Plumbing Company,2020,2020,No
2020-08-27,2020-05-04,Plumbing Permit,Commercial,C-1000 Commercial Remodel,Repair,Final,,1.0,1.0,6,78727.0,30.4262691,-97.75162714,Rbc,2020,2020,No
2020-09-18,2020-06-01,Electrical Permit,Commercial,"C- 437 Addn, Alter, Convn-NonRes",Addition and Remodel,Final,,1.0,1.0,2,78744.0,30.1996283,-97.73520938,Agape Electric Ltd,2020,2020,No
2020-09-23,2018-11-16,Plumbing Permit,Residential,R- 102 Secondary Apartment,New,Final,,1.0,2.0,3,78702.0,,,Xenon'S & More Plumbing,2020,2020,No
2020-09-22,2020-09-15,Mechanical Permit,Commercial,Commercial,Change Out,Final,,,,9,78704.0,30.23960358,-97.749994,Abc Home And Commercial Services,2020,2020,No
2020-09-01,2020-03-13,Electrical Permit,Commercial,C-1000 Commercial Remodel,Remodel,Final,,1.0,1.0,6,78717.0,30.47332505,-97.79564838,G. Daigle Electric Llc,2020,2020,No
2020-08-31,2020-08-28,Mechanical Permit,Residential,Residential,Change Out,Final,,,,1,78722.0,30.28289004,-97.70597772,Alamo Austin Air Conditioning & Heating Inc,2020,2020,No
2020-09-14,2001-01-29,Building Permit,Residential,R- 434 Addition & Alterations,Addition,Final,67000.0,,1.0,10,78703.0,30.30306257,-97.77167472,Tom Hall Construction,2020,2020,Yes
2020-09-04,2020-07-31,Building Permit,Residential,R- 434 Addition & Alterations,Addition and Remodel,Final,50000.0,1.0,2.0,10,78730.0,30.36906717,-97.86277891,Friedman General Contracting (**Main**),2020,2020,Yes
2020-09-08,2020-09-08,Mechanical Permit,Residential,Residential,Repair,Final,,1.0,1.0,7,78758.0,30.4101562,-97.69945647,Totally Cool,2020,2020,No
2020-09-25,2020-06-03,Mechanical Permit,Commercial,C-1000 Commercial Remodel,Remodel,Final,,1.0,1.0,5,78745.0,30.22867205,-97.80448049,Smart Air Service Co.,2020,2020,No
2020-09-23,2020-09-18,Plumbing Permit,Residential,Residential,Irrigation,Final,,,,5,78704.0,30.24817934,-97.78308723,,2020,2020,No
2020-09-04,2020-09-02,Mechanical Permit,Residential,Residential,Change Out,Expired,,,,1,78753.0,30.38523182,-97.6637751,,2020,2020,No
2020-09-28,2017-07-06,Plumbing Permit,Commercial,C-1001 Commercial Finish Out,Remodel,Final,,11.0,33.0,9,78701.0,30.2563889,-97.7388366,"Biggs Plumbing Co, Inc",2020,2020,No
2020-09-21,2020-09-17,Electrical Permit,Residential,Residential,Auxiliary Power,Final,,1.0,1.0,Unknown,78733.0,30.31541757,-97.87508895,Horus Partners,2020,2020,No
2020-09-11,2020-09-09,Plumbing Permit,Residential,Residential,Repair,Final,,1.0,0.0,5,78745.0,30.21087226,-97.80880655,,2020,2020,No
2020-09-29,2020-03-04,Electrical Permit,Residential,R- 329 Res Structures Other Than Bldg,New,Final,,1.0,1.0,1,78702.0,30.26989358,-97.72774799,Aei Electric Llc,2020,2020,No
2020-09-30,2020-09-24,Building Permit,Residential,R- 101 Single Family Houses,New,Final,311500.0,1.0,2.0,2,78747.0,30.13426464,-97.76218733,"Pacesetter Homes, Llc",2020,2020,Yes
2020-08-28,2020-08-28,Electrical Permit,Residential,Residential,New,Final,,1.0,1.0,Unknown,78660.0,30.42395678,-97.65489841,"Austin Lanehart Electric Co., Inc.",2020,2020,No
2020-09-01,2020-08-14,Building Permit,Commercial,C-1000 Commercial Remodel,Remodel,Final,,1.0,2.0,2,78719.0,,,T&G Corporation Dba Florida T&G Corporation Texas Division Inc,2020,2020,No
2020-09-02,2020-08-31,Building Permit,Residential,R- 101 Single Family Houses,New,Final,290000.0,1.0,1.0,7,78660.0,30.43709168,-97.65273997,Blackburn Communities,2020,2020,Yes
2020-09-25,2020-09-16,Electrical Permit,Residential,Residential,Repair,Final,,1.0,1.0,2,78744.0,30.14724066,-97.71727561,"In Charge Electrical Services, Llc",2020,2020,No
2020-09-25,2020-07-01,Electrical Permit,Residential,R- 102 Secondary Apartment,New,Final,,1.0,2.0,3,78702.0,30.25289749,-97.72833968,Aei Electric Llc,2020,2020,No
2020-09-03,2020-08-19,Building Permit,Residential,R- 645 Demolition One Family Homes,Demolition,Final,0.0,1.0,1.0,7,78757.0,30.35173831,-97.72435427,Dar Construction,2020,2020,No
2020-09-14,2020-08-21,Electrical Permit,Residential,Residential,Auxiliary Power,Final,,1.0,1.0,Unknown,78725.0,30.23162144,-97.58350523,,2020,2020,No
2020-09-10,2020-08-24,Building Permit,Commercial,C-1000 Commercial Remodel,Remodel,Expired,,1.0,1.0,4,78752.0,30.33412821,-97.70552087,Star Wireless Llc,2020,2020,No
2020-08-31,1987-04-28,Building Permit,Residential,R- 434 Addition & Alterations,Addition,Final,14000.0,1.0,,10,78759.0,30.42250115,-97.75874805,"Krago Homes, Llc",2020,2020,Yes
2020-08-27,2020-03-18,Plumbing Permit,Residential,R- 102 Secondary Apartment,New,Final,,1.0,2.0,3,78745.0,30.21942526,-97.77744927,Deleon'S Plumbing,2020,2020,No
2020-09-29,2020-04-01,Plumbing Permit,Commercial,C-1001 Commercial Finish Out,Remodel,Final,,1.0,1.0,6,78717.0,,,"Tcs Mechanical, Llc",2020,2020,No
2020-08-27,2020-08-27,Plumbing Permit,Residential,Residential,New,Final,,1.0,1.0,Unknown,78660.0,30.40678047,-97.62463098,Victory Plumbing Company,2020,2020,No
2020-09-22,2020-09-21,Electrical Permit,Residential,Residential,Repair,Final,,1.0,1.0,8,78746.0,30.27031239,-97.81961905,,2020,2020,No
2020-09-14,2020-07-17,Building Permit,Residential,R- 101 Single Family Houses,New,Final,216000.0,1.0,2.0,8,78735.0,,,Hopper Communities,2020,2020,Yes
2020-09-21,2020-08-13,Electrical Permit,Residential,Residential,Upgrade,Final,,1.0,1.0,9,78704.0,30.24797268,-97.75135086,Lightning Electrical,2020,2020,No
2020-09-21,2020-08-20,Building Permit,Residential,R- 101 Single Family Houses,New,Final,0.0,1.0,3.0,3,78741.0,30.21992177,-97.69599491,Juneberry Homes,2020,2020,No
2020-09-08,2020-05-06,Mechanical Permit,Commercial,"C- 318 Amusement, Social & Rec Bldgs",New,Final,,1.0,1.0,7,78753.0,30.40800693,-97.65212078,Harvey-Cleary Builders ***Main***,2020,2020,No
2020-09-02,2020-08-17,Plumbing Permit,Residential,Residential,Repair,Final,,1.0,1.0,3,78721.0,30.27026667,-97.68970183,Palencia Plumbing Llc,2020,2020,No
2020-09-08,2020-09-04,Electrical Permit,Residential,Residential,Repair,Final,,1.0,1.0,Unknown,78732.0,30.38826229,-97.87829814,"In Charge Electrical Services, Llc",2020,2020,No
2020-09-22,2020-09-22,Electrical Permit,Commercial,Sign Permit,Wall,Final,,,,5,78744.0,,,,2020,2020,No
2020-09-10,2020-09-09,Mechanical Permit,Commercial,Commercial,Change Out,Final,,,,9,78701.0,,,"Stan'S Heating, Air, Plumbing, & Electrical",2020,2020,No
2020-08-28,2020-08-27,Electrical Permit,Residential,Residential,Repair,Expired,,1.0,1.0,8,78652.0,30.17113314,-97.92088851,"In Charge Electrical Services, Llc",2020,2020,No
2020-08-28,2020-08-27,Plumbing Permit,Residential,Residential,Repair,Expired,,1.0,0.0,4,78758.0,30.36184188,-97.70449302,"Clarke Kent Plumbing, Inc.",2020,2020,No
2020-08-27,2020-08-05,Mechanical Permit,Residential,Residential,Change Out,Expired,,,,9,78751.0,30.31335731,-97.71721331,"Dayton A/C & Heating, Llc Dba Dayton Services",2020,2020,No
2020-09-22,2020-09-15,Plumbing Permit,Residential,Residential,Change Out,Final,,,,5,78745.0,30.2173732,-97.80013374,G & M Plumbing,2020,2020,No
2020-09-21,2020-02-28,Building Permit,Commercial,C- 329 Com Structures Other Than Bldg,New,Final,35000000.0,1.0,1.0,6,78717.0,,,Oht Construction Llc ***Main***,2020,2020,Yes
2020-09-01,2020-08-14,Building Permit,Commercial,C-1000 Commercial Remodel,Remodel,Final,,1.0,2.0,2,78719.0,,,T&G Corporation Dba Florida T&G Corporation Texas Division Inc,2020,2020,No
2020-08-28,2020-08-14,Mechanical Permit,Residential,Residential,Change Out,Final,,,,5,78745.0,30.21859354,-97.79204206,Elite Heating And Air Conditioning Llc,2020,2020,No
2020-09-15,2020-03-06,Mechanical Permit,Residential,R- 101 Single Family Houses,New,Final,,1.0,2.0,5,78748.0,30.16316685,-97.81765509,,2020,2020,No
2020-09-02,2020-09-02,Electrical Permit,Commercial,Commercial,Repair,Final,,1.0,1.0,1,78725.0,30.27802459,-97.66154606,"Elk Electric, Inc.",2020,2020,No
2020-08-27,2020-01-28,Plumbing Permit,Commercial,C- 105 Five or More Family Bldgs,New,Final,,100.0,4.0,6,78717.0,30.4809672,-97.80172818,Mechanical Systems,2020,2020,No
2020-09-22,2020-08-20,Electrical Permit,Residential,R- 102 Secondary Apartment,New,Final,,1.0,2.0,3,78741.0,30.21992177,-97.69599491,Aei Electric Llc,2020,2020,No
2020-09-23,2020-09-18,Building Permit,Residential,R- 101 Single Family Houses,New,Final,349250.0,1.0,2.0,2,78747.0,,,"Pacesetter Homes, Llc",2020,2020,Yes
2020-09-11,2020-09-08,Mechanical Permit,Residential,Residential,Change Out,Final,,,,Unknown,78746.0,30.28900525,-97.83998843,Mccullough Heating & Air,2020,2020,No
2020-08-31,2019-11-12,Building Permit,Commercial,C- 329 Com Structures Other Than Bldg,New,Final,140000.0,2.0,0.0,6,78729.0,30.46935191,-97.79125391,Empower Construction,2020,2020,Yes
2020-09-04,2020-02-07,Plumbing Permit,Residential,Residential,Irrigation,Final,,,,2,78744.0,30.20150397,-97.69312236,,2020,2020,No
2020-09-29,2018-09-13,Mechanical Permit,Commercial,C-1001 Commercial Finish Out,Remodel,Final,,29.0,1.0,1,78702.0,30.2711754,-97.73181677,City Wide Mechanical Inc.,2020,2020,No
2020-09-09,2020-08-26,Electrical Permit,Residential,Residential,Repair,Final,,1.0,1.0,10,78759.0,30.4240557,-97.76152154,Grayzer Electric Llc,2020,2020,No
2020-09-18,2020-09-18,Plumbing Permit,Residential,Residential,New,Final,,1.0,1.0,Unknown,78728.0,30.46388876,-97.67894392,Victory Plumbing Company,2020,2020,No
2020-09-08,2020-08-31,Plumbing Permit,Residential,Residential,Repair,Final,,1.0,0.0,4,78757.0,,,Flawless Fixers Dba Rooterman Of Austin,2020,2020,No
2020-09-07,2020-06-23,Plumbing Permit,Residential,R- 434 Addition & Alterations,Addition and Remodel,Final,,1.0,2.0,9,78705.0,30.29788852,-97.73991111,Mtz Plumbing Services,2020,2020,No
2020-09-22,2020-08-27,Plumbing Permit,Residential,R- 434 Addition & Alterations,Addition and Remodel,Final,,1.0,1.0,10,78731.0,30.32619022,-97.75658456,A Plus Pcs Plumbing Co,2020,2020,No
2020-09-23,2020-03-05,Driveway / Sidewalks,Residential,Res. Driveway & Sidewalk,New,Final,,,,2,78747.0,30.13744461,-97.76071365,"Milestone Community Builders, Llc(Main)",2020,2020,No
2020-09-29,2020-02-12,Building Permit,Commercial,C- 329 Com Structures Other Than Bldg,New,Final,25000000.0,1.0,1.0,1,78753.0,30.39691534,-97.67091403,"Embrey Builders, Llc",2020,2020,Yes
2020-09-09,2020-08-28,Plumbing Permit,Residential,R- 435 Renovations/Remodel,Repair,Final,,1.0,1.0,1,78723.0,30.29016755,-97.67583307,"La Casita Plumbing, Llc",2020,2020,No
2020-09-18,2020-06-23,Mechanical Permit,Commercial,C-1001 Commercial Finish Out,Remodel,Final,,1.0,1.0,10,78759.0,30.37345647,-97.73974403,Airco Mechanical,2020,2020,No
2020-09-28,2020-07-13,Electrical Permit,Residential,R- 329 Res Structures Other Than Bldg,New,Final,,1.0,1.0,9,78704.0,30.24823718,-97.75451483,Barnett Electric,2020,2020,No
2020-09-03,2020-09-02,Plumbing Permit,Residential,Residential,Repair,Final,,1.0,1.0,5,78748.0,30.17828144,-97.82756539,B&B Eagle Plumbing Inc.,2020,2020,No
2020-09-23,2020-08-24,Building Permit,Residential,R- 435 Renovations/Remodel,Repair,Expired,10981.0,1.0,1.0,8,78749.0,30.20025214,-97.85704944,Power Hrg,2020,2020,Yes
2020-08-27,2020-08-26,Building Permit,Commercial,C-1000 Commercial Remodel,Interior Demo Non-Structural,Final,15000.0,1.0,1.0,8,78746.0,30.28056841,-97.82271416,The Burt Group**Main**,2020,2020,Yes
2020-09-17,2020-03-24,Plumbing Permit,Residential,Residential,Irrigation,Final,,,,1,78723.0,30.29353533,-97.67616187,,2020,2020,No
2020-09-17,2020-06-03,Plumbing Permit,Residential,R- 329 Res Structures Other Than Bldg,New,Final,,1.0,1.0,6,78717.0,30.49971943,-97.76463053,,2020,2020,No
2020-09-01,2020-08-30,Mechanical Permit,Residential,Residential,Change Out,Final,,,,8,78749.0,30.2141028,-97.86433239,American Residential Services (Ars),2020,2020,No
2020-09-19,2020-04-21,Driveway / Sidewalks,Residential,Res. Driveway & Sidewalk,New,Final,,,,1,78660.0,30.3989286,-97.61269935,D R Horton Homes,2020,2020,No
2020-09-15,2020-07-01,Mechanical Permit,Residential,R- 101 Single Family Houses,New,Final,,1.0,2.0,2,78744.0,30.15869636,-97.72323214,,2020,2020,No
2020-09-22,2020-08-17,Plumbing Permit,Residential,R- 101 Single Family Houses,New,Final,,1.0,2.0,5,78748.0,30.13065283,-97.81079053,,2020,2020,No
2020-09-02,2020-09-02,Building Permit,Commercial,C-1000 Commercial Remodel,Remodel,Final,,1.0,1.0,2,78617.0,30.2116451,-97.61182748,Empire Roofing Companies Llc,2020,2020,No
2020-09-04,2020-09-02,Electrical Permit,Residential,Residential,Special Inspections Program,Final,,,,6,78717.0,30.48095114,-97.79005868,Grayzer Electric Llc,2020,2020,No
2020-09-15,2020-07-09,Electrical Permit,Residential,R- 101 Single Family Houses,New,Final,,1.0,3.0,6,78717.0,30.47647972,-97.78246381,"In Charge Electrical Services, Llc",2020,2020,No
2020-09-05,2020-07-17,Driveway / Sidewalks,Residential,Res. Driveway & Sidewalk,New,Final,,,,1,78653.0,,,Brohn Homes,2020,2020,No
2020-09-28,2020-09-24,Mechanical Permit,Commercial,Commercial,Change Out,Final,,,,10,78730.0,30.39950186,-97.85152255,Ambient Control Service Company,2020,2020,No
2020-08-31,2020-08-04,Driveway / Sidewalks,Residential,"Res. Curb, Gutter",New,Expired,,,,1,78724.0,30.32093308,-97.65441357,,2020,2020,No
2020-09-09,2020-09-01,Plumbing Permit,Residential,Residential,Change Out,Final,,,,7,78757.0,30.35331337,-97.73840822,,2020,2020,No
2020-09-09,2020-08-26,Electrical Permit,Commercial,Commercial,Repair,Final,,1.0,1.0,9,78704.0,30.25571158,-97.7625396,,2020,2020,No
2020-09-18,2020-05-11,Plumbing Permit,Commercial,C-1000 Commercial Remodel,Remodel,Final,,1.0,1.0,4,78757.0,,,Algermissen & Son Plumbing,2020,2020,No
2020-09-30,2020-01-31,Plumbing Permit,Residential,Residential,Irrigation,Final,,,,2,78744.0,30.14708556,-97.72072286,,2020,2020,No
2020-08-28,2020-08-24,Mechanical Permit,Residential,Residential,Change Out,Final,,,,5,78748.0,30.15134216,-97.80614287,,2020,2020,No
2020-09-21,2020-09-18,Electrical Permit,Residential,Residential,New,Final,,1.0,1.0,Unknown,78617.0,30.16407894,-97.63373755,"Austin Lanehart Electric Co., Inc.",2020,2020,No
2020-09-22,2020-07-28,Building Permit,Residential,R- 434 Addition & Alterations,Addition and Remodel,Final,20000.0,1.0,1.0,7,78757.0,30.34015885,-97.72514306,Open Envelope Studio Llc,2020,2020,Yes
2020-09-24,2020-09-17,Electrical Permit,Residential,Residential,New,Final,,1.0,1.0,Unknown,78734.0,30.37943124,-97.92663388,Dan Hernandez Electric Lp,2020,2020,No
2020-09-03,2019-09-26,Building Permit,Residential,R- 434 Addition & Alterations,Addition and Remodel,Final,7000.0,1.0,1.0,7,78757.0,30.34036006,-97.7471627,Bramlett Residential,2020,2020,Yes
2020-09-22,2020-08-25,Building Permit,Commercial,C-1000 Commercial Remodel,Remodel,Final,,1.0,1.0,7,78758.0,,,Hitt Contracting,2020,2020,No
2020-09-01,2020-08-29,Plumbing Permit,Residential,Residential,Repair,Final,,1.0,1.0,3,78704.0,30.23483684,-97.74997264,"La Casita Plumbing, Llc",2020,2020,No
2020-09-17,2020-06-03,Electrical Permit,Commercial,C-1000 Commercial Remodel,Remodel,Final,,1.0,1.0,5,78745.0,30.22867205,-97.80448049,Ap Electrical Llc,2020,2020,No
2020-09-03,2020-09-02,Mechanical Permit,Residential,Residential,Change Out,Expired,,,,10,78759.0,30.41824117,-97.76617662,,2020,2020,No
2020-09-17,2020-07-21,Plumbing Permit,Residential,R- 101 Single Family Houses,New,Final,,1.0,2.0,6,78717.0,30.47640198,-97.78270402,Christianson Plumbing,2020,2020,No
2020-09-24,2019-02-04,Electrical Permit,Commercial,C-1001 Commercial Finish Out,Remodel,Final,,1.0,1.0,9,78704.0,30.24839006,-97.76939337,"Elk Electric, Inc.",2020,2020,No
2020-09-22,2020-09-21,Plumbing Permit,Residential,Residential,Repair,Final,,1.0,0.0,10,78756.0,30.31339927,-97.74543167,,2020,2020,No
2020-09-23,2020-09-22,Electrical Permit,Commercial,Commercial,Repair,Final,,1.0,1.0,1,78702.0,30.27253228,-97.71148796,Richard'S Electric L.P.,2020,2020,No
2020-09-24,2020-03-11,Electrical Permit,Residential,Residential,Auxiliary Power,Final,,1.0,1.0,2,78744.0,30.19909018,-97.75375597,,2020,2020,No
2020-09-10,2020-08-26,Building Permit,Commercial,C-1000 Commercial Remodel,Remodel,Final,,1.0,1.0,6,78717.0,,,Turner Construction,2020,2020,No
2020-09-02,2020-05-05,Mechanical Permit,Commercial,C-1000 Commercial Remodel,Remodel,Final,,0.0,1.0,1,78725.0,30.28439728,-97.66062493,Pruneda Construction Inc.,2020,2020,No
2020-08-28,2020-06-29,Driveway / Sidewalks,Residential,Res. Driveway & Sidewalk,New,Final,,,,1,78724.0,30.32036849,-97.65622047,Kb Home,2020,2020,No
2020-09-15,2020-04-28,Mechanical Permit,Residential,R- 434 Addition & Alterations,Addition and Remodel,Final,,1.0,2.0,10,78731.0,30.36224485,-97.78178066,Coolbear Heating & Air,2020,2020,No
2020-09-03,2020-08-24,Building Permit,Commercial,C-1000 Commercial Remodel,Remodel,Final,,1.0,3.0,7,78758.0,,,Reliable Roofing Of Texas Inc,2020,2020,No
2020-09-01,2019-10-08,Electrical Permit,Residential,R- 434 Addition & Alterations,Addition and Remodel,Final,,1.0,1.0,10,78731.0,30.31829764,-97.77021143,3 B General Contractors Llc,2020,2020,No
2020-09-04,2019-10-02,Electrical Permit,Residential,R- 101 Single Family Houses,New,Final,,1.0,2.0,1,78754.0,30.37319666,-97.65496329,Landmark Electric,2020,2020,No
2020-08-31,2020-08-31,Mechanical Permit,Residential,Residential,Change Out,Final,,,,10,78703.0,30.30111694,-97.76707974,"Stan'S Heating, Air, Plumbing, & Electrical",2020,2020,No
2020-08-28,2020-04-28,Mechanical Permit,Residential,R- 434 Addition & Alterations,Addition and Remodel,Final,,1.0,1.0,9,78751.0,30.31568379,-97.71800616,,2020,2020,No
2020-08-31,2020-06-24,Mechanical Permit,Commercial,C-1000 Commercial Remodel,Remodel,Final,,0.0,9.0,10,78759.0,30.39116473,-97.7520912,"R.E.C. Industries, Inc.",2020,2020,No
2020-09-21,2020-04-14,Electrical Permit,Residential,R- 101 Single Family Houses,New,Final,,1.0,2.0,3,78702.0,,,Aei Electric Llc,2020,2020,No
2020-08-31,2020-02-26,Electrical Permit,Commercial,C- 329 Com Structures Other Than Bldg,New,Final,,1.0,1.0,1,78724.0,,,"Msf Electric, Inc.",2020,2020,No
2020-09-03,2020-02-03,Plumbing Permit,Commercial,C- 328 Commercial Other Nonresident Bldg,New,Final,,1.0,1.0,1,78723.0,,,6B Plumbing,2020,2020,No
2020-09-28,2020-06-15,Mechanical Permit,Commercial,C-1000 Commercial Remodel,Remodel,Final,,1.0,1.0,7,78758.0,30.41677665,-97.70429912,Sub-Kool Mechanical Contracting,2020,2020,No
2020-09-15,2020-03-18,Electrical Permit,Residential,R- 102 Secondary Apartment,New,Final,,1.0,2.0,3,78745.0,30.21942526,-97.77744927,Mcneely Electric Inc,2020,2020,No
2020-09-29,2020-09-27,Plumbing Permit,Residential,Residential,Repair,Final,,1.0,1.0,7,78727.0,30.42705817,-97.70057196,Gary Werner Company,2020,2020,No
2020-09-09,2020-09-01,Electrical Permit,Commercial,Commercial,Repair,Final,,1.0,1.0,9,78704.0,30.25149273,-97.76460339,"Bart'S Electric, Inc.",2020,2020,No
2020-09-09,2020-07-23,Building Permit,Commercial,C-1000 Commercial Remodel,Remodel,Expired,,1.0,1.0,6,78729.0,30.4498521,-97.78792405,Aus-Tex Building Consultants Llc *Main,2020,2020,No
2020-08-31,2020-07-09,Building Permit,Commercial,C-1000 Commercial Remodel,Remodel,Final,,1.0,1.0,7,78758.0,30.39131301,-97.71839764,Cm Constructors *Main*,2020,2020,No
2020-09-03,2020-09-02,Mechanical Permit,Residential,Residential,Change Out,Final,,,,10,78732.0,30.41801642,-97.88832342,"Stan'S Heating, Air, Plumbing, & Electrical",2020,2020,No
2020-09-16,2020-07-10,Building Permit,Commercial,C- 329 Com Structures Other Than Bldg,New,Final,48000.0,0.0,1.0,9,78701.0,30.27419867,-97.7473381,"Tri-County Pools Service, Lp",2020,2020,Yes
2020-09-29,2020-09-28,Plumbing Permit,Residential,Residential,Repair,Expired,,2.0,0.0,7,78757.0,30.33584572,-97.72565601,,2020,2020,No
2020-09-22,2020-08-25,Building Permit,Commercial,C-1000 Commercial Remodel,Remodel,Final,,1.0,1.0,7,78758.0,,,Hitt Contracting,2020,2020,No
2020-09-14,2020-09-03,Electrical Permit,Commercial,Commercial,Special Inspections Program,Final,,,,Unknown,78732.0,30.38084696,-97.87783664,,2020,2020,No
2020-09-30,2020-09-22,Electrical Permit,Residential,Residential,Special Inspections Program,Final,,,,10,78759.0,30.39585326,-97.75478622,Grayzer Electric Llc,2020,2020,No
2020-09-25,2020-09-23,Building Permit,Residential,R- 101 Single Family Houses,New,Final,358250.0,1.0,2.0,2,78747.0,30.13539966,-97.76255583,"Pacesetter Homes, Llc",2020,2020,Yes
2020-09-23,2020-09-23,Plumbing Permit,Commercial,Commercial,New,Final,,40.0,4.0,Unknown,78681.0,30.4746288,-97.68919652,,2020,2020,No
2020-09-27,2020-09-24,Mechanical Permit,Residential,Residential,Change Out,Final,,,,1,78721.0,30.27287853,-97.67847958,More Than Ac P-Llc,2020,2020,No
2020-09-04,2020-09-03,Plumbing Permit,Residential,Residential,Repair,Expired,,1.0,0.0,Unknown,78729.0,30.45698969,-97.77577002,Liberty Hill Plumbing,2020,2020,No
2020-09-14,2020-08-06,Plumbing Permit,Residential,R- 101 Single Family Houses,New,Final,,1.0,2.0,4,78752.0,30.33130679,-97.69589877,Hm Plumbing Llc,2020,2020,No
2020-08-27,2020-08-25,Mechanical Permit,Residential,Residential,Change Out,Expired,,,,8,78736.0,30.23807435,-97.88915734,,2020,2020,No
2020-09-03,2020-08-26,Electrical Permit,Residential,R- 101 Single Family Houses,New,Final,,1.0,1.0,1,78653.0,,,"Austin Lanehart Electric Co., Inc.",2020,2020,No
2020-09-11,2020-09-08,Mechanical Permit,Residential,Residential,Change Out,Final,,,,10,78731.0,30.34077221,-97.77359694,,2020,2020,No
2020-08-28,2020-08-05,Building Permit,Commercial,C-1000 Commercial Remodel,Remodel,Final,,1.0,1.0,9,78701.0,30.27405126,-97.74289951,Melde Construction Company *Do Not Use*,2020,2020,No
2020-09-14,2020-07-10,Plumbing Permit,Commercial,C-1000 Commercial Remodel,Remodel,Final,,1.0,1.0,10,78759.0,30.38985503,-97.74783067,Nuflo Plumbing,2020,2020,No
2020-09-03,2020-01-29,Mechanical Permit,Residential,R- 101 Single Family Houses,New,Final,,1.0,2.0,10,78732.0,,,,2020,2020,No
2020-09-23,2020-09-22,Building Permit,Residential,R- 101 Single Family Houses,New,Final,254990.0,1.0,2.0,2,78747.0,30.13523615,-97.76619262,"Milestone Community Builders, Llc(Main)",2020,2020,Yes
2020-09-14,2020-06-01,Plumbing Permit,Commercial,"C- 437 Addn, Alter, Convn-NonRes",Addition and Remodel,Final,,1.0,1.0,2,78744.0,30.1996283,-97.73520938,Flint & Associates Llc,2020,2020,No
2020-09-03,2020-09-01,Electrical Permit,Residential,Residential,Repair,Final,,1.0,1.0,10,78731.0,30.32357928,-97.76916124,,2020,2020,No
2020-09-30,2020-07-10,Electrical Permit,Residential,R- 329 Res Structures Other Than Bldg,New,Final,,1.0,1.0,7,78727.0,30.42672391,-97.69701695,Synergy Electrical Services,2020,2020,No
2020-09-22,2020-09-21,Electrical Permit,Residential,Residential,Repair,Final,,1.0,1.0,4,78758.0,,,Now Energy Llc,2020,2020,No
2020-08-31,2020-06-01,Building Permit,Commercial,C-1000 Commercial Remodel,Remodel,Final,,6.0,2.0,2,78744.0,30.1996283,-97.73520938,"Legacy Construction Sercives, Llc",2020,2020,No
2020-08-28,2020-05-29,Driveway / Sidewalks,Residential,Res. Driveway & Sidewalk,New,Final,,,,1,78653.0,,,Brohn Homes,2020,2020,No
2020-09-08,2020-06-19,Plumbing Permit,Residential,R- 435 Renovations/Remodel,Repair,Final,,1.0,1.0,2,78744.0,30.19101275,-97.73513396,Hc Plumbing,2020,2020,No
2020-09-16,2020-03-05,Building Permit,Commercial,C-1000 Commercial Remodel,Remodel,Final,,0.0,1.0,5,78745.0,30.2310247,-97.7973052,Joeris General Contractors***Main***,2020,2020,No
2020-09-17,2020-09-16,Plumbing Permit,Residential,R- 329 Res Structures Other Than Bldg,New,Final,,1.0,1.0,6,78726.0,30.43626082,-97.83020213,Local Plumbing Service-Dba Crow'S Plumbing Service,2020,2020,No
2020-09-15,2019-10-25,Mechanical Permit,Residential,R- 101 Single Family Houses,New,Final,,1.0,1.0,2,78744.0,30.20212835,-97.6929913,,2020,2020,No
2020-09-03,2020-09-01,Electrical Permit,Commercial,Commercial,Repair,Final,,1.0,1.0,Unknown,78746.0,,,,2020,2020,No
2020-09-09,2020-09-02,Electrical Permit,Residential,Residential,Auxiliary Power,Final,,1.0,1.0,8,78736.0,30.23559474,-97.89918145,Green Light Solar Llc,2020,2020,No
2020-09-14,2020-05-07,Electrical Permit,Residential,R- 434 Addition & Alterations,Addition and Remodel,Final,,1.0,2.0,7,78757.0,30.3380965,-97.72475807,"Mccrady Electric, Inc.",2020,2020,No
2020-09-15,2020-04-21,Driveway / Sidewalks,Residential,Res. Driveway & Sidewalk,New,Final,,,,2,78747.0,30.15511989,-97.75738854,Homes By Avi (Texas) Lp,2020,2020,No
2020-09-04,2020-08-28,Electrical Permit,Residential,Residential,Special Inspections Program,Final,,,,7,78757.0,30.34292853,-97.72433568,Grayzer Electric Llc,2020,2020,No
2020-09-28,2020-08-17,Electrical Permit,Commercial,C-1000 Commercial Remodel,Remodel,Final,,1.0,1.0,7,78758.0,30.37729438,-97.7281292,"Biggs Electric, Llc",2020,2020,No
2020-09-02,2020-06-23,Building Permit,Residential,R- 434 Addition & Alterations,Addition and Remodel,Expired,4500.0,1.0,1.0,5,78704.0,30.23124733,-97.7816498,Centex Remodel & Repair,2020,2020,Yes
2020-08-31,2020-08-05,Building Permit,Residential,R- 435 Renovations/Remodel,Repair,Final,40720.0,1.0,1.0,1,78660.0,30.39492759,-97.61819328,Church Foundation Repair,2020,2020,Yes
2020-09-02,2020-05-14,Mechanical Permit,Residential,R- 101 Single Family Houses,New,Final,,1.0,2.0,1,78660.0,30.39994509,-97.61342265,Christianson Plumbing & Air Co,2020,2020,No
2020-09-02,2020-07-24,Building Permit,Residential,R- 329 Res Structures Other Than Bldg,New,Final,45000.0,1.0,1.0,5,78748.0,30.17561222,-97.84908039,Fielder Custom Pools,2020,2020,Yes
2020-09-21,2020-08-20,Building Permit,Residential,R- 102 Secondary Apartment,New,Final,0.0,1.0,2.0,3,78741.0,30.21981579,-97.69619099,Juneberry Homes,2020,2020,No
2020-09-23,2020-08-24,Building Permit,Residential,R- 435 Renovations/Remodel,Repair,Expired,22750.0,1.0,1.0,8,78749.0,30.20863915,-97.85172688,Power Hrg,2020,2020,Yes
2020-09-10,2020-05-07,Plumbing Permit,Residential,Residential,Irrigation,Final,,,,1,78653.0,,,,2020,2020,No
2020-09-15,2018-10-03,Mechanical Permit,Commercial,C-1001 Commercial Finish Out,Remodel,Final,,7.0,7.0,7,78758.0,30.39502398,-97.7187031,Encore Mechanical,2020,2020,No
2020-09-03,2020-09-02,Electrical Permit,Residential,Residential,Repair,Expired,,1.0,1.0,2,78748.0,30.17944571,-97.79341982,Allison Electric,2020,2020,No
2020-09-21,2020-07-29,Building Permit,Residential,R- 329 Res Structures Other Than Bldg,New,Final,35000.0,1.0,0.0,4,78723.0,30.30989947,-97.69557408,Edward O'Connor,2020,2020,Yes
2020-09-03,2020-06-02,Electrical Permit,Residential,R- 434 Addition & Alterations,Addition and Remodel,Final,,1.0,1.0,2,78745.0,30.19150191,-97.78216125,Smith Electric,2020,2020,No
2020-09-14,2020-03-05,Plumbing Permit,Residential,Residential,Irrigation,Final,,,,2,78744.0,30.14695941,-97.71966298,,2020,2020,No
2020-09-29,2019-09-26,Driveway / Sidewalks,Residential,Res. Driveway & Sidewalk,New,Final,,,,7,78756.0,30.32128637,-97.73681892,Fortunate Foundation,2020,2020,No
2020-08-27,2020-08-21,Building Permit,Commercial,C-1000 Commercial Remodel,Remodel,Final,,1.0,1.0,7,78758.0,,,Reliable Roofing Of Texas Inc,2020,2020,No
2020-08-27,2020-08-26,Building Permit,Residential,R- 435 Renovations/Remodel,Repair,Final,1600.0,1.0,1.0,3,78702.0,30.25289104,-97.72099952,Valdez Remodeling & Weatherization Inc.**Main**,2020,2020,Yes
2020-09-16,2020-09-15,Electrical Permit,Residential,Residential,Repair,Expired,,1.0,1.0,Unknown,78744.0,30.17025361,-97.69574556,"In Charge Electrical Services, Llc",2020,2020,No
2020-09-21,2020-07-28,Electrical Permit,Commercial,C-1000 Commercial Remodel,Remodel,Final,,1.0,1.0,2,78744.0,30.20657863,-97.75113047,Kdr Electrical Services Inc.,2020,2020,No
2020-09-14,2020-09-11,Plumbing Permit,Residential,Residential,Irrigation,Final,,,,1,78754.0,30.35210956,-97.60138516,,2020,2020,No
2020-09-01,2020-08-29,Mechanical Permit,Residential,Residential,Change Out,Final,,,,8,78735.0,30.25575799,-97.87920563,American Residential Services (Ars),2020,2020,No
2020-09-23,2020-09-14,Plumbing Permit,Residential,Residential,Cut Over/Tank Abandonment,Final,,,,6,78729.0,30.45714843,-97.76663531,Hc Plumbing,2020,2020,No
2020-08-28,2020-08-26,Electrical Permit,Commercial,Commercial,Repair,Final,,1.0,1.0,3,78704.0,30.24516616,-97.76373899,Rodz Electric,2020,2020,No
2020-09-08,2020-01-27,Electrical Permit,Residential,R- 434 Addition & Alterations,Addition and Remodel,Final,,1.0,1.0,10,78759.0,30.36290442,-97.7470149,Mtz Electric,2020,2020,No
2020-09-14,2020-08-17,Plumbing Permit,Residential,Residential,Irrigation,Final,,,,2,78617.0,30.15615207,-97.63972862,,2020,2020,No
2020-09-27,2020-09-21,Electrical Permit,Commercial,C-1000 Commercial Remodel,Remodel,Final,,1.0,1.0,9,78701.0,30.27369476,-97.74976299,"Biggs Electric, Llc",2020,2020,No
2020-09-05,2020-07-27,Driveway / Sidewalks,Residential,Res. Driveway & Sidewalk,New,Final,,,,1,78653.0,,,Brohn Homes,2020,2020,No
2020-09-17,2020-05-27,Plumbing Permit,Commercial,C-1000 Commercial Remodel,Remodel,Final,,0.0,1.0,5,78745.0,30.20187907,-97.80505517,"Butler Plumbing, Inc.",2020,2020,No
2020-09-02,2020-07-06,Mechanical Permit,Commercial,C-1000 Commercial Remodel,Remodel,Final,,1.0,1.0,5,78748.0,30.18508663,-97.8162613,The Cool Crew Inc.,2020,2020,No
2020-08-31,2020-08-31,Plumbing Permit,Residential,Residential,New,Final,,1.0,1.0,Unknown,78744.0,,,Victory Plumbing Company,2020,2020,No
2020-09-25,2020-09-24,Plumbing Permit,Residential,Residential,Repair,Final,,1.0,1.0,5,78748.0,30.18581977,-97.83600295,Local Plumbing Service-Dba Crow'S Plumbing Service,2020,2020,No
2020-09-15,2019-07-05,Plumbing Permit,Residential,Residential,Irrigation,Final,,,,7,78757.0,30.35052795,-97.73260369,,2020,2020,No
2020-09-10,2020-07-23,Building Permit,Residential,R- 101 Single Family Houses,New,Final,214875.0,1.0,2.0,1,78660.0,30.40131059,-97.61517052,D R Horton Homes,2020,2020,Yes
2020-08-27,2020-04-14,Plumbing Permit,Residential,Residential,Repair,Final,,1.0,1.0,1,78722.0,30.283171,-97.71769552,Shaw'S Plumbing,2020,2020,No
2020-09-03,2020-07-14,Plumbing Permit,Residential,R- 101 Single Family Houses,New,Final,,1.0,2.0,2,78744.0,30.14963827,-97.71697337,Victory Plumbing Company,2020,2020,No
2020-09-14,2020-01-30,Plumbing Permit,Residential,R- 102 Secondary Apartment,New,Final,,1.0,2.0,4,78752.0,30.3278224,-97.69671689,Hm Plumbing Llc,2020,2020,No
2020-08-28,2020-08-20,Building Permit,Residential,R- 435 Renovations/Remodel,Repair,Final,9000.0,1.0,1.0,9,78751.0,30.31112329,-97.72216828,Level Best Foundation Repair Inc,2020,2020,Yes
2020-09-18,2020-09-17,Electrical Permit,Residential,Residential,Repair,Final,,1.0,1.0,7,78660.0,30.44113082,-97.6613886,,2020,2020,No
2020-09-16,2020-09-08,Mechanical Permit,Residential,Residential,Change Out,Expired,,,,6,78750.0,30.45100473,-97.80491528,Ems Home Services,2020,2020,No
2020-09-29,2019-08-23,Plumbing Permit,Residential,Residential,Irrigation,Final,,,,3,78702.0,30.26848283,-97.70164865,,2020,2020,No
2020-09-11,2020-09-10,Electrical Permit,Residential,Residential,Repair,Final,,1.0,1.0,1,78724.0,30.29446043,-97.64167502,,2020,2020,No
2020-08-27,2020-08-21,Electrical Permit,Residential,Residential,Repair,Final,,0.0,0.0,1,78724.0,30.29222184,-97.65192067,Med-Tex Electric,2020,2020,No
2020-09-28,2020-04-08,Mechanical Permit,Residential,R- 434 Addition & Alterations,Addition and Remodel,Final,,1.0,2.0,5,78747.0,30.1428358,-97.78880609,Adam & Sons A/C & Heating,2020,2020,No
2020-09-04,2020-08-28,Mechanical Permit,Residential,Residential,Change Out,Final,,,,10,78703.0,30.31097976,-97.76791108,,2020,2020,No
2020-09-21,2020-09-15,Electrical Permit,Residential,Residential,Repair,Final,,1.0,1.0,2,78744.0,30.14905015,-97.71591964,"Ies Residential, Inc.",2020,2020,No
2020-09-10,2020-07-29,Building Permit,Residential,R- 101 Single Family Houses,New,Final,189786.0,1.0,2.0,1,78653.0,,,Gfo Home***Main***,2020,2020,Yes
2020-09-02,2020-09-02,Plumbing Permit,Residential,Residential,New,Final,,1.0,1.0,Unknown,78728.0,30.46381058,-97.68128287,Victory Plumbing Company,2020,2020,No
2020-09-15,2020-07-31,Mechanical Permit,Commercial,C-1000 Commercial Remodel,Remodel,Final,,1.0,1.0,7,78757.0,,,Gemini Mechanical Services Inc.,2020,2020,No
2020-09-01,2020-08-31,Mechanical Permit,Residential,Residential,Change Out,Final,,,,10,78756.0,30.31169625,-97.74485921,"Stan'S Heating, Air, Plumbing, & Electrical",2020,2020,No
2020-09-30,2019-05-10,Driveway / Sidewalks,Residential,Res. Driveway & Sidewalk,New,Final,,,,5,78745.0,30.22580638,-97.77884813,Marshall Willis Custom Homes,2020,2020,No
2020-09-16,2020-07-17,Mechanical Permit,Residential,R- 101 Single Family Houses,New,Final,,1.0,1.0,1,78653.0,,,"Stan'S Heating, Air, Plumbing, & Electrical",2020,2020,No
2020-09-09,2020-09-09,Building Permit,Commercial,C-1000 Commercial Remodel,Interior Demo Non-Structural,Final,29000.0,1.0,2.0,5,78745.0,30.22990398,-97.80140769,"Scv Works, Llc",2020,2020,Yes
2020-09-21,2020-05-15,Electrical Permit,Commercial,C- 321 Pkg Garage Bldg & Open Deck,New,Final,,1.0,5.0,6,78729.0,,,Tumlinson Electric,2020,2020,No
2020-09-01,2019-09-06,Plumbing Permit,Commercial,C-1001 Commercial Finish Out,Remodel,Final,,1.0,1.0,9,78701.0,30.28009737,-97.74253445,Dynamic Systems Inc.,2020,2020,No
2020-09-17,2020-06-01,Mechanical Permit,Residential,R- 434 Addition & Alterations,Addition and Remodel,Final,,1.0,2.0,3,78702.0,30.25139328,-97.72389123,Oasis Services Llc,2020,2020,No
2020-08-31,2020-08-31,Plumbing Permit,Commercial,Commercial,Repair,Final,,,0.0,6,78729.0,30.43898321,-97.75966943,Buffy'S Plumbing,2020,2020,No
2020-08-27,2018-09-13,Electrical Permit,Commercial,C-1001 Commercial Finish Out,Remodel,Final,,1.0,1.0,1,78702.0,30.2711754,-97.73181677,Titus Electrical Contracting,2020,2020,No
2020-09-03,2020-09-01,Electrical Permit,Residential,Residential,Special Inspections Program,Final,,,,10,78731.0,30.35122972,-97.77225707,,2020,2020,No
2020-09-10,2020-08-14,Plumbing Permit,Residential,R- 101 Single Family Houses,New,Final,,1.0,2.0,7,78753.0,30.40749448,-97.64721345,,2020,2020,No
2020-09-23,2020-08-14,Building Permit,Residential,R- 329 Res Structures Other Than Bldg,New,Final,0.0,0.0,0.0,10,78703.0,30.29773196,-97.77992055,Millennium Pools Inc *Main,2020,2020,No
2020-09-17,2020-09-15,Plumbing Permit,Residential,Residential,Repair,Final,,1.0,1.0,2,78745.0,30.19986846,-97.78949501,Trio Plumbing Solutions,2020,2020,No
2020-09-21,2020-07-06,Building Permit,Residential,R- 329 Res Structures Other Than Bldg,New,Final,45000.0,1.0,0.0,3,78702.0,,,Texas Tiny Pools,2020,2020,Yes
2020-09-24,2020-04-02,Mechanical Permit,Residential,R- 101 Single Family Houses,New,Final,,1.0,2.0,3,78741.0,30.24114501,-97.69446499,,2020,2020,No
2020-09-04,2020-09-03,Electrical Permit,Residential,Residential,Repair,Final,,1.0,1.0,10,78731.0,30.32913645,-97.75620467,"Mccrady Electric, Inc.",2020,2020,No
2020-09-18,2020-08-28,Building Permit,Residential,R- 435 Renovations/Remodel,Repair,Final,10770.0,1.0,1.0,4,78751.0,30.31933181,-97.71011487,Renewal By Andersen,2020,2020,Yes
2020-09-28,2019-02-08,Mechanical Permit,Residential,R- 330  Accessory Use to Primary,New,Final,,1.0,2.0,10,78703.0,30.30573788,-97.75517491,New Results Of Austin,2020,2020,No
2020-09-23,2020-09-21,Electrical Permit,Residential,Residential,Repair,Final,,1.0,1.0,Unknown,78617.0,30.16337929,-97.63486174,"Austin Lanehart Electric Co., Inc.",2020,2020,No
2020-09-10,2020-09-09,Plumbing Permit,Residential,Residential,Irrigation,Final,,,,Unknown,78660.0,30.40762085,-97.62496276,,2020,2020,No
2020-09-14,2020-03-16,Plumbing Permit,Residential,Residential,Repair,Final,,1.0,1.0,5,78704.0,30.25270125,-97.7731787,C-Tech Plumbing Llc,2020,2020,No
2020-09-10,2020-09-08,Plumbing Permit,Residential,Residential,Repair,Final,,1.0,1.0,7,78757.0,30.35281475,-97.73850409,Beyond Wow Plumbing,2020,2020,No
2020-09-28,2020-09-17,Electrical Permit,Residential,Residential,Special Inspections Program,Final,,,,10,78731.0,30.36647861,-97.76914347,Grayzer Electric Llc,2020,2020,No
2020-09-25,2020-09-24,Plumbing Permit,Residential,Residential,Irrigation,Final,,,,2,78617.0,30.15600016,-97.63969804,,2020,2020,No
2020-09-23,2020-08-28,Mechanical Permit,Residential,Residential,Change Out,Final,,,,1,78724.0,30.28470438,-97.6466374,Elite Heating And Air Conditioning Llc,2020,2020,No
2020-09-18,2020-07-31,Plumbing Permit,Residential,R- 101 Single Family Houses,New,Final,,1.0,2.0,2,78744.0,30.15800862,-97.7230893,Mustang Plumbing,2020,2020,No
2020-09-25,2020-09-21,Plumbing Permit,Residential,Residential,Repair,Final,,1.0,0.0,5,78745.0,30.19578082,-97.8236035,,2020,2020,No
2020-09-28,2020-08-27,Mechanical Permit,Residential,R- 101 Single Family Houses,New,Final,,1.0,1.0,5,78748.0,30.13093664,-97.81109636,Woods Comfort Systems,2020,2020,No
2020-09-25,2020-07-17,Building Permit,Residential,R- 101 Single Family Houses,New,Final,0.0,1.0,2.0,7,78660.0,30.43973555,-97.66082101,Masonwood Homes Llc,2020,2020,No
2020-09-11,2020-09-10,Building Permit,Residential,R- 435 Renovations/Remodel,Repair,Final,800.0,1.0,1.0,7,78756.0,30.33187564,-97.73914969,Suttin Construction,2020,2020,Yes
2020-09-02,2020-09-01,Electrical Permit,Residential,Residential,Upgrade,Final,,1.0,1.0,1,78702.0,30.27916889,-97.7151199,Mitchell Electric,2020,2020,No
2020-09-25,2020-06-11,Driveway / Sidewalks,Residential,Res. Driveway & Sidewalk,New,Final,,,,1,78660.0,30.40137792,-97.61419451,D R Horton Homes,2020,2020,No
2020-09-30,2020-09-29,Electrical Permit,Residential,Residential,Repair,Final,,1.0,1.0,Unknown,78617.0,30.16327376,-97.63429179,"Austin Lanehart Electric Co., Inc.",2020,2020,No
2020-09-29,2020-04-06,Mechanical Permit,Residential,R- 101 Single Family Houses,New,Final,,1.0,2.0,2,78744.0,30.15433891,-97.71577958,,2020,2020,No
2020-09-10,2020-01-30,Electrical Permit,Residential,R- 102 Secondary Apartment,New,Final,,1.0,2.0,4,78751.0,30.32071774,-97.72114777,Allison Electric,2020,2020,No
2020-09-16,2020-09-16,Electrical Permit,Residential,Residential,New,Final,,1.0,1.0,Unknown,78724.0,,,"Ies Residential, Inc.",2020,2020,No
2020-09-14,2020-07-01,Building Permit,Residential,R- 102 Secondary Apartment,New,Final,0.0,1.0,2.0,3,78702.0,30.25289749,-97.72833968,Gravity 14,2020,2020,No
2020-09-21,2020-07-27,Electrical Permit,Residential,R- 101 Single Family Houses,New,Final,,1.0,2.0,7,78758.0,30.39605877,-97.69682747,,2020,2020,No
2020-09-07,2020-07-21,Electrical Permit,Residential,R- 434 Addition & Alterations,Addition and Remodel,Final,,1.0,2.0,Unknown,78746.0,30.28831035,-97.83495162,Silver'S Electric,2020,2020,No
2020-09-10,2020-08-13,Building Permit,Residential,R- 101 Single Family Houses,New,Final,160790.0,1.0,2.0,7,78753.0,30.40740201,-97.64594994,"Century Land Holdings Ii, Llc",2020,2020,Yes
2020-09-23,2020-09-23,Electrical Permit,Commercial,Sign Permit,Wall,Final,,,,2,78744.0,,,,2020,2020,No
2020-09-04,2020-07-31,Building Permit,Residential,R- 434 Addition & Alterations,Addition and Remodel,Final,1.0,1.0,2.0,5,78748.0,30.15795705,-97.81509739,,2020,2020,Yes
2020-09-04,2020-08-17,Building Permit,Residential,R- 101 Single Family Houses,New,Final,143925.0,1.0,2.0,2,78617.0,30.15596714,-97.63943627,Lennar Homes Of Texas***Main***,2020,2020,Yes
2020-09-01,2020-02-05,Building Permit,Residential,R- 101 Single Family Houses,New,Final,150000.0,1.0,2.0,9,78704.0,,,"Haylou Builders, Llc (Main)",2020,2020,Yes
2020-09-11,2020-08-11,Building Permit,Residential,R- 435 Renovations/Remodel,Repair,Final,7091.0,1.0,1.0,4,78758.0,30.36755669,-97.69950974,Window Expo,2020,2020,Yes
2020-09-01,2020-08-31,Electrical Permit,Residential,Residential,Repair,Final,,1.0,1.0,1,78653.0,30.29284338,-97.55278894,Bolder Electric Solutions,2020,2020,No
2020-09-22,2020-09-22,Electrical Permit,Residential,Residential,New,Final,,1.0,1.0,Unknown,78724.0,,,"Ies Residential, Inc.",2020,2020,No
2020-09-23,2020-09-03,Building Permit,Residential,R- 435 Renovations/Remodel,Repair,Expired,11822.0,1.0,1.0,10,78759.0,30.42365854,-97.75242383,Power Hrg,2020,2020,Yes
2020-09-14,2020-09-03,Electrical Permit,Commercial,Commercial,Special Inspections Program,Final,,,,6,78727.0,30.42924658,-97.7448792,,2020,2020,No
2020-09-10,2020-09-04,Electrical Permit,Residential,Residential,Repair,Final,,1.0,1.0,6,78717.0,30.50380158,-97.74807494,"In Charge Electrical Services, Llc",2020,2020,No
2020-09-01,2020-08-31,Electrical Permit,Residential,Residential,Repair,Final,,1.0,1.0,Unknown,78660.0,,,Med-Tex Electric,2020,2020,No
2020-09-09,2020-03-12,Plumbing Permit,Residential,R- 329 Res Structures Other Than Bldg,New,Expired,,1.0,0.0,8,78735.0,30.26277526,-97.84080838,Pk Plumbing,2020,2020,No
2020-09-16,2020-09-14,Plumbing Permit,Residential,R- 101 Single Family Houses,New,Final,,1.0,1.0,2,78747.0,30.13475429,-97.76383548,Victory Plumbing Company,2020,2020,No
2020-09-08,2020-09-04,Electrical Permit,Commercial,Commercial,Upgrade,Final,,1.0,1.0,2,78617.0,30.20730521,-97.63797611,Hill Repairs Llc,2020,2020,No
2020-08-28,2020-08-28,Building Permit,Residential,R- 435 Renovations/Remodel,Repair,Final,3944.0,1.0,1.0,5,78748.0,30.17355745,-97.81290559,Home Depot Usa Inc,2020,2020,Yes
2020-09-14,2020-09-14,Electrical Permit,Commercial,Sign Permit,Freestanding,Final,,,,3,78745.0,30.21484964,-97.7623794,,2020,2020,No
2020-09-17,2020-09-16,Plumbing Permit,Residential,Residential,Repair,Final,,1.0,0.0,7,78757.0,30.3427265,-97.74258696,,2020,2020,No
2020-09-21,2020-07-22,Building Permit,Residential,R- 434 Addition & Alterations,Addition and Remodel,Final,1.0,1.0,1.0,9,78705.0,30.30139397,-97.74025748,Turner Day Custom Homes,2020,2020,Yes
2020-09-15,2020-09-03,Electrical Permit,Residential,Residential,New,Final,,1.0,1.0,Unknown,78724.0,30.26325031,-97.58922963,Landmark Electric,2020,2020,No
2020-09-25,2020-09-25,Electrical Permit,Commercial,Sign Permit,Wall,Final,,,,9,78701.0,30.26627424,-97.74825693,,2020,2020,No
2020-09-29,2020-01-29,Mechanical Permit,Residential,R- 101 Single Family Houses,New,Final,,1.0,2.0,10,78731.0,30.32925057,-97.76312287,,2020,2020,No
2020-09-24,2020-02-12,Plumbing Permit,Residential,Residential,Irrigation,Final,,,,1,78724.0,30.30568428,-97.62767147,,2020,2020,No
2020-09-10,2020-05-11,Building Permit,Commercial,C-1000 Commercial Remodel,Remodel,Final,,1.0,1.0,9,78723.0,30.30738273,-97.70923515,T & Tq Construction Llc,2020,2020,No
2020-08-27,2020-08-17,Electrical Permit,Residential,R- 101 Single Family Houses,New,Final,,1.0,1.0,5,78748.0,30.13103054,-97.81097684,"In Charge Electrical Services, Llc",2020,2020,No
2020-08-27,2020-04-28,Plumbing Permit,Residential,R- 101 Single Family Houses,New,Final,,1.0,2.0,9,78704.0,30.24172315,-97.74449844,Mustang Plumbing,2020,2020,No
2020-08-28,2020-08-21,Electrical Permit,Residential,Residential,Special Inspections Program,Final,,,,1,78724.0,30.30496918,-97.6455819,Grayzer Electric Llc,2020,2020,No
2020-09-21,2020-09-08,Building Permit,Residential,R- 645 Demolition One Family Homes,Demolition,Final,0.0,1.0,1.0,3,78704.0,30.23994117,-97.76431832,"Renovate Atx , Inc",2020,2020,No
2020-08-31,2020-06-30,Plumbing Permit,Commercial,C-1000 Commercial Remodel,Remodel,Final,,1.0,1.0,7,78758.0,30.4083506,-97.68709238,"Lmh Plumbing, Inc",2020,2020,No
2020-08-28,2020-08-28,Electrical Permit,Residential,Residential,Repair,Final,,1.0,1.0,10,78731.0,30.34484473,-97.78184135,Texas Electrical Services,2020,2020,No
2020-09-03,2020-06-16,Mechanical Permit,Residential,R- 101 Single Family Houses,New,Final,,1.0,1.0,1,78754.0,30.35257906,-97.60005573,Lowden'S Air Conditioning And Heating Llc,2020,2020,No
2020-09-13,2020-07-10,Electrical Permit,Residential,R- 329 Res Structures Other Than Bldg,New,Final,,0.0,0.0,6,78717.0,30.50174559,-97.76472577,Economy Electric,2020,2020,No
2020-09-01,2020-08-12,Building Permit,Residential,R- 101 Single Family Houses,New,Final,145000.0,1.0,2.0,2,78744.0,30.14588154,-97.71873327,Brookfield Residential Texas Homes Llc,2020,2020,Yes
2020-09-09,2020-08-21,Building Permit,Residential,R- 101 Single Family Houses,New,Final,740990.0,1.0,2.0,6,78717.0,30.50147125,-97.74639694,Pulte Homes Of Texas L.P. Dba Pulte Group,2020,2020,Yes
2020-09-17,2020-09-11,Plumbing Permit,Residential,Residential,New,Final,,1.0,1.0,Unknown,78617.0,30.16238474,-97.63465212,Victory Plumbing Company,2020,2020,No
2020-09-01,2020-06-03,Driveway / Sidewalks,Residential,Res. Driveway & Sidewalk,New,Final,,,,1,78653.0,,,Brohn Homes,2020,2020,No
2020-09-18,2020-03-04,Plumbing Permit,Residential,R- 101 Single Family Houses,New,Final,,1.0,2.0,1,78702.0,30.27153779,-97.71908172,,2020,2020,No
2020-09-29,2020-02-12,Building Permit,Commercial,C- 329 Com Structures Other Than Bldg,New,Final,25000000.0,1.0,1.0,1,78753.0,30.39691534,-97.67091403,"Embrey Builders, Llc",2020,2020,Yes
2020-09-02,2020-04-20,Driveway / Sidewalks,Residential,Res. Driveway,New,Final,,,,Unknown,,,,,2020,2020,No
2020-09-23,2020-07-01,Electrical Permit,Residential,R- 102 Secondary Apartment,New,Final,,1.0,1.0,3,78704.0,,,"Ies Residential, Inc.",2020,2020,No
2020-09-03,2020-08-18,Plumbing Permit,Residential,R- 101 Single Family Houses,New,Final,,1.0,1.0,2,78744.0,,,Victory Plumbing Company,2020,2020,No
2020-09-25,2019-10-02,Driveway / Sidewalks,Residential,Res. Driveway & Sidewalk,New,Final,,,,7,78660.0,30.4360972,-97.6533231,Blackburn Communities,2020,2020,No
2020-09-24,2020-07-20,Electrical Permit,Commercial,C-1000 Commercial Remodel,Remodel,Final,,1.0,1.0,9,78705.0,30.28953364,-97.7516589,Lpz Electric Llc,2020,2020,No
2020-09-15,2019-07-31,Mechanical Permit,Residential,R- 101 Single Family Houses,New,Final,,1.0,2.0,3,78704.0,30.2374412,-97.77132482,Elite Heating And Air Conditioning Llc,2020,2020,No
2020-09-09,2020-02-26,Plumbing Permit,Residential,R- 329 Res Structures Other Than Bldg,New,Final,,1.0,1.0,10,78730.0,30.3640177,-97.82115401,Buffy'S Plumbing,2020,2020,No
2020-08-28,2020-08-20,Plumbing Permit,Residential,Residential,Repair,Final,,1.0,0.0,1,78724.0,30.28496096,-97.64103989,"La Casita Plumbing, Llc",2020,2020,No
2020-09-25,2020-09-23,Plumbing Permit,Residential,Residential,Change Out,Final,,,,8,78736.0,30.23915977,-97.90443511,,2020,2020,No
2020-09-16,2020-09-02,Electrical Permit,Commercial,Sign Permit,Awning,Final,,,,1,78702.0,30.27595827,-97.70499709,,2020,2020,No
2020-09-16,2020-09-02,Electrical Permit,Commercial,Sign Permit,Awning,Final,,,,1,78702.0,30.27595827,-97.70499709,,2020,2020,No
2020-09-10,2020-08-21,Electrical Permit,Commercial,C-1000 Commercial Remodel,Remodel,Final,,1.0,1.0,8,78746.0,30.26016839,-97.7914135,Southern Cross Electric Dba: Aussie Electric Inc.,2020,2020,No
2020-09-17,2020-08-06,Driveway / Sidewalks,Residential,Res. Driveway,Repair,Final,,,,10,78731.0,30.34704436,-97.7793224,,2020,2020,No
2020-09-28,2020-07-22,Electrical Permit,Residential,R- 101 Single Family Houses,New,Final,,1.0,2.0,6,78717.0,30.50194475,-97.74860439,"In Charge Electrical Services, Llc",2020,2020,No
2020-09-28,2020-08-28,Building Permit,Residential,R- 329 Res Structures Other Than Bldg,New,Expired,0.0,1.0,0.0,2,78744.0,,,"Aquamarine Pools Of Texas, Llc",2020,2020,No
2020-08-31,2020-08-27,Plumbing Permit,Residential,Residential,Repair,Final,,1.0,1.0,4,78751.0,30.32173681,-97.72121846,G & M Plumbing,2020,2020,No
2020-08-31,2020-08-28,Mechanical Permit,Residential,Residential,Change Out,Final,,,,10,78759.0,30.39868075,-97.76782697,"Stan'S Heating, Air, Plumbing, & Electrical",2020,2020,No
2020-09-04,2020-09-03,Electrical Permit,Residential,Residential,Auxiliary Power,Final,,1.0,1.0,2,78744.0,30.20233233,-97.6932802,"Solstema, Llc",2020,2020,No
2020-09-29,2020-08-06,Electrical Permit,Residential,R- 101 Single Family Houses,New,Final,,1.0,2.0,6,78717.0,30.5044904,-97.74772611,"In Charge Electrical Services, Llc",2020,2020,No
2020-09-16,2020-09-08,Electrical Permit,Residential,Residential,Repair,Final,,1.0,1.0,2,78744.0,30.14799553,-97.71881849,"In Charge Electrical Services, Llc",2020,2020,No
2020-08-27,2020-03-18,Plumbing Permit,Residential,R- 330  Accessory Use to Primary,New,Final,,1.0,1.0,3,78745.0,30.21942526,-97.77744927,Deleon'S Plumbing,2020,2020,No
2020-09-01,2020-07-15,Building Permit,Residential,R- 329 Res Structures Other Than Bldg,New,Final,1.0,0.0,0.0,7,78757.0,30.34694696,-97.7476996,Chaparrel Construction,2020,2020,Yes
2020-08-28,2020-06-23,Electrical Permit,Commercial,C-1001 Commercial Finish Out,Remodel,Final,,1.0,1.0,10,78759.0,30.37345647,-97.73974403,,2020,2020,No
2020-09-22,2019-06-14,Mechanical Permit,Residential,R- 101 Single Family Houses,New,Final,,1.0,3.0,3,78702.0,30.25756246,-97.7328267,Coolbear Heating & Air,2020,2020,No
2020-09-17,2020-07-08,Plumbing Permit,Commercial,C-1000 Commercial Remodel,Remodel,Final,,0.0,3.0,6,78717.0,,,"Butler Plumbing, Inc.",2020,2020,No
2020-09-21,2020-06-04,Mechanical Permit,Residential,R- 101 Single Family Houses,New,Final,,1.0,2.0,1,78660.0,30.39949255,-97.61348301,Christianson Plumbing & Air Co,2020,2020,No
2020-09-25,2020-09-24,Mechanical Permit,Residential,Residential,Change Out,Expired,,,,1,78721.0,30.28054331,-97.69536854,American Residential Services (Ars),2020,2020,No
2020-09-16,2020-09-16,Electrical Permit,Commercial,Sign Permit,Wall,Final,,,,3,78741.0,,,,2020,2020,No
2020-08-27,2020-08-26,Building Permit,Residential,R- 435 Renovations/Remodel,Repair,Final,3500.0,1.0,1.0,10,78703.0,30.2986909,-97.76157859,Idm Builders,2020,2020,Yes
2020-09-25,2020-09-23,Mechanical Permit,Residential,Residential,Change Out,Final,,,,6,78717.0,30.49876741,-97.76117492,Mccullough Heating & Air,2020,2020,No
2020-09-28,2020-09-23,Plumbing Permit,Residential,R- 101 Single Family Houses,New,Final,,1.0,2.0,2,78747.0,30.13539966,-97.76255583,Victory Plumbing Company,2020,2020,No
2020-08-27,2019-11-25,Building Permit,Residential,R- 645 Demolition One Family Homes,Demolition,Final,0.0,1.0,1.0,9,78705.0,30.29962784,-97.73779147,Michaux Development Llc,2020,2020,No
2020-09-14,2020-09-11,Electrical Permit,Residential,Residential,Upgrade,Final,,1.0,1.0,10,78731.0,30.3481139,-97.75881173,Malco Electric,2020,2020,No
2020-09-21,2020-09-21,Electrical Permit,Residential,Residential,New,Final,,1.0,1.0,Unknown,78724.0,,,"Ies Residential, Inc.",2020,2020,No
2020-08-31,2020-08-21,Mechanical Permit,Residential,Residential,Change Out,Final,,,,7,78757.0,30.3357846,-97.75295147,"Sa&H Western Holdings, Llc",2020,2020,No
2020-09-16,2020-09-14,Electrical Permit,Residential,Residential,Repair,Final,,1.0,1.0,6,78717.0,30.47642515,-97.78262402,"In Charge Electrical Services, Llc",2020,2020,No
2020-09-08,2020-08-27,Electrical Permit,Residential,Residential,Upgrade,Final,,1.0,1.0,Unknown,78746.0,30.32367186,-97.79246066,Klock'S Electric,2020,2020,No
2020-09-11,2020-07-29,Building Permit,Residential,R- 101 Single Family Houses,New,Final,188290.0,1.0,2.0,1,78653.0,,,Gfo Home***Main***,2020,2020,Yes
2020-09-08,2020-04-16,Driveway / Sidewalks,Residential,Res. Driveway,New,Final,,,,9,78751.0,,,"Paradisa Homes, Llc***Main***",2020,2020,No
2020-09-28,2020-08-11,Plumbing Permit,Commercial,C-1000 Commercial Remodel,Remodel,Final,,1.0,1.0,10,78759.0,,,"Butler Plumbing, Inc.",2020,2020,No
2020-09-25,2020-09-23,Electrical Permit,Residential,Residential,Upgrade,Final,,1.0,1.0,3,78704.0,30.23537511,-97.7492519,"All American Pro Electric, Llc",2020,2020,No
2020-09-09,2019-12-23,Mechanical Permit,Residential,R- 101 Single Family Houses,New,Final,,1.0,1.0,7,78753.0,30.38293433,-97.68030317,A & G Heating & Air,2020,2020,No
2020-09-21,2020-02-28,Building Permit,Commercial,C- 321 Pkg Garage Bldg & Open Deck,New,Final,35000000.0,1.0,1.0,6,78717.0,,,Oht Construction Llc ***Main***,2020,2020,Yes
2020-08-31,2020-07-30,Plumbing Permit,Residential,R- 434 Addition & Alterations,Addition and Remodel,Final,,1.0,1.0,4,78757.0,30.35916061,-97.72742017,Palencia Plumbing Llc,2020,2020,No
2020-09-11,2020-09-09,Electrical Permit,Residential,Residential,Repair,Final,,1.0,1.0,3,78704.0,30.23463778,-97.75305987,Amped Electrical Services,2020,2020,No
2020-09-23,2019-08-23,Driveway / Sidewalks,Residential,Res. Driveway,New,Final,,,,1,78702.0,30.27626501,-97.71406739,Co-Sci Construction Llc **Main**,2020,2020,No
2020-09-11,2020-09-01,Electrical Permit,Residential,Residential,Auxiliary Power,Final,,1.0,1.0,1,78754.0,30.35643965,-97.65923756,Hesolar Llc,2020,2020,No
2020-09-11,2020-09-03,Plumbing Permit,Residential,Residential,Repair,Final,,1.0,0.0,4,78753.0,,,,2020,2020,No
2020-08-28,2020-07-21,Driveway / Sidewalks,Residential,Res. Driveway & Sidewalk,New,Final,,,,1,78724.0,30.31933437,-97.65490497,Kb Home,2020,2020,No
2020-08-31,2020-07-01,Mechanical Permit,Residential,R- 101 Single Family Houses,New,Final,,1.0,1.0,2,78747.0,30.13537082,-97.76673645,,2020,2020,No
2020-09-15,2020-09-10,Plumbing Permit,Residential,Residential,Change Out,Final,,,,9,78751.0,30.3023526,-97.72785423,Plumb Masters Llc,2020,2020,No
2020-09-04,2020-08-27,Plumbing Permit,Residential,Residential,Repair,Final,,1.0,0.0,Unknown,78729.0,30.45602465,-97.77716709,Liberty Hill Plumbing,2020,2020,No
2020-08-28,2020-07-01,Driveway / Sidewalks,Residential,Res. Driveway & Sidewalk,New,Final,,,,6,78717.0,30.50087665,-97.7486934,Pulte Homes Of Texas L.P. Dba Pulte Group,2020,2020,No
2020-09-01,2020-07-31,Building Permit,Residential,R- 101 Single Family Houses,New,Final,0.0,1.0,2.0,2,78744.0,30.15781043,-97.72335101,Meritage Homes Corp,2020,2020,No
2020-08-28,2020-08-26,Electrical Permit,Residential,Residential,Repair,Final,,1.0,1.0,Unknown,78744.0,30.16841273,-97.69770447,"In Charge Electrical Services, Llc",2020,2020,No
2020-09-02,2020-07-01,Plumbing Permit,Residential,R- 101 Single Family Houses,New,Final,,1.0,2.0,1,78660.0,30.40168183,-97.61425892,Christianson Plumbing,2020,2020,No
2020-09-02,2020-09-02,Electrical Permit,Commercial,Sign Permit,Freestanding,Expired,,,,4,78758.0,30.37721803,-97.68944712,,2020,2020,No
2020-09-18,2020-06-08,Building Permit,Residential,R- 329 Res Structures Other Than Bldg,New,Final,100.0,1.0,1.0,6,78750.0,30.435366,-97.79069348,Amelia Mcfarland,2020,2020,Yes
2020-09-17,2020-05-28,Mechanical Permit,Residential,R- 101 Single Family Houses,New,Final,,1.0,1.0,1,78724.0,30.30818954,-97.62804501,,2020,2020,No
2020-09-10,2020-09-09,Plumbing Permit,Residential,Residential,Repair,Final,,1.0,0.0,7,78757.0,30.35231039,-97.74144476,,2020,2020,No
2020-09-24,2020-09-22,Mechanical Permit,Residential,Residential,Change Out,Final,,,,7,78757.0,30.33979755,-97.7528251,"Stan'S Heating, Air, Plumbing, & Electrical",2020,2020,No
2020-09-23,2020-09-22,Building Permit,Residential,R- 101 Single Family Houses,New,Final,325875.0,1.0,2.0,2,78747.0,30.13954372,-97.76307215,"Pacesetter Homes, Llc",2020,2020,Yes
2020-09-29,2020-09-28,Electrical Permit,Residential,Residential,Auxiliary Power,Final,,1.0,1.0,8,78749.0,30.21973601,-97.88054203,Horus Partners,2020,2020,No
2020-09-03,2020-08-07,Plumbing Permit,Residential,R- 434 Addition & Alterations,Addition and Remodel,Final,,0.0,0.0,10,78731.0,30.32725428,-97.76575363,,2020,2020,No
2020-09-30,2020-09-27,Building Permit,Residential,R- 101 Single Family Houses,New,Final,194315.0,1.0,2.0,1,78653.0,,,Brohn Homes,2020,2020,Yes
2020-09-01,2020-03-12,Electrical Permit,Commercial,C-1000 Commercial Remodel,Remodel,Final,,0.0,1.0,10,78703.0,30.28117529,-97.75138175,Capstar Electric,2020,2020,No
2020-09-24,2020-09-11,Building Permit,Commercial,C- 649 Demolition All Other Bldgs Com,Demolition,Final,0.0,1.0,1.0,7,78757.0,30.3403155,-97.73055156,Bartlett Cocke General Contractors (Main),2020,2020,No
2020-09-04,2020-07-14,Building Permit,Residential,R- 435 Renovations/Remodel,Repair,Final,511.0,1.0,1.0,Unknown,78748.0,30.16288516,-97.85893419,"Trinity Exterior Group, Lp *Main*",2020,2020,Yes
2020-09-24,2020-09-17,Plumbing Permit,Residential,Residential,Repair,Final,,1.0,1.0,4,78758.0,30.35529355,-97.70867065,Demoss Plumbing Inc,2020,2020,No
2020-09-04,2020-08-05,Mechanical Permit,Residential,Residential,Change Out,Final,,,,7,78757.0,30.35049932,-97.74260336,"Sa&H Western Holdings, Llc",2020,2020,No
2020-09-19,2020-04-29,Driveway / Sidewalks,Residential,Res. Driveway & Sidewalk,New,Final,,,,1,78660.0,30.39972775,-97.61264189,D R Horton Homes,2020,2020,No
2020-09-01,2019-09-06,Plumbing Permit,Commercial,C-1001 Commercial Finish Out,Remodel,Final,,1.0,1.0,9,78701.0,30.28009737,-97.74253445,Dynamic Systems Inc.,2020,2020,No
2020-09-17,2020-08-24,Plumbing Permit,Residential,Residential,Repair,Final,,0.0,1.0,9,78705.0,30.30176294,-97.74000668,Plumb Masters Llc,2020,2020,No
2020-09-23,2018-02-09,Building Permit,Commercial,C-1001 Commercial Finish Out,Remodel,Final,,1.0,1.0,9,78704.0,30.25263735,-97.74781101,Mycon General Constractors,2020,2020,No
2020-09-22,2020-09-21,Mechanical Permit,Residential,Residential,Change Out,Final,,,,10,78703.0,30.30989774,-97.77005415,,2020,2020,No
2020-08-28,2020-08-11,Building Permit,Residential,R- 435 Renovations/Remodel,Repair,Final,50000.0,1.0,1.0,3,78721.0,30.26570323,-97.69020701,Foundation Support Specialists,2020,2020,Yes
2020-09-29,2019-02-08,Driveway / Sidewalks,Residential,"Res. Driveway, Curb, Gutter",New,Final,,,,10,78703.0,30.30573788,-97.75517491,,2020,2020,No
2020-09-21,2020-08-28,Building Permit,Residential,R- 329 Res Structures Other Than Bldg,New,Final,60000.0,1.0,1.0,8,78739.0,30.18011194,-97.91662514,"Majestic Poolscapes, Inc.",2020,2020,Yes
2020-09-04,2020-09-03,Building Permit,Residential,R- 435 Renovations/Remodel,Repair,Final,800.0,1.0,1.0,10,78759.0,30.40220737,-97.7688246,Suttin Construction,2020,2020,Yes
2020-09-01,2020-08-31,Building Permit,Residential,R- 101 Single Family Houses,New,Final,201000.0,1.0,2.0,2,78747.0,30.13965899,-97.76196475,"Pacesetter Homes, Llc",2020,2020,Yes
2020-08-28,2020-06-19,Electrical Permit,Residential,R- 101 Single Family Houses,New,Final,,1.0,1.0,2,78744.0,30.20403299,-97.69599488,"In Charge Electrical Services, Llc",2020,2020,No
2020-09-02,2019-08-01,Building Permit,Commercial,C-1000 Commercial Remodel,Remodel,Final,,1.0,1.0,9,78723.0,30.30109366,-97.7035138,"Streeter Contracting, Llc",2020,2020,No
2020-09-16,2020-09-03,Building Permit,Residential,R- 435 Renovations/Remodel,Repair,Final,800.0,1.0,1.0,6,78759.0,30.39608685,-97.77593881,Suttin Construction,2020,2020,Yes
2020-09-23,2020-01-27,Mechanical Permit,Residential,R- 434 Addition & Alterations,Addition and Remodel,Final,,1.0,2.0,7,78756.0,,,Emerald Hvac Services,2020,2020,No
2020-09-30,2020-09-30,Electrical Permit,Residential,Residential,New,Final,,1.0,1.0,Unknown,78617.0,30.16413928,-97.63438157,"Austin Lanehart Electric Co., Inc.",2020,2020,No
2020-09-22,2020-09-14,Electrical Permit,Residential,Residential,Auxiliary Power,Final,,1.0,1.0,9,78723.0,30.29627285,-97.69912232,Longhorn Solar,2020,2020,No
2020-09-03,2019-08-15,Mechanical Permit,Residential,R- 101 Single Family Houses,New,Final,,1.0,1.0,2,78744.0,30.20419934,-97.69619299,,2020,2020,No
2020-08-31,2020-02-26,Electrical Permit,Commercial,C- 105 Five or More Family Bldgs,New,Final,,24.0,3.0,1,78724.0,,,"Msf Electric, Inc.",2020,2020,No
2020-08-28,2020-06-30,Driveway / Sidewalks,Residential,Res. Driveway & Sidewalk,New,Final,,,,1,78724.0,30.32070201,-97.65678187,Kb Home,2020,2020,No
2020-09-25,2020-09-24,Plumbing Permit,Residential,Residential,Irrigation,Final,,,,Unknown,78725.0,30.21755704,-97.63176469,,2020,2020,No
2020-09-30,2020-07-29,Mechanical Permit,Residential,R- 101 Single Family Houses,New,Final,,1.0,2.0,1,78653.0,,,Air Temp Solutions,2020,2020,No
2020-09-17,2020-09-01,Building Permit,Residential,R- 435 Renovations/Remodel,Repair,Expired,5304.0,1.0,1.0,4,78723.0,30.31598268,-97.68740321,"Shc Remodeling, Llc, Dba Window World **Main Gc**",2020,2020,Yes
2020-09-03,2020-08-18,Plumbing Permit,Residential,R- 101 Single Family Houses,New,Final,,1.0,1.0,2,78744.0,,,Victory Plumbing Company,2020,2020,No
2020-08-31,2020-06-17,Mechanical Permit,Residential,R- 101 Single Family Houses,New,Final,,1.0,2.0,3,78741.0,30.22857611,-97.70437352,Capital One Enterprises,2020,2020,No
2020-09-01,2020-01-24,Electrical Permit,Commercial,C-1000 Commercial Remodel,Remodel,Final,,1.0,1.0,3,78745.0,,,,2020,2020,No
2020-09-23,2020-08-05,Plumbing Permit,Residential,R- 434 Addition & Alterations,Addition and Remodel,Final,,0.0,0.0,Unknown,78746.0,,,Deleon'S Plumbing,2020,2020,No
2020-09-22,2019-06-14,Mechanical Permit,Residential,R- 102 Secondary Apartment,New,Final,,1.0,2.0,3,78702.0,30.25756246,-97.7328267,Coolbear Heating & Air,2020,2020,No
2020-09-09,2020-09-04,Building Permit,Commercial,C-1000 Commercial Remodel,Remodel,Final,,4.0,1.0,6,78729.0,30.45091465,-97.78644523,"Global Roofing Company, Llc",2020,2020,No
2020-08-31,2020-08-27,Building Permit,Residential,R- 101 Single Family Houses,New,Final,152350.0,1.0,2.0,1,78653.0,,,Brohn Homes,2020,2020,Yes
2020-09-25,2020-09-24,Building Permit,Residential,R- 435 Renovations/Remodel,Repair,Final,8440.0,1.0,1.0,1,78753.0,30.3905826,-97.65697083,We Level It {Formally Centex House Leveling***Main****},2020,2020,Yes
2020-09-14,2020-09-10,Electrical Permit,Commercial,Commercial,Repair,Final,,1.0,1.0,4,78753.0,,,Matt'S Electrical Work,2020,2020,No
2020-09-29,2020-08-17,Building Permit,Commercial,C- 329 Com Structures Other Than Bldg,New,Expired,48000.0,1.0,1.0,9,78701.0,,,Millennium Pools Inc *Main,2020,2020,Yes
2020-08-27,2020-08-26,Building Permit,Residential,R- 435 Renovations/Remodel,Repair,Final,800.0,1.0,1.0,3,78702.0,30.26651441,-97.6983437,Suttin Construction,2020,2020,Yes
2020-09-04,2020-09-01,Mechanical Permit,Residential,Residential,Change Out,Final,,,,8,78739.0,30.19289539,-97.87934283,Mccullough Heating & Air,2020,2020,No
2020-09-25,2019-10-09,Mechanical Permit,Commercial,C- 322 Service Station & Repair Garage,New,Final,,0.0,2.0,1,78660.0,30.40248136,-97.63153568,"Air Craft Inc. Air Conditioning, Refrige",2020,2020,No
2020-09-22,2020-08-31,Building Permit,Residential,R- 649 Demolition All Other Bldgs Res,Demolition,Final,0.0,1.0,1.0,7,78756.0,30.32601809,-97.74421818,Dar Demolition,2020,2020,No
2020-09-23,2019-09-23,Building Permit,Residential,R- 101 Single Family Houses,New,Final,0.0,1.0,2.0,7,78758.0,30.40832625,-97.6925858,Rg Tate & Associates***Main***,2020,2020,No
2020-09-02,2019-09-27,Plumbing Permit,Residential,Residential,Irrigation,Final,,,,1,78724.0,30.29000579,-97.64250917,,2020,2020,No
2020-09-04,2020-09-03,Electrical Permit,Residential,Residential,Repair,Final,,1.0,1.0,1,78724.0,30.30670494,-97.64218619,,2020,2020,No
2020-09-25,2020-09-24,Plumbing Permit,Residential,Residential,Irrigation,Final,,,,2,78617.0,,,,2020,2020,No
2020-09-14,2020-06-08,Electrical Permit,Residential,Residential,Upgrade,Expired,,1.0,1.0,Unknown,78746.0,30.29586644,-97.82275993,Md Electric Llc,2020,2020,No
2020-09-29,2020-03-13,Mechanical Permit,Commercial,Commercial,Change Out,Final,,,,7,78757.0,30.35421837,-97.73569774,Mccullough Heating & Air,2020,2020,No
2020-09-24,2020-05-04,Electrical Permit,Residential,R- 434 Addition & Alterations,Addition and Remodel,Final,,1.0,1.0,5,78745.0,30.19511999,-97.82468763,R.B. Electric Llc,2020,2020,No
2020-09-16,2020-09-15,Mechanical Permit,Residential,Residential,Change Out,Expired,,,,2,78745.0,30.20785507,-97.78879072,,2020,2020,No
2020-09-01,2020-08-24,Building Permit,Commercial,C-1000 Commercial Remodel,Remodel,Final,,1.0,3.0,7,78758.0,,,Reliable Roofing Of Texas Inc,2020,2020,No
2020-09-15,2020-06-09,Mechanical Permit,Residential,R- 101 Single Family Houses,New,Final,,1.0,2.0,2,78744.0,30.1584769,-97.7250136,,2020,2020,No
2020-09-29,2020-09-28,Electrical Permit,Residential,Residential,Auxiliary Power,Final,,1.0,1.0,8,78736.0,30.2447882,-97.8939448,"Tesla Energy Operations, Inc.",2020,2020,No
2020-09-02,2020-07-24,Building Permit,Commercial,C-1000 Commercial Remodel,Remodel,Final,,1.0,1.0,10,78759.0,30.3985376,-97.74836248,Hardesty & Associates,2020,2020,No
2020-09-11,2020-09-10,Building Permit,Residential,R- 435 Renovations/Remodel,Repair,Final,800.0,1.0,1.0,8,78748.0,30.14964828,-97.84942489,Suttin Construction,2020,2020,Yes
2020-09-14,2020-06-04,Electrical Permit,Commercial,C-1000 Commercial Remodel,Remodel,Final,,1.0,1.0,1,78752.0,,,Beckett Electrical Services,2020,2020,No
2020-08-28,2020-05-07,Electrical Permit,Residential,R- 101 Single Family Houses,New,Final,,1.0,2.0,1,78653.0,,,"Austin Lanehart Electric Co., Inc.",2020,2020,No
2020-09-03,2020-09-01,Electrical Permit,Residential,Residential,Special Inspections Program,Final,,,,3,78725.0,,,,2020,2020,No
2020-09-09,2020-07-27,Building Permit,Residential,R- 329 Res Structures Other Than Bldg,New,Final,74500.0,1.0,0.0,6,78727.0,30.42239554,-97.73617076,Anthony & Sylvan Pools Corporation,2020,2020,Yes
2020-09-10,2020-07-01,Plumbing Permit,Residential,R- 101 Single Family Houses,New,Final,,1.0,2.0,1,78660.0,30.39958879,-97.61426084,Christianson Plumbing,2020,2020,No
2020-09-21,2020-04-20,Electrical Permit,Residential,R- 101 Single Family Houses,New,Final,,1.0,2.0,9,78704.0,30.2416355,-97.74438042,Bolder Electric Solutions,2020,2020,No
2020-09-29,2020-09-24,Electrical Permit,Residential,Residential,New,Final,,1.0,1.0,Unknown,78733.0,30.3287513,-97.87453681,Aei Electric Llc,2020,2020,No
2020-09-22,2018-08-08,Electrical Permit,Residential,Residential,Upgrade,Final,,1.0,1.0,9,78722.0,30.28725366,-97.72058292,Ampology Electrical Services Llc,2020,2020,No
2020-09-10,2020-08-11,Mechanical Permit,Residential,Residential,Change Out,Expired,,,,3,78745.0,30.20998585,-97.76135937,American Conservation & Air,2020,2020,No
2020-08-28,2020-08-21,Building Permit,Commercial,C- 649 Demolition All Other Bldgs Com,Demolition,Expired,0.0,1.0,1.0,2,78744.0,,,Matador Project Solutions,2020,2020,No
2020-09-04,2020-09-01,Building Permit,Residential,R- 101 Single Family Houses,New,Final,138820.0,1.0,2.0,1,78653.0,,,Brohn Homes,2020,2020,Yes
2020-08-27,2020-08-04,Electrical Permit,Residential,Residential,Repair,Final,,0.0,0.0,1,78724.0,30.28621682,-97.63968014,Allen Bebee Electric,2020,2020,No
2020-09-15,2020-08-11,Building Permit,Residential,R- 645 Demolition One Family Homes,Demolition,VOID,0.0,1.0,1.0,7,78756.0,30.32972592,-97.73200717,,2020,2020,No
2020-09-17,2019-12-17,Electrical Permit,Commercial,C-1001 Commercial Finish Out,Remodel,Final,,1.0,32.0,9,78701.0,30.26602691,-97.74540561,,2020,2020,No
2020-09-07,2020-09-04,Electrical Permit,Residential,Residential,Repair,Final,,1.0,1.0,3,78721.0,30.26772403,-97.68417897,Palomino Electric,2020,2020,No
2020-09-01,2020-08-25,Electrical Permit,Residential,Residential,Repair,Final,,1.0,1.0,10,78734.0,30.34803897,-97.92497222,"Waterloo Power, Llc",2020,2020,No
2020-09-16,2020-07-06,Electrical Permit,Residential,R- 101 Single Family Houses,New,Final,,1.0,1.0,2,78744.0,30.14724066,-97.71727561,"In Charge Electrical Services, Llc",2020,2020,No
2020-09-29,2020-08-13,Plumbing Permit,Residential,R- 101 Single Family Houses,New,Final,,1.0,2.0,6,78717.0,30.50391493,-97.74673786,,2020,2020,No
2020-08-28,2020-08-27,Plumbing Permit,Residential,Residential,Irrigation,Final,,,,Unknown,78725.0,30.21734138,-97.63301533,,2020,2020,No
2020-09-08,2020-09-04,Electrical Permit,Residential,Residential,Repair,Final,,1.0,1.0,2,78744.0,30.14136334,-97.71687773,"In Charge Electrical Services, Llc",2020,2020,No
2020-09-18,2020-09-18,Plumbing Permit,Residential,Residential,Repair,Final,,1.0,1.0,4,78751.0,30.32112126,-97.71935515,Torres Plumbing,2020,2020,No
2020-09-21,2019-10-22,Mechanical Permit,Residential,Residential,Change Out,Expired,,,,4,78723.0,30.31399341,-97.69804894,Liberty Mechanical Inc,2020,2020,No
2020-08-27,2020-08-26,Mechanical Permit,Residential,Residential,Change Out,Expired,,,,1,78724.0,30.27867496,-97.62713559,,2020,2020,No
2020-09-03,2020-04-15,Plumbing Permit,Residential,Residential,Irrigation,Final,,,,2,78744.0,,,,2020,2020,No
2020-08-28,2018-04-04,Electrical Permit,Residential,R- 434 Addition & Alterations,Addition and Remodel,Final,,1.0,1.0,1,78723.0,30.31842673,-97.67618337,Jfig Electric Service Llc,2020,2020,No
2020-09-22,2020-09-10,Mechanical Permit,Residential,Residential,Change Out,Final,,,,10,78731.0,30.35358287,-97.77909536,Abc Home And Commercial Services,2020,2020,No
2020-09-09,2020-08-04,Building Permit,Residential,R- 434 Addition & Alterations,Addition and Remodel,Final,5000.0,1.0,1.0,4,78723.0,30.31892858,-97.6811595,Simply Home,2020,2020,Yes
2020-09-10,2020-07-14,Plumbing Permit,Residential,R- 329 Res Structures Other Than Bldg,New,Final,,1.0,1.0,8,78746.0,30.28529801,-97.78767458,Torres Plumbing,2020,2020,No
2020-09-04,2020-09-02,Mechanical Permit,Residential,Residential,Change Out,Final,,,,8,78749.0,30.2319199,-97.84774287,Service Wizard Llc,2020,2020,No
2020-09-29,2020-07-07,Mechanical Permit,Residential,R- 101 Single Family Houses,New,Final,,1.0,2.0,2,78744.0,30.14799553,-97.71881849,Christianson Plumbing & Air Co,2020,2020,No
2020-09-21,2020-07-21,Building Permit,Residential,R- 101 Single Family Houses,New,Final,312766.0,1.0,2.0,6,78717.0,30.47650545,-97.78237422,David Weekley Homes (Main),2020,2020,Yes
2020-09-04,2020-08-07,Mechanical Permit,Residential,R- 434 Addition & Alterations,Addition and Remodel,Final,,0.0,0.0,10,78731.0,30.32725428,-97.76575363,,2020,2020,No
2020-09-28,2020-09-21,Electrical Permit,Residential,Residential,Special Inspections Program,Final,,,,2,78747.0,30.13614715,-97.76622539,Grayzer Electric Llc,2020,2020,No
2020-09-18,2020-03-25,Driveway / Sidewalks,Residential,Res. Driveway & Sidewalk,New,Final,,,,1,78724.0,30.30589909,-97.62768446,D R Horton Homes,2020,2020,No
2020-09-21,2020-08-20,Plumbing Permit,Residential,R- 101 Single Family Houses,New,Final,,1.0,2.0,3,78741.0,30.22002786,-97.69593818,Local Plumbing Service-Dba Crow'S Plumbing Service,2020,2020,No
2020-09-03,2020-09-02,Plumbing Permit,Commercial,Commercial,Irrigation,Final,,,,1,78702.0,30.27927422,-97.7229791,,2020,2020,No
2020-09-23,2020-09-21,Electrical Permit,Residential,Residential,Repair,Final,,1.0,1.0,1,78754.0,30.35253586,-97.60073881,"Austin Lanehart Electric Co., Inc.",2020,2020,No
2020-09-30,2020-09-29,Electrical Permit,Commercial,Sign Permit,Wall,Expired,,,,9,78701.0,30.27944835,-97.74158536,,2020,2020,No
2020-09-15,2020-09-02,Electrical Permit,Residential,Residential,New,Final,,1.0,1.0,Unknown,78724.0,30.26235796,-97.58865933,Landmark Electric,2020,2020,No
2020-09-29,2020-09-14,Plumbing Permit,Residential,R- 101 Single Family Houses,New,Final,,1.0,1.0,1,78653.0,,,Mustang Plumbing,2020,2020,No
2020-09-01,2020-08-31,Electrical Permit,Commercial,Commercial,Repair,Expired,,1.0,1.0,1,78753.0,30.37274738,-97.67580955,Harvey Electric Inc,2020,2020,No
2020-09-23,2020-09-23,Electrical Permit,Residential,Residential,New,Final,,1.0,1.0,Unknown,78746.0,30.29356925,-97.83130391,Live Wire Electrical Contractors,2020,2020,No
2020-09-21,2020-09-21,Electrical Permit,Commercial,Commercial,Repair,Final,,1.0,1.0,4,78723.0,30.32034497,-97.69288229,Ascend Lighting & Energy Solutions Llc,2020,2020,No
2020-09-14,2020-09-11,Plumbing Permit,Residential,Residential,Change Out,Final,,,,4,78753.0,30.35858641,-97.69770589,,2020,2020,No
2020-09-03,2019-11-21,Mechanical Permit,Commercial,C- 327 Stores & Customer Services,New,Final,,1.0,1.0,5,78748.0,30.17548802,-97.82227558,"Kahl Ac, Heating And Refrigeration",2020,2020,No
2020-09-01,2020-06-22,Plumbing Permit,Residential,R- 101 Single Family Houses,New,Final,,1.0,2.0,2,78744.0,30.15873962,-97.72454443,Mustang Plumbing,2020,2020,No
2020-09-03,2020-05-19,Building Permit,Commercial,C- 329 Com Structures Other Than Bldg,New,Final,250000.0,1.0,1.0,7,78758.0,30.39589706,-97.72511373,Mc Aquatic Construction,2020,2020,Yes
2020-09-02,2020-05-26,Plumbing Permit,Residential,R- 101 Single Family Houses,New,Final,,1.0,2.0,1,78721.0,,,Hm Plumbing Llc,2020,2020,No
2020-09-03,2019-12-20,Building Permit,Residential,R- 101 Single Family Houses,New,Final,749999.0,1.0,2.0,10,78703.0,30.30756281,-97.77308627,Jgb Custom Homes,2020,2020,Yes
2020-09-01,2020-05-15,Electrical Permit,Commercial,C- 105 Five or More Family Bldgs,New,Final,,43.0,4.0,4,78723.0,,,Ari-Tex Electric Inc.,2020,2020,No
2020-09-10,2020-02-27,Building Permit,Commercial,C-1000 Commercial Remodel,Remodel,Final,,1.0,1.0,3,78704.0,30.24215372,-97.76013516,Total Buildouts Inc.,2020,2020,No
2020-09-10,2020-09-09,Plumbing Permit,Residential,Residential,Irrigation,Final,,,,Unknown,78660.0,30.40686776,-97.62472689,,2020,2020,No
2020-09-30,2020-04-08,Electrical Permit,Residential,R- 434 Addition & Alterations,Addition and Remodel,Final,,1.0,2.0,10,78759.0,30.42628068,-97.76907907,Nga Electric,2020,2020,No
2020-09-03,2020-08-17,Building Permit,Residential,R- 101 Single Family Houses,New,Final,147070.0,1.0,1.0,1,78653.0,,,Brohn Homes,2020,2020,Yes
2020-08-31,2020-06-11,Plumbing Permit,Residential,R- 101 Single Family Houses,New,Final,,1.0,1.0,1,78660.0,30.3991581,-97.61418414,Christianson Plumbing,2020,2020,No
2020-09-21,2020-09-17,Electrical Permit,Residential,Residential,Auxiliary Power,Final,,1.0,1.0,5,78748.0,30.15273278,-97.84058897,,2020,2020,No
2020-08-27,2020-08-19,Electrical Permit,Commercial,Commercial,Repair,Final,,1.0,1.0,9,78705.0,30.3035757,-97.74097227,A-One Electric,2020,2020,No
2020-09-21,2020-08-20,Building Permit,Residential,R- 101 Single Family Houses,New,Final,0.0,1.0,2.0,3,78741.0,30.22002786,-97.69593818,Juneberry Homes,2020,2020,No
2020-09-15,2020-09-08,Building Permit,Commercial,C-1000 Commercial Remodel,Remodel,Final,,1.0,1.0,9,78701.0,30.26910965,-97.74565884,,2020,2020,No
2020-09-02,2020-09-01,Electrical Permit,Residential,Residential,Repair,Final,,1.0,1.0,5,78745.0,30.21571594,-97.80576021,Bryant Electric Service,2020,2020,No
2020-09-14,2020-07-29,Mechanical Permit,Residential,R- 101 Single Family Houses,New,Final,,1.0,2.0,7,78660.0,30.43773165,-97.65309355,Texas Comfort Air,2020,2020,No
2020-09-01,2020-03-20,Electrical Permit,Residential,R- 329 Res Structures Other Than Bldg,New,Final,,0.0,0.0,1,78721.0,,,Bethea Electric,2020,2020,No
2020-09-04,2020-08-25,Electrical Permit,Residential,Residential,Upgrade,Final,,1.0,1.0,8,78736.0,30.23998669,-97.8902144,Powur Pbc,2020,2020,No
2020-09-03,2020-01-17,Plumbing Permit,Residential,Residential,Irrigation,Final,,,,2,78744.0,30.15242577,-97.7178505,,2020,2020,No
2020-09-17,2020-06-09,Building Permit,Residential,R- 101 Single Family Houses,New,Final,425000.0,1.0,1.0,4,78753.0,30.34476801,-97.69126563,David Weekley Homes (Main),2020,2020,Yes
2020-09-09,2019-10-09,Electrical Permit,Residential,R- 102 Secondary Apartment,New,Final,,1.0,1.0,4,78723.0,30.31562603,-97.69853059,Atex Electrical Services,2020,2020,No
2020-09-17,2020-09-17,Plumbing Permit,Residential,Residential,New,Final,,1.0,1.0,Unknown,78728.0,30.46195763,-97.67759697,Victory Plumbing Company,2020,2020,No
2020-09-24,2020-09-16,Mechanical Permit,Residential,Residential,Change Out,Final,,,,10,78703.0,30.29262974,-97.76599648,"Stan'S Heating, Air, Plumbing, & Electrical",2020,2020,No
2020-08-28,2020-08-21,Mechanical Permit,Residential,Residential,Change Out,Active,,,,8,78748.0,30.14331288,-97.85118569,,2020,2020,No
2020-09-29,2020-09-24,Building Permit,Residential,R- 434 Addition & Alterations,Addition and Remodel,Final,0.0,0.0,0.0,1,78724.0,30.29222184,-97.65192067,,2020,2020,No
2020-09-24,2020-07-09,Electrical Permit,Residential,R- 101 Single Family Houses,New,Final,,1.0,2.0,2,78744.0,30.15470861,-97.71691207,"In Charge Electrical Services, Llc",2020,2020,No
2020-09-04,2020-09-02,Plumbing Permit,Residential,Residential,Repair,Final,,1.0,1.0,7,78757.0,30.35068849,-97.74298199,,2020,2020,No
2020-09-01,2020-08-31,Electrical Permit,Residential,Residential,Repair,Final,,1.0,1.0,1,78702.0,30.2694433,-97.72467711,Eskew Electric,2020,2020,No
2020-09-14,2020-06-01,Plumbing Permit,Commercial,C-1000 Commercial Remodel,Remodel,Final,,4.0,2.0,2,78744.0,30.1996283,-97.73520938,Flint & Associates Llc,2020,2020,No
2020-09-08,2019-12-09,Electrical Permit,Commercial,C- 329 Com Structures Other Than Bldg,New,Final,,1.0,1.0,5,78747.0,,,Mauldin Electric Company,2020,2020,No
2020-09-14,2020-09-12,Electrical Permit,Residential,Residential,Repair,Final,,1.0,1.0,10,78703.0,30.28977255,-97.76203806,Mtz Electric,2020,2020,No
2020-09-02,2020-09-01,Electrical Permit,Residential,Residential,Repair,Final,,1.0,1.0,10,78759.0,30.36971353,-97.75407999,512 Electric Llc,2020,2020,No
2020-09-21,2020-02-28,Building Permit,Commercial,C- 321 Pkg Garage Bldg & Open Deck,New,Final,35000000.0,1.0,2.0,6,78717.0,,,Oht Construction Llc ***Main***,2020,2020,Yes
2020-09-02,2020-08-14,Building Permit,Commercial,C- 329 Com Structures Other Than Bldg,New,Final,10000.0,0.0,0.0,5,78747.0,30.126344,-97.79983585,Journeyman Construction,2020,2020,Yes
2020-09-30,2020-09-23,Building Permit,Commercial,C-1000 Commercial Remodel,Interior Demo Non-Structural,Final,0.0,1.0,1.0,10,78703.0,30.28156215,-97.77505931,Southwestern Services,2020,2020,No
2020-09-15,2020-09-14,Mechanical Permit,Commercial,Commercial,Change Out,Expired,,,,9,78701.0,,,,2020,2020,No
2020-09-09,2020-09-09,Plumbing Permit,Residential,Residential,New,Final,,1.0,1.0,Unknown,78728.0,30.46369566,-97.68891237,Victory Plumbing Company,2020,2020,No
2020-09-03,2020-07-14,Electrical Permit,Residential,R- 101 Single Family Houses,New,Final,,1.0,2.0,2,78744.0,30.14963827,-97.71697337,"In Charge Electrical Services, Llc",2020,2020,No
2020-08-27,2020-06-08,Plumbing Permit,Commercial,C-1000 Commercial Remodel,Remodel,Final,,1.0,1.0,3,78702.0,30.25960747,-97.71763369,Kroeger Plumbing,2020,2020,No
2020-08-28,2020-01-17,Plumbing Permit,Residential,Residential,Irrigation,Final,,,,1,78653.0,30.29585184,-97.55580844,,2020,2020,No
2020-09-03,2020-07-13,Building Permit,Residential,R- 101 Single Family Houses,New,Final,221510.0,1.0,2.0,1,78724.0,30.29482917,-97.6428628,Urban Intown Homes Llc,2020,2020,Yes
2020-09-17,2019-09-13,Electrical Permit,Residential,R- 329 Res Structures Other Than Bldg,New,Final,,1.0,1.0,10,78703.0,30.29780875,-97.77590913,Bethea Electric,2020,2020,No
2020-09-21,2020-09-17,Plumbing Permit,Residential,Residential,Repair,Final,,0.0,0.0,3,78702.0,30.25557512,-97.73288339,Capital City Plumbing And Drain,2020,2020,No
2020-09-18,2020-08-28,Electrical Permit,Commercial,Commercial,Upgrade,Final,,1.0,1.0,10,78731.0,30.3549624,-97.76183518,"Scott Electric Company, Inc",2020,2020,No
2020-08-28,2020-08-21,Electrical Permit,Residential,Residential,New,Final,,1.0,1.0,Unknown,78734.0,30.39590572,-97.92695235,Dan Hernandez Electric Lp,2020,2020,No
2020-08-28,2020-08-21,Mechanical Permit,Residential,Residential,Change Out,Final,,,,10,78731.0,30.36545747,-97.76786705,,2020,2020,No
2020-09-18,2020-09-02,Plumbing Permit,Residential,R- 435 Renovations/Remodel,Repair,Final,,1.0,1.0,8,78749.0,30.19444858,-97.85801818,,2020,2020,No
2020-08-27,2020-03-12,Building Permit,Commercial,C-1001 Commercial Finish Out,Remodel,Final,,1.0,1.0,2,78744.0,30.18836227,-97.76338178,Start To Finish Construction And Design Llc,2020,2020,No
2020-09-29,2020-07-14,Electrical Permit,Residential,R- 101 Single Family Houses,New,Final,,1.0,2.0,1,78754.0,30.37279763,-97.65468889,Landmark Electric,2020,2020,No
2020-09-03,2020-06-17,Building Permit,Commercial,C-1000 Commercial Remodel,Remodel,Final,,1.0,1.0,1,78754.0,30.33867975,-97.66462254,The Ross Group Constrcution Corp,2020,2020,No
2020-09-23,2020-07-13,Building Permit,Commercial,C-1000 Commercial Remodel,Remodel,Final,,1.0,1.0,9,78704.0,30.25142497,-97.74865448,Rand Construction Corporation,2020,2020,No
2020-09-15,2020-07-29,Plumbing Permit,Residential,R- 101 Single Family Houses,New,Final,,1.0,2.0,1,78653.0,,,,2020,2020,No
2020-09-02,2020-06-30,Plumbing Permit,Commercial,C-1000 Commercial Remodel,Remodel,Final,,1.0,3.0,10,78746.0,30.34715945,-97.80037855,Joe Clark Mechanical Services,2020,2020,No
2020-08-27,2020-08-25,Plumbing Permit,Residential,Residential,Repair,Final,,1.0,1.0,6,78717.0,30.49883606,-97.76997405,Come And Plumb It,2020,2020,No
2020-09-04,2020-09-04,Plumbing Permit,Residential,Residential,New,Final,,1.0,1.0,Unknown,78728.0,30.46436038,-97.68753522,Victory Plumbing Company,2020,2020,No
2020-09-18,2020-09-18,Building Permit,Residential,R- 435 Renovations/Remodel,Repair,Final,3124.0,1.0,1.0,10,78730.0,30.37350997,-97.84306583,Window Expo,2020,2020,Yes
2020-09-01,2020-08-28,Mechanical Permit,Residential,Residential,Change Out,Final,,,,1,78724.0,30.2810212,-97.62844517,American Residential Services (Ars),2020,2020,No
2020-09-23,2020-09-17,Plumbing Permit,Commercial,Commercial,Repair,Final,,,0.0,4,78758.0,30.36871033,-97.70372535,A.Medina Plumbing,2020,2020,No
2020-08-31,2020-08-25,Plumbing Permit,Residential,Residential,Repair,Final,,1.0,1.0,4,78758.0,30.36374571,-97.71271924,4Leaf Plumbing,2020,2020,No
2020-08-31,2020-01-31,Mechanical Permit,Residential,R- 101 Single Family Houses,New,Final,,1.0,3.0,3,78702.0,30.26548638,-97.70560537,Capital One Enterprises,2020,2020,No
2020-09-28,2020-09-24,Mechanical Permit,Residential,Residential,Change Out,Final,,,,2,78745.0,30.20342612,-97.77783139,Mccullough Heating & Air,2020,2020,No
2020-09-25,2020-09-24,Plumbing Permit,Residential,Residential,Irrigation,Final,,,,2,78617.0,30.15563633,-97.6391385,,2020,2020,No
2020-08-27,2020-08-26,Electrical Permit,Residential,Residential,Repair,Final,,1.0,1.0,Unknown,78735.0,30.26524505,-97.86596158,Rumfield Electric Co.,2020,2020,No
2020-09-14,2018-10-10,Plumbing Permit,Commercial,C-1000 Commercial Remodel,Remodel,Final,,1.0,2.0,3,78702.0,30.26441784,-97.69843894,"Fox & Hearn, Inc",2020,2020,No
2020-09-16,2020-09-15,Electrical Permit,Residential,Residential,Auxiliary Power,Final,,1.0,1.0,2,78747.0,30.15401298,-97.75978529,,2020,2020,No
2020-09-21,2020-02-28,Building Permit,Commercial,C- 321 Pkg Garage Bldg & Open Deck,New,Final,35000000.0,1.0,1.0,6,78717.0,,,Oht Construction Llc ***Main***,2020,2020,Yes
2020-09-28,2020-09-24,Mechanical Permit,Commercial,Commercial,Change Out,Expired,,,,5,78745.0,30.2232264,-97.80405934,Ambient Control Service Company,2020,2020,No
2020-09-03,2020-05-22,Mechanical Permit,Residential,R- 101 Single Family Houses,New,Final,,1.0,2.0,3,78702.0,30.25431245,-97.72935014,,2020,2020,No
2020-09-23,2020-09-21,Electrical Permit,Residential,Residential,New,Final,,1.0,1.0,Unknown,78617.0,30.16337929,-97.63486174,"Austin Lanehart Electric Co., Inc.",2020,2020,No
2020-09-11,2019-09-17,Electrical Permit,Residential,Residential,Auxiliary Power,Final,,1.0,1.0,2,78747.0,30.15794002,-97.74925553,Silver Electric And Solar,2020,2020,No
2020-09-11,2020-09-08,Mechanical Permit,Residential,Residential,Change Out,Final,,,,2,78744.0,30.18091108,-97.75664717,,2020,2020,No
2020-09-23,2020-09-03,Building Permit,Residential,R- 435 Renovations/Remodel,Repair,Expired,14122.0,1.0,1.0,4,78757.0,30.35618316,-97.72477318,Power Hrg,2020,2020,Yes
2020-08-28,2020-06-03,Electrical Permit,Residential,R- 434 Addition & Alterations,Addition and Remodel,Final,,1.0,1.0,3,78702.0,30.25444034,-97.72536124,Palomino Electric,2020,2020,No
2020-09-25,2020-09-22,Mechanical Permit,Residential,Residential,Repair,Final,,0.0,0.0,2,78617.0,30.17345089,-97.63093701,Air Conductors Llc,2020,2020,No
2020-09-22,2020-09-21,Plumbing Permit,Residential,Residential,Repair,Final,,1.0,1.0,1,78723.0,30.3065167,-97.67733546,G & M Plumbing,2020,2020,No
2020-09-16,2020-09-15,Electrical Permit,Residential,Residential,Repair,Expired,,1.0,1.0,2,78744.0,30.20188485,-97.69358691,"In Charge Electrical Services, Llc",2020,2020,No
2020-09-04,2020-09-04,Plumbing Permit,Residential,Residential,Repair,Final,,1.0,1.0,4,78751.0,30.31831256,-97.72054081,,2020,2020,No
2020-09-09,2020-04-02,Mechanical Permit,Residential,R- 101 Single Family Houses,New,Final,,1.0,2.0,2,78744.0,30.15431385,-97.71630246,,2020,2020,No
2020-09-08,2020-06-05,Mechanical Permit,Residential,R- 101 Single Family Houses,New,Final,,1.0,2.0,5,78748.0,30.13083477,-97.80858049,Woods Comfort Systems,2020,2020,No
2020-09-17,2020-07-31,Electrical Permit,Residential,R- 101 Single Family Houses,New,Final,,1.0,2.0,7,78660.0,30.44051319,-97.66210723,,2020,2020,No
2020-09-03,2020-08-24,Building Permit,Commercial,C-1000 Commercial Remodel,Remodel,Final,,1.0,3.0,7,78758.0,,,Reliable Roofing Of Texas Inc,2020,2020,No
2020-09-22,2020-09-11,Building Permit,Residential,R- 435 Renovations/Remodel,Repair,Final,35000.0,1.0,1.0,8,78749.0,30.19709779,-97.85407498,Statewide Remodeling Of Austin *Main*,2020,2020,Yes
2020-09-21,2020-02-28,Building Permit,Commercial,C- 329 Com Structures Other Than Bldg,New,Final,35000000.0,1.0,1.0,6,78717.0,,,Oht Construction Llc ***Main***,2020,2020,Yes
2020-09-14,2020-09-10,Plumbing Permit,Residential,Residential,Irrigation,Final,,,,5,78748.0,30.16405146,-97.81788527,,2020,2020,No
2020-08-28,2020-06-29,Driveway / Sidewalks,Residential,Res. Driveway & Sidewalk,New,Final,,,,1,78724.0,30.3206684,-97.65490915,Kb Home,2020,2020,No
2020-08-31,2020-06-01,Building Permit,Commercial,C- 329 Com Structures Other Than Bldg,New,Expired,0.0,1.0,1.0,2,78744.0,30.1996283,-97.73520938,"Legacy Construction Sercives, Llc",2020,2020,No
2020-09-25,2020-09-23,Plumbing Permit,Residential,Residential,Irrigation,Final,,,,Unknown,78660.0,,,,2020,2020,No
2020-09-04,2019-05-13,Driveway / Sidewalks,Residential,Res. Driveway,New,Final,,,,5,78745.0,30.22023947,-97.77910937,New Vision Construction,2020,2020,No
2020-09-09,2020-05-29,Plumbing Permit,Residential,R- 329 Res Structures Other Than Bldg,New,Final,,1.0,0.0,8,78735.0,30.24584701,-97.83810928,Buffy'S Plumbing,2020,2020,No
2020-09-02,2019-11-25,Plumbing Permit,Residential,R- 434 Addition & Alterations,Addition and Remodel,Final,,1.0,2.0,5,78704.0,30.25337561,-97.78313374,"Blackstone Plumbing, Llc.",2020,2020,No
2020-09-03,2020-09-01,Mechanical Permit,Residential,Residential,Change Out,Final,,,,7,78757.0,30.34338523,-97.73626533,"Stan'S Heating, Air, Plumbing, & Electrical",2020,2020,No
2020-09-01,2020-08-29,Mechanical Permit,Residential,Residential,Change Out,Final,,,,1,78721.0,30.28586358,-97.67943446,American Residential Services (Ars),2020,2020,No
2020-09-03,2020-09-03,Electrical Permit,Residential,Residential,New,Final,,1.0,1.0,Unknown,78660.0,30.42255448,-97.65096713,"Austin Lanehart Electric Co., Inc.",2020,2020,No
2020-09-18,2020-09-18,Electrical Permit,Residential,Residential,New,Final,,1.0,1.0,Unknown,78724.0,30.31750339,-97.61781352,Allen Bebee Electric,2020,2020,No
2020-08-28,2020-08-24,Mechanical Permit,Residential,Residential,Change Out,Final,,,,1,78702.0,,,Elite Heating And Air Conditioning Llc,2020,2020,No
2020-09-08,2020-09-08,Plumbing Permit,Residential,Residential,Change Out,Final,,,,8,78749.0,30.19535841,-97.8585616,,2020,2020,No
2020-09-21,2020-04-21,Electrical Permit,Residential,R- 101 Single Family Houses,New,Final,,1.0,2.0,7,78757.0,30.35671296,-97.73963925,Aei Electric Llc,2020,2020,No
2020-09-29,2020-07-14,Electrical Permit,Residential,R- 101 Single Family Houses,New,Final,,1.0,2.0,1,78754.0,30.37270751,-97.65471994,Landmark Electric,2020,2020,No
2020-09-23,2019-10-31,Electrical Permit,Residential,Residential,Upgrade,Final,,1.0,1.0,7,78753.0,30.39032688,-97.68147666,Walton Electrical Services Llc,2020,2020,No
2020-09-08,2020-09-01,Electrical Permit,Residential,Residential,Upgrade,Final,,1.0,1.0,10,78731.0,30.32734773,-97.75902977,Duhon Electric,2020,2020,No
2020-09-18,2020-09-18,Plumbing Permit,Residential,Residential,Repair,Final,,1.0,1.0,10,78703.0,30.28378887,-97.77280417,,2020,2020,No
2020-09-01,2019-09-06,Mechanical Permit,Commercial,C-1001 Commercial Finish Out,Remodel,Final,,1.0,1.0,9,78701.0,30.28009737,-97.74253445,Dynamic Systems Inc,2020,2020,No
2020-09-11,2020-07-30,Plumbing Permit,Commercial,C-1001 Commercial Finish Out,Remodel,Final,,1.0,1.0,2,78745.0,30.18241925,-97.78196419,Inspired Closets By Maxwell,2020,2020,No
2020-08-28,2020-08-27,Plumbing Permit,Residential,Residential,Change Out,Final,,,,5,78747.0,30.1331044,-97.78433827,,2020,2020,No
2020-09-01,2020-08-24,Electrical Permit,Residential,Residential,Auxiliary Power,Final,,1.0,1.0,2,78747.0,30.15128385,-97.7492341,,2020,2020,No
2020-09-02,2020-09-01,Mechanical Permit,Residential,Residential,Change Out,Expired,,,,5,78745.0,30.1964462,-97.8174281,,2020,2020,No
2020-09-04,2019-09-27,Driveway / Sidewalks,Residential,Res. Driveway & Sidewalk,New,Final,,,,2,78744.0,30.20437792,-97.69645093,Lennar Homes Of Texas***Main***,2020,2020,No
2020-09-23,2020-09-18,Building Permit,Residential,R- 101 Single Family Houses,New,Final,349250.0,1.0,2.0,2,78747.0,,,"Pacesetter Homes, Llc",2020,2020,Yes
2020-09-15,2020-09-15,Building Permit,Residential,R- 435 Renovations/Remodel,Repair,Final,13124.0,1.0,1.0,6,78750.0,30.43966232,-97.79738229,Renewal By Andersen,2020,2020,Yes
2020-09-28,2020-09-15,Building Permit,Residential,R- 435 Renovations/Remodel,Repair,Expired,5000.0,1.0,1.0,5,78748.0,30.17591448,-97.84396994,Energy One Windows Of Austin,2020,2020,Yes
2020-09-10,2020-09-09,Building Permit,Residential,R- 435 Renovations/Remodel,Repair,Final,12350.0,1.0,1.0,3,78745.0,30.2056661,-97.76812711,Renewal By Andersen,2020,2020,Yes
2020-09-21,2020-01-08,Building Permit,Residential,R- 101 Single Family Houses,New,Final,253500.0,1.0,2.0,1,78721.0,30.27667211,-97.69636794,"Psw Gc, Llc",2020,2020,Yes
2020-09-03,2020-07-10,Plumbing Permit,Residential,R- 101 Single Family Houses,New,Final,,1.0,1.0,1,78660.0,30.40126058,-97.61540673,Christianson Plumbing,2020,2020,No
2020-09-03,2020-08-10,Electrical Permit,Residential,Residential,Auxiliary Power,Final,,1.0,1.0,1,78653.0,30.29548156,-97.55661782,Alba Energy Llc,2020,2020,No
2020-09-16,2020-07-07,Electrical Permit,Residential,R- 329 Res Structures Other Than Bldg,New,Final,,1.0,0.0,8,78736.0,30.24043218,-97.90090618,Gtm Lighting And Electric Llc,2020,2020,No
2020-09-25,2019-10-14,Electrical Permit,Residential,R- 329 Res Structures Other Than Bldg,New,Final,,1.0,1.0,10,78732.0,30.41814038,-97.88674629,"Washburn Electric,Llc",2020,2020,No
2020-09-15,2020-08-28,Building Permit,Residential,R- 649 Demolition All Other Bldgs Res,Demolition,Expired,0.0,1.0,1.0,4,78751.0,,,Harlan Mac Construction Llc **Main**,2020,2020,No
2020-09-22,2020-04-15,Building Permit,Residential,R- 434 Addition & Alterations,Addition and Remodel,Final,110000.0,1.0,1.0,9,78703.0,30.27634909,-97.75592178,"James Nolan Construction, Llc",2020,2020,Yes
2020-09-04,2020-09-03,Plumbing Permit,Residential,Residential,Repair,Expired,,1.0,0.0,Unknown,78729.0,30.45630907,-97.77736273,Liberty Hill Plumbing,2020,2020,No
2020-09-29,2020-07-01,Electrical Permit,Residential,R- 101 Single Family Houses,New,Final,,1.0,2.0,1,78660.0,30.40222927,-97.61478289,Landmark Electric,2020,2020,No
2020-09-17,2020-09-14,Electrical Permit,Residential,Residential,Auxiliary Power,Expired,,1.0,1.0,1,78724.0,30.29285352,-97.64007174,"Tesla Energy Operations, Inc.",2020,2020,No
2020-09-10,2020-08-24,Electrical Permit,Commercial,Sign Permit,Wall,Final,,,,9,78751.0,30.30046387,-97.71965158,,2020,2020,No
2020-09-02,2020-06-30,Mechanical Permit,Commercial,C-1000 Commercial Remodel,Remodel,Final,,1.0,3.0,10,78746.0,30.34715945,-97.80037855,,2020,2020,No
2020-09-29,2020-09-17,Electrical Permit,Commercial,Commercial,Repair,Final,,1.0,1.0,9,78701.0,30.26876081,-97.74119104,"In Charge Electrical Services, Llc",2020,2020,No
2020-09-18,2020-09-10,Electrical Permit,Residential,Residential,Auxiliary Power,Final,,1.0,1.0,2,78617.0,30.15514416,-97.64620992,,2020,2020,No
2020-09-08,2020-05-28,Mechanical Permit,Residential,R- 101 Single Family Houses,New,Final,,1.0,2.0,1,78660.0,30.39993148,-97.61355947,Christianson Plumbing & Air Co,2020,2020,No
2020-08-31,2020-06-02,Electrical Permit,Residential,R- 101 Single Family Houses,New,Final,,1.0,1.0,1,78724.0,30.32083158,-97.65416277,"Austin Lanehart Electric Co., Inc.",2020,2020,No
2020-09-02,2020-07-31,Building Permit,Residential,R- 101 Single Family Houses,New,Final,1.0,1.0,2.0,7,78660.0,30.44105452,-97.66181924,Masonwood Homes Llc,2020,2020,Yes
2020-09-14,2020-09-11,Electrical Permit,Residential,Residential,Upgrade,Final,,1.0,1.0,6,78750.0,30.43920052,-97.78961151,,2020,2020,No
2020-09-16,2020-09-15,Electrical Permit,Residential,Residential,Auxiliary Power,Final,,1.0,1.0,8,78735.0,30.24750491,-97.8247047,,2020,2020,No
2020-08-28,2019-12-18,Building Permit,Residential,R- 434 Addition & Alterations,Addition and Remodel,Final,250000.0,1.0,1.0,10,78731.0,30.3594871,-97.76954818,Allegiant Contractors Llc.,2020,2020,Yes
2020-09-23,2020-05-06,Driveway / Sidewalks,Residential,Res. Driveway & Sidewalk,New,Final,,,,1,78660.0,30.40035088,-97.61297334,D R Horton Homes,2020,2020,No
2020-09-11,2020-09-04,Mechanical Permit,Residential,Residential,Change Out,Final,,,,8,78746.0,30.32145142,-97.78285622,,2020,2020,No
2020-09-18,2020-04-22,Building Permit,Commercial,C- 329 Com Structures Other Than Bldg,New,Final,450000.0,1.0,1.0,7,78758.0,30.40246585,-97.72448229,Electric Tech Construction Inc,2020,2020,Yes
2020-09-28,2017-09-22,Building Permit,Residential,R- 435 Renovations/Remodel,Repair,Final,360.0,1.0,1.0,8,78746.0,30.32679029,-97.77970319,Forsite Studio,2020,2020,Yes
2020-09-23,2020-09-16,Mechanical Permit,Residential,Residential,Change Out,Expired,,,,7,78727.0,30.42070858,-97.69513134,"Sa&H Western Holdings, Llc",2020,2020,No
2020-09-29,2020-09-28,Building Permit,Residential,R- 435 Renovations/Remodel,Repair,Final,800.0,1.0,1.0,10,78759.0,30.41775628,-97.76572304,Suttin Construction,2020,2020,Yes
2020-09-11,2020-06-18,Building Permit,Residential,R- 434 Addition & Alterations,Addition and Remodel,Final,1.0,1.0,1.0,3,78704.0,30.23807992,-97.7708074,Hennessee Construction Group,2020,2020,Yes
2020-09-28,2020-09-25,Plumbing Permit,Residential,Residential,Repair,Expired,,1.0,0.0,3,78702.0,30.25392774,-97.72801409,Mr. Rooter Plumbing,2020,2020,No
2020-09-11,2020-06-25,Building Permit,Residential,R- 329 Res Structures Other Than Bldg,New,Final,49000.0,1.0,0.0,8,78739.0,30.19204519,-97.89356999,"Cody Pools, Inc. **Main",2020,2020,Yes
2020-09-10,2020-07-01,Mechanical Permit,Residential,Residential,Change Out,Final,,,,7,78757.0,30.33576117,-97.73178419,Petrocelli Services Inc.,2020,2020,No
2020-09-08,2020-09-04,Electrical Permit,Residential,Residential,Repair,Final,,1.0,1.0,Unknown,78732.0,30.38886264,-97.87790851,"In Charge Electrical Services, Llc",2020,2020,No
2020-09-29,2020-06-11,Mechanical Permit,Residential,R- 101 Single Family Houses,New,Final,,1.0,2.0,1,78660.0,30.40154814,-97.6140501,Christianson Plumbing & Air Co,2020,2020,No
2020-09-15,2020-07-28,Electrical Permit,Residential,R- 329 Res Structures Other Than Bldg,New,Final,,1.0,1.0,8,78735.0,30.25040451,-97.87970282,"Solid Base Electric, Llc",2020,2020,No
2020-09-22,2020-01-31,Building Permit,Residential,R- 438 Residential Garage/Carport Addn,New,Final,1.0,1.0,1.0,1,78702.0,30.2753296,-97.71391849,"Williams Austin, Inc.",2020,2020,Yes
2020-09-28,2019-12-12,Electrical Permit,Residential,R- 329 Res Structures Other Than Bldg,New,Final,,0.0,0.0,10,78703.0,30.29892809,-97.76490343,Ds Electric Service,2020,2020,No
2020-09-24,2020-05-08,Plumbing Permit,Residential,R- 329 Res Structures Other Than Bldg,New,Final,,1.0,0.0,3,78704.0,,,Pk Plumbing,2020,2020,No
2020-09-02,2020-03-11,Building Permit,Residential,R- 434 Addition & Alterations,Addition and Remodel,Final,1.0,1.0,1.0,1,78721.0,30.28164009,-97.6846717,,2020,2020,Yes
2020-09-25,2020-07-02,Mechanical Permit,Commercial,C-1001 Commercial Finish Out,Remodel,Final,,0.0,4.0,7,78758.0,30.40819461,-97.70425711,Airco Mechanical,2020,2020,No
2020-08-28,2019-11-08,Mechanical Permit,Commercial,C- 105 Five or More Family Bldgs,New,Final,,5.0,4.0,10,78731.0,30.31488178,-97.75307613,,2020,2020,No
2020-09-21,2019-12-11,Building Permit,Commercial,C-1000 Commercial Remodel,Remodel,Final,,1.0,1.0,5,78704.0,30.24750114,-97.77638302,"Monark Builders, Llc",2020,2020,No
2020-08-27,2020-08-07,Building Permit,Residential,R- 434 Addition & Alterations,Addition and Remodel,Final,1.0,0.0,0.0,10,78731.0,30.32725428,-97.76575363,"Mark Dawson Homes, Ltd. (Dba Dawson Lupul Builders)",2020,2020,Yes
2020-09-11,2019-11-01,Driveway / Sidewalks,Residential,"Res. Driveway, Sidewalk, Curb, Gutter",New,Final,,,,3,78704.0,30.24324119,-97.76773083,Newcastle Homes,2020,2020,No
2020-09-05,2020-06-24,Driveway / Sidewalks,Residential,Res. Driveway,New,Final,,,,8,78739.0,30.17976115,-97.90071768,,2020,2020,No
2020-09-11,2020-09-04,Building Permit,Residential,R- 101 Single Family Houses,New,Final,254990.0,1.0,2.0,2,78747.0,30.13445299,-97.76348594,"Milestone Community Builders, Llc(Main)",2020,2020,Yes
2020-09-21,2020-09-16,Electrical Permit,Commercial,Sign Permit,Wall,Expired,,,,10,78759.0,30.42947874,-97.76176404,,2020,2020,No
2020-09-08,2020-08-07,Building Permit,Commercial,C-1000 Commercial Remodel,Interior Demo Non-Structural,Expired,35000.0,1.0,1.0,7,78660.0,30.42418877,-97.66974492,,2020,2020,Yes
2020-09-18,2020-09-17,Electrical Permit,Residential,Residential,Auxiliary Power,Final,,1.0,1.0,5,78745.0,30.22118235,-97.80068939,Now Energy Llc,2020,2020,No
2020-09-30,2020-09-28,Plumbing Permit,Residential,Residential,Irrigation,Final,,,,2,78747.0,30.1360971,-97.76400546,,2020,2020,No
2020-09-02,2020-09-01,Plumbing Permit,Residential,Residential,Repair,Final,,0.0,0.0,3,78704.0,30.23474055,-97.76734851,Plumb Masters Llc,2020,2020,No
2020-09-29,2020-06-30,Plumbing Permit,Residential,R- 434 Addition & Alterations,Addition and Remodel,Final,,1.0,2.0,5,78704.0,30.25983428,-97.76967559,Deleon'S Plumbing,2020,2020,No
2020-09-02,2020-09-01,Mechanical Permit,Residential,Residential,Change Out,Expired,,,,2,78748.0,30.16982614,-97.79277371,,2020,2020,No
2020-09-21,2020-08-03,Electrical Permit,Commercial,C-1000 Commercial Remodel,Remodel,Final,,1.0,1.0,10,78730.0,30.35339807,-97.79694513,Neyland Electrical Services Llc,2020,2020,No
2020-09-10,2019-11-26,Plumbing Permit,Residential,Residential,Irrigation,Final,,,,5,78748.0,30.16382861,-97.81788157,,2020,2020,No
2020-09-15,2020-09-14,Plumbing Permit,Residential,Residential,Change Out,Final,,,,7,78727.0,,,Christianson Plumbing,2020,2020,No
2020-09-08,2020-08-25,Building Permit,Commercial,C-1001 Commercial Finish Out,Remodel,Final,,1.0,1.0,3,78702.0,30.25340764,-97.73246656,Bartlett Cocke General Contractors (Main),2020,2020,No
2020-08-28,2020-06-24,Electrical Permit,Residential,R- 101 Single Family Houses,New,Final,,1.0,1.0,1,78660.0,30.40238014,-97.61398538,Landmark Electric,2020,2020,No
2020-09-21,2020-09-16,Building Permit,Commercial,C- 329 Com Structures Other Than Bldg,New,VOID,35000000.0,1.0,1.0,6,78717.0,,,,2020,2020,Yes
2020-08-31,2020-02-26,Building Permit,Residential,R- 101 Single Family Houses,New,Final,0.0,1.0,2.0,5,78704.0,,,Moazami Homes Llc,2020,2020,No
2020-08-27,2020-08-18,Mechanical Permit,Residential,R- 101 Single Family Houses,New,Final,,1.0,1.0,1,78653.0,,,"Stan'S Heating, Air, Plumbing, & Electrical",2020,2020,No
2020-09-01,2018-09-21,Driveway / Sidewalks,Commercial,Com. Driveway & Sidewalk,New,Final,,,,4,78752.0,30.33333526,-97.71542867,Commercial Contracting Consultants,2020,2020,No
2020-09-30,2020-04-09,Building Permit,Residential,R- 434 Addition & Alterations,Addition and Remodel,Final,1.0,1.0,1.0,7,78757.0,30.33888136,-97.73456016,,2020,2020,Yes
2020-09-28,2020-09-17,Building Permit,Commercial,C-1000 Commercial Remodel,Remodel,Expired,,1.0,1.0,7,78759.0,30.40133632,-97.74462274,Entinu Networks Llc,2020,2020,No
2020-09-01,2020-08-29,Mechanical Permit,Residential,Residential,Change Out,Final,,,,9,78722.0,30.29257672,-97.71848016,Service Wizard Llc,2020,2020,No
2020-08-27,2019-12-06,Mechanical Permit,Residential,R- 101 Single Family Houses,New,Final,,1.0,2.0,10,78731.0,30.30947962,-97.75332518,Capital One Enterprises,2020,2020,No
2020-09-24,2020-09-23,Electrical Permit,Residential,Residential,Repair,Expired,,1.0,1.0,Unknown,78724.0,30.26278159,-97.57546966,"Ies Residential, Inc.",2020,2020,No
2020-09-25,2020-09-21,Building Permit,Commercial,C-1000 Commercial Remodel,Remodel,Final,,1.0,1.0,Unknown,78742.0,30.22953926,-97.68211608,Glotel Inc,2020,2020,No
2020-09-18,2020-09-18,Electrical Permit,Residential,Residential,Repair,Final,,1.0,1.0,1,78721.0,,,Alpha One Electric Pllc,2020,2020,No
2020-09-23,2020-03-13,Electrical Permit,Residential,R- 434 Addition & Alterations,Addition and Remodel,Final,,0.0,0.0,10,78703.0,30.29867775,-97.75490076,Jb Gray Electric Inc,2020,2020,No
2020-09-07,2020-06-16,Driveway / Sidewalks,Residential,Res. Driveway & Sidewalk,New,Final,,,,1,78754.0,30.35253586,-97.60073881,Rsi Communities (Do Not Use),2020,2020,No
2020-08-28,2020-07-16,Electrical Permit,Residential,R- 101 Single Family Houses,New,Final,,1.0,2.0,5,78748.0,30.16231817,-97.81981356,,2020,2020,No
2020-09-25,2020-06-11,Mechanical Permit,Residential,R- 101 Single Family Houses,New,Final,,1.0,2.0,8,78735.0,,,,2020,2020,No
2020-09-13,2020-08-04,Mechanical Permit,Residential,Residential,Repair,Final,,1.0,1.0,1,78724.0,30.28606444,-97.63871145,Air Conductors Llc,2020,2020,No
2020-09-28,2020-07-30,Building Permit,Residential,R- 101 Single Family Houses,New,Final,1.0,1.0,2.0,2,78744.0,30.15458785,-97.71773187,Brookfield Residential Texas Homes Llc,2020,2020,Yes
2020-09-18,2020-09-17,Electrical Permit,Residential,Residential,Auxiliary Power,Final,,1.0,1.0,10,78756.0,30.31359026,-97.74045597,,2020,2020,No
2020-09-10,2020-06-24,Mechanical Permit,Residential,R- 435 Renovations/Remodel,Repair,Final,,1.0,1.0,10,78731.0,30.366468,-97.75996157,A-Plus Energy Management,2020,2020,No
2020-09-22,2020-07-09,Plumbing Permit,Residential,R- 101 Single Family Houses,New,Final,,1.0,2.0,2,78744.0,30.15438244,-97.71683229,Victory Plumbing Company,2020,2020,No
2020-09-17,2020-06-09,Building Permit,Residential,R- 101 Single Family Houses,New,Final,200000.0,1.0,2.0,3,78741.0,30.23022784,-97.69788942,Precise Custom Homes Inc. (Main),2020,2020,Yes
2020-08-28,2020-02-26,Plumbing Permit,Residential,Residential,Irrigation,Final,,,,1,78660.0,30.39221513,-97.61427208,,2020,2020,No
2020-08-31,2020-02-26,Electrical Permit,Commercial,C- 105 Five or More Family Bldgs,New,Final,,36.0,3.0,1,78724.0,,,"Msf Electric, Inc.",2020,2020,No
2020-09-21,2020-09-21,Plumbing Permit,Residential,Residential,Repair,Final,,1.0,1.0,Unknown,78724.0,30.31821205,-97.6185481,Wallin Services Inc,2020,2020,No
2020-08-27,2020-08-18,Plumbing Permit,Residential,Residential,Repair,Final,,1.0,0.0,6,78759.0,30.41515869,-97.78996668,Proven Plumbing Llc,2020,2020,No
2020-09-02,2020-08-20,Plumbing Permit,Residential,Residential,Repair,Expired,,0.0,0.0,3,78702.0,30.26911548,-97.69857372,Mtz Plumbing Services,2020,2020,No
2020-09-09,2020-09-08,Plumbing Permit,Residential,Residential,Change Out,Final,,,,5,78704.0,30.23554102,-97.78498885,Roto- Rooter Service Co,2020,2020,No
2020-09-21,2020-06-17,Plumbing Permit,Residential,R- 101 Single Family Houses,New,Final,,1.0,2.0,1,78754.0,30.35274791,-97.60113874,Excalibur Plumbing,2020,2020,No
2020-09-17,2020-09-02,Driveway / Sidewalks,Residential,Res. Driveway & Sidewalk,New,Final,,,,7,78660.0,30.43814556,-97.65500241,Blackburn Communities,2020,2020,No
2020-09-14,2020-09-10,Electrical Permit,Residential,Residential,Auxiliary Power,Final,,1.0,1.0,2,78744.0,30.20212835,-97.6929913,"Solstema, Llc",2020,2020,No
2020-09-25,2020-09-04,Electrical Permit,Residential,R- 101 Single Family Houses,New,Final,,1.0,2.0,5,78748.0,30.16294682,-97.81947438,,2020,2020,No
2020-09-30,2020-09-24,Building Permit,Residential,R- 101 Single Family Houses,New,Final,319750.0,1.0,2.0,2,78747.0,30.13867611,-97.76314585,"Pacesetter Homes, Llc",2020,2020,Yes
2020-09-01,2020-04-15,Plumbing Permit,Commercial,C- 327 Stores & Customer Services,Shell,Final,,1.0,1.0,8,78736.0,,,Jl Phelps & Associates,2020,2020,No
2020-09-02,2020-09-01,Plumbing Permit,Residential,Residential,Irrigation,Final,,,,1,78653.0,,,,2020,2020,No
2020-09-14,2020-04-10,Building Permit,Residential,R- 434 Addition & Alterations,Addition and Remodel,Final,1.0,1.0,2.0,10,78731.0,30.31901444,-97.75001734,A&J Contracting,2020,2020,Yes
2020-09-14,2020-08-05,Building Permit,Residential,R- 434 Addition & Alterations,Addition and Remodel,Final,1.0,0.0,0.0,Unknown,78746.0,,,Egg Homes Llc,2020,2020,Yes
2020-09-08,2020-07-13,Plumbing Permit,Residential,R- 101 Single Family Houses,New,Final,,1.0,1.0,1,78660.0,30.40174637,-97.61509795,Christianson Plumbing,2020,2020,No
2020-08-28,2020-01-28,Electrical Permit,Commercial,C-1000 Commercial Remodel,Remodel,Final,,0.0,1.0,5,78745.0,30.22932841,-97.80150829,Camla Management & Construction Llc,2020,2020,No
2020-09-22,2020-06-22,Building Permit,Commercial,C- 329 Com Structures Other Than Bldg,New,Final,145000.0,0.0,1.0,1,78754.0,30.40166252,-97.63942128,The Marcus Organization,2020,2020,Yes
2020-09-29,2019-03-05,Mechanical Permit,Commercial,C-1001 Commercial Finish Out,Remodel,Final,,1.0,1.0,3,78741.0,30.2271802,-97.70590961,Omega Mechanical Inc,2020,2020,No
2020-09-02,2019-03-12,Plumbing Permit,Residential,Residential,Remodel,Final,,1.0,1.0,3,78702.0,30.25748629,-97.71921822,,2020,2020,No
2020-09-17,2020-08-24,Building Permit,Residential,R- 645 Demolition One Family Homes,Demolition,Final,0.0,1.0,1.0,3,78702.0,30.26927689,-97.69906679,Dar Construction,2020,2020,No
2020-09-25,2020-09-18,Building Permit,Residential,R- 435 Renovations/Remodel,Repair,Expired,75210.0,1.0,1.0,10,78730.0,30.37333533,-97.84739049,Renewal By Andersen,2020,2020,Yes
2020-08-31,2020-05-19,Mechanical Permit,Residential,R- 101 Single Family Houses,New,Final,,1.0,2.0,1,78723.0,30.29462103,-97.67427152,,2020,2020,No
2020-09-16,2020-07-17,Mechanical Permit,Residential,R- 101 Single Family Houses,New,Final,,1.0,2.0,1,78653.0,,,"Stan'S Heating, Air, Plumbing, & Electrical",2020,2020,No
2020-08-31,2020-08-18,Building Permit,Commercial,C- 329 Com Structures Other Than Bldg,New,Final,3564.0,1.0,0.0,6,78729.0,,,Harvey-Cleary Builders ***Main***,2020,2020,Yes
2020-09-02,2020-05-07,Mechanical Permit,Residential,R- 101 Single Family Houses,New,Final,,1.0,2.0,1,78653.0,,,"Stan'S Heating, Air, Plumbing, & Electrical",2020,2020,No
2020-09-14,2020-09-11,Electrical Permit,Residential,Residential,Auxiliary Power,Final,,1.0,1.0,10,78730.0,30.38549851,-97.8515816,Hesolar Llc,2020,2020,No
2020-09-03,2020-09-02,Electrical Permit,Residential,Residential,Auxiliary Power,Final,,1.0,1.0,2,78744.0,30.14987054,-97.72188181,,2020,2020,No
2020-09-24,2020-01-08,Building Permit,Residential,R- 435 Renovations/Remodel,Repair,Expired,23101.0,1.0,1.0,6,78726.0,30.43748409,-97.8284786,,2020,2020,Yes
2020-08-31,2019-02-15,Plumbing Permit,Residential,R- 434 Addition & Alterations,Addition and Remodel,Final,,1.0,0.0,3,78721.0,30.27353285,-97.68964091,Standard Plumbing Inc.,2020,2020,No
2020-09-23,2020-04-03,Mechanical Permit,Commercial,C-1001 Commercial Finish Out,Remodel,Expired,,1.0,1.0,9,78723.0,30.30246764,-97.70546692,"Hc Beck, Ltd.",2020,2020,No
2020-09-18,2020-09-18,Building Permit,Residential,R- 435 Renovations/Remodel,Repair,Final,37389.0,1.0,1.0,1,78753.0,30.37687355,-97.66497398,Renewal By Andersen,2020,2020,Yes
2020-09-25,2020-09-15,Mechanical Permit,Residential,R- 101 Single Family Houses,New,Final,,1.0,2.0,7,78660.0,30.43759236,-97.65353545,Texas Comfort Air,2020,2020,No
2020-09-10,2020-07-24,Building Permit,Residential,R- 101 Single Family Houses,New,Final,203850.0,1.0,2.0,1,78660.0,30.39870776,-97.61408897,D R Horton Homes,2020,2020,Yes
2020-09-25,2020-07-01,Plumbing Permit,Residential,R- 102 Secondary Apartment,New,Final,,1.0,2.0,3,78702.0,30.25289749,-97.72833968,Lago Plumbing,2020,2020,No
2020-09-02,2020-09-01,Electrical Permit,Residential,Residential,Repair,Final,,1.0,1.0,1,78653.0,,,Bolder Electric Solutions,2020,2020,No
2020-09-05,2020-05-12,Electrical Permit,Residential,R- 329 Res Structures Other Than Bldg,New,Final,,1.0,1.0,1,78753.0,30.39006289,-97.6654275,Generation Next Electric,2020,2020,No
2020-09-09,2020-04-16,Driveway / Sidewalks,Residential,"Res. Driveway, Curb, Gutter",New,Final,,,,1,78721.0,,,"Paradisa Homes, Llc***Main***",2020,2020,No
2020-09-21,2020-06-25,Building Permit,Commercial,C-1000 Commercial Remodel,Remodel,Final,,0.0,4.0,10,78759.0,,,"Sabre Commercial, Inc.**Main**",2020,2020,No
2020-09-25,2020-07-02,Building Permit,Residential,R- 435 Renovations/Remodel,Repair,Final,8400.0,1.0,1.0,5,78704.0,30.25897957,-97.77948486,"Lake Engineers & Constructor, Inc",2020,2020,Yes
2020-09-28,2020-08-17,Building Permit,Residential,R- 101 Single Family Houses,New,Final,175440.0,1.0,1.0,1,78754.0,30.34967129,-97.60351556,Rsi Communities (Do Not Use),2020,2020,Yes
2020-08-28,2020-08-27,Mechanical Permit,Residential,Residential,Change Out,Final,,,,7,78757.0,30.33703596,-97.73307204,Mccullough Heating & Air,2020,2020,No
2020-09-11,2020-07-29,Plumbing Permit,Residential,R- 101 Single Family Houses,New,Final,,1.0,2.0,1,78653.0,,,Mustang Plumbing,2020,2020,No
2020-09-28,2020-07-10,Electrical Permit,Residential,R- 101 Single Family Houses,New,Final,,1.0,1.0,1,78660.0,30.40126058,-97.61540673,Landmark Electric,2020,2020,No
2020-08-28,2020-08-19,Mechanical Permit,Residential,Residential,Repair,Final,,0.0,0.0,7,78727.0,30.41638105,-97.72169706,"Conservation Services, Inc.",2020,2020,No
2020-09-17,2020-07-28,Electrical Permit,Residential,R- 329 Res Structures Other Than Bldg,New,Final,,1.0,0.0,8,78748.0,30.1421327,-97.85131092,Generation Next Electric,2020,2020,No
2020-09-25,2020-06-08,Electrical Permit,Residential,R- 101 Single Family Houses,New,Final,,1.0,2.0,10,78703.0,30.2966843,-97.77551739,Nalle Custom Homes,2020,2020,No
2020-09-25,2020-07-02,Plumbing Permit,Commercial,C-1001 Commercial Finish Out,Remodel,Final,,0.0,4.0,7,78758.0,30.40819461,-97.70425711,Classic Plumbing,2020,2020,No
2020-09-15,2020-05-13,Plumbing Permit,Residential,Residential,Irrigation,Final,,,,2,78747.0,30.13752094,-97.76013257,,2020,2020,No
2020-09-01,2020-08-25,Plumbing Permit,Residential,Residential,Repair,Final,,1.0,1.0,9,78704.0,30.25910211,-97.75402503,Austin Facility Services,2020,2020,No
2020-09-29,2020-07-16,Electrical Permit,Residential,R- 101 Single Family Houses,New,Final,,1.0,2.0,3,78741.0,30.23220749,-97.69305266,Jrw Electric,2020,2020,No
2020-09-21,2020-02-28,Building Permit,Commercial,C- 329 Com Structures Other Than Bldg,New,Final,35000000.0,1.0,1.0,6,78717.0,,,Oht Construction Llc ***Main***,2020,2020,Yes
2020-09-08,2020-09-04,Electrical Permit,Residential,Residential,Auxiliary Power,Final,,1.0,1.0,Unknown,78744.0,30.16842031,-97.69713768,,2020,2020,No
2020-08-27,2020-02-21,Building Permit,Residential,R- 101 Single Family Houses,New,Final,350000.0,1.0,2.0,10,78731.0,30.35940422,-97.76403196,Lohr Homes,2020,2020,Yes
2020-09-02,2020-05-28,Mechanical Permit,Residential,R- 101 Single Family Houses,New,Final,,1.0,2.0,1,78660.0,30.4002703,-97.61436219,Christianson Plumbing & Air Co,2020,2020,No
2020-09-02,2020-09-02,Electrical Permit,Commercial,Commercial,Repair,Final,,1.0,1.0,9,78723.0,30.29939673,-97.70298001,Ari-Tex Electric Inc.,2020,2020,No
2020-09-24,2020-09-18,Electrical Permit,Residential,Residential,Auxiliary Power,Final,,1.0,1.0,2,78744.0,,,"Solstema, Llc",2020,2020,No
2020-08-28,2020-03-18,Plumbing Permit,Residential,Residential,Irrigation,Final,,,,2,78747.0,,,,2020,2020,No
2020-09-29,2020-09-28,Electrical Permit,Residential,Residential,Auxiliary Power,Final,,1.0,1.0,7,78753.0,30.39568109,-97.64667006,Green Light Solar Llc,2020,2020,No
2020-09-28,2017-09-07,Electrical Permit,Commercial,C- 105 Five or More Family Bldgs,New,Final,,35.0,4.0,4,78751.0,30.31489559,-97.71307903,Jsm Elite Electric,2020,2020,No
2020-09-02,2020-08-26,Building Permit,Residential,R- 435 Renovations/Remodel,Repair,Final,40000.0,1.0,1.0,4,78758.0,30.38840688,-97.70056135,Market Properties Lp.,2020,2020,Yes
2020-09-17,2020-08-13,Electrical Permit,Residential,R- 101 Single Family Houses,New,Final,,1.0,2.0,7,78753.0,30.40759549,-97.64599531,"In Charge Electrical Services, Llc",2020,2020,No
2020-09-17,2020-09-02,Electrical Permit,Residential,Residential,New,Final,,1.0,1.0,Unknown,78660.0,,,,2020,2020,No
2020-09-11,2000-03-14,Building Permit,Residential,R- 329 Res Structures Other Than Bldg,New,Final,22000.0,,,6,78726.0,30.43626082,-97.83020213,,2020,2020,Yes
2020-09-21,2020-09-16,Mechanical Permit,Residential,Residential,Change Out,Expired,,,,8,78739.0,30.19371817,-97.88137667,,2020,2020,No
2020-09-08,2020-08-27,Plumbing Permit,Residential,Residential,Repair,Expired,,1.0,1.0,Unknown,78729.0,30.45856196,-97.77613783,Liberty Hill Plumbing,2020,2020,No
2020-09-15,2020-02-05,Electrical Permit,Residential,R- 103 Two Family Bldgs,New,Final,,2.0,2.0,7,78757.0,30.33920196,-97.72962083,Aztec Electric Service,2020,2020,No
2020-09-04,2020-09-03,Plumbing Permit,Residential,Residential,Repair,Expired,,1.0,0.0,Unknown,78729.0,30.45592265,-97.77646502,Liberty Hill Plumbing,2020,2020,No
2020-09-23,2020-08-24,Building Permit,Residential,R- 435 Renovations/Remodel,Repair,Expired,12654.0,1.0,1.0,2,78744.0,30.17728534,-97.76057099,Power Hrg,2020,2020,Yes
2020-08-31,2020-08-28,Electrical Permit,Residential,Residential,Upgrade,Final,,1.0,1.0,6,78759.0,30.40934136,-97.77707539,M-1 Electric,2020,2020,No
2020-08-31,2020-01-13,Building Permit,Residential,R- 102 Secondary Apartment,New,Final,1.0,1.0,2.0,1,78702.0,30.27978428,-97.71629789,Guardian Custom Builders****Main***,2020,2020,Yes
2020-09-29,2020-09-01,Building Permit,Residential,R- 329 Res Structures Other Than Bldg,New,Final,31000.0,1.0,0.0,Unknown,78746.0,,,Pools 123 Waco,2020,2020,Yes
2020-09-01,2019-04-12,Mechanical Permit,Residential,R- 434 Addition & Alterations,Addition and Remodel,Expired,,0.0,0.0,10,78759.0,30.41307959,-97.76800543,Dba Zach Hyatt Plumbing,2020,2020,No
2020-09-08,2019-10-29,Plumbing Permit,Commercial,"C- 437 Addn, Alter, Convn-NonRes",Addition and Remodel,Final,,1.0,3.0,10,78703.0,30.30846346,-97.763667,Cedar Park Plumbing Heating & Air Inc,2020,2020,No
2020-09-16,2020-06-05,Building Permit,Residential,R- 434 Addition & Alterations,Addition and Remodel,Final,1.0,1.0,1.0,1,78702.0,30.26887629,-97.72236037,Boomtown Design Llc,2020,2020,Yes
2020-09-15,2020-09-14,Mechanical Permit,Residential,Residential,Change Out,Final,,,,9,78704.0,30.24691262,-97.73904052,Alamo Austin Air Conditioning & Heating Inc,2020,2020,No
2020-08-31,2020-08-19,Mechanical Permit,Residential,Residential,Change Out,Final,,,,6,78726.0,30.43399073,-97.82043463,"Sa&H Western Holdings, Llc",2020,2020,No
2020-09-14,2020-08-15,Electrical Permit,Residential,Residential,Auxiliary Power,Final,,1.0,1.0,5,78748.0,30.17541055,-97.80840981,Greenbelt Solar,2020,2020,No
2020-08-31,2020-06-01,Building Permit,Commercial,C-1000 Commercial Remodel,Remodel,Final,,6.0,2.0,2,78744.0,30.1996283,-97.73520938,"Legacy Construction Sercives, Llc",2020,2020,No
2020-09-10,2020-02-26,Building Permit,Commercial,C- 327 Stores & Customer Services,Shell,Final,786616.0,0.0,1.0,5,78745.0,30.19075757,-97.8322535,Pruneda Construction***Main**,2020,2020,Yes
2020-09-18,2019-06-14,Mechanical Permit,Commercial,Commercial,Repair,Final,,0.0,0.0,7,78753.0,,,Warren Southwest Refrigeration,2020,2020,No
2020-09-02,2020-08-14,Building Permit,Commercial,C- 329 Com Structures Other Than Bldg,New,Final,10000.0,0.0,0.0,5,78747.0,30.126344,-97.79983585,Journeyman Construction,2020,2020,Yes
2020-09-15,2020-09-11,Plumbing Permit,Residential,Residential,Repair,Expired,,1.0,0.0,5,78704.0,30.24986243,-97.78806073,Salty Dog Plumbing Services Llc,2020,2020,No
2020-09-01,2020-08-14,Building Permit,Commercial,C-1000 Commercial Remodel,Remodel,Final,,1.0,2.0,2,78719.0,,,T&G Corporation Dba Florida T&G Corporation Texas Division Inc,2020,2020,No
2020-09-01,2019-02-21,Mechanical Permit,Commercial,C- 329 Com Structures Other Than Bldg,New,Final,,0.0,0.0,7,78753.0,30.39968443,-97.67858577,Schaffer Mechanical,2020,2020,No
2020-09-24,2020-09-18,Electrical Permit,Residential,Residential,Repair,Final,,1.0,1.0,2,78744.0,30.15060503,-97.71784914,"In Charge Electrical Services, Llc",2020,2020,No
2020-09-30,2020-09-30,Plumbing Permit,Residential,Residential,New,Final,,1.0,1.0,Unknown,78725.0,30.21955347,-97.63148716,,2020,2020,No
2020-09-28,2019-11-04,Driveway / Sidewalks,Residential,Res. Driveway,New,Final,,,,3,78741.0,30.24184478,-97.69438885,"Urban Squared Builders, Llc",2020,2020,No
2020-09-21,2020-06-24,Mechanical Permit,Residential,R- 101 Single Family Houses,New,Final,,1.0,1.0,1,78660.0,30.40187429,-97.61386639,Christianson Plumbing & Air Co,2020,2020,No
2020-08-28,2020-07-13,Building Permit,Commercial,C-1000 Commercial Remodel,Remodel,Final,,1.0,1.0,9,78704.0,30.25142497,-97.74865448,Rand Construction Corporation,2020,2020,No
2020-09-25,2020-08-20,Electrical Permit,Residential,R- 101 Single Family Houses,New,Final,,1.0,2.0,3,78741.0,30.22002786,-97.69593818,Aei Electric Llc,2020,2020,No
2020-09-28,2020-09-08,Plumbing Permit,Residential,R- 101 Single Family Houses,New,Final,,1.0,2.0,1,78653.0,,,Mustang Plumbing,2020,2020,No
2020-09-18,2020-09-17,Mechanical Permit,Residential,Residential,Change Out,Final,,,,2,78744.0,30.1929655,-97.75622755,Totally Cool,2020,2020,No
2020-09-11,2020-09-10,Plumbing Permit,Residential,Residential,Irrigation,Final,,,,Unknown,78734.0,,,,2020,2020,No
2020-09-25,2020-05-07,Plumbing Permit,Residential,Residential,Irrigation,Final,,,,2,78744.0,30.15894409,-97.72513076,,2020,2020,No
2020-09-29,2020-06-05,Plumbing Permit,Residential,R- 434 Addition & Alterations,Addition and Remodel,Final,,1.0,2.0,3,78721.0,30.26784609,-97.68928967,,2020,2020,No
2020-08-31,2020-05-15,Plumbing Permit,Commercial,Commercial,Repair,Final,,,3.0,4,78723.0,,,Priscilla Plumbing Company,2020,2020,No
2020-08-31,2020-06-01,Building Permit,Commercial,C-1000 Commercial Remodel,Remodel,Final,,6.0,2.0,2,78744.0,30.1996283,-97.73520938,"Legacy Construction Sercives, Llc",2020,2020,No
2020-09-10,2018-10-10,Electrical Permit,Commercial,C-1000 Commercial Remodel,Remodel,Final,,1.0,2.0,3,78702.0,30.26441784,-97.69843894,Tumlinson Electric,2020,2020,No
2020-09-23,2020-09-21,Electrical Permit,Residential,Residential,Upgrade,Final,,1.0,1.0,10,78759.0,30.40788226,-97.76049021,Joe Hernandez Electric,2020,2020,No
2020-08-31,2020-06-08,Building Permit,Residential,R- 329 Res Structures Other Than Bldg,New,Final,40000.0,0.0,0.0,7,78757.0,30.34490705,-97.72181825,"Cody Pools, Inc. **Main",2020,2020,Yes
2020-09-17,2020-09-16,Mechanical Permit,Residential,Residential,Change Out,Final,,,,8,78746.0,30.33682377,-97.8010748,"Stan'S Heating, Air, Plumbing, & Electrical",2020,2020,No
2020-09-29,2020-08-26,Electrical Permit,Residential,Residential,Auxiliary Power,Final,,1.0,1.0,8,78749.0,30.22829024,-97.8762867,,2020,2020,No
2020-09-01,2020-03-16,Driveway / Sidewalks,Residential,Res. Driveway & Sidewalk,New,Final,,,,1,78724.0,30.31964104,-97.65681447,Kb Home,2020,2020,No
2020-09-25,2020-08-31,Building Permit,Commercial,C-1000 Commercial Remodel,Remodel,Final,,1.0,1.0,8,78746.0,30.27146137,-97.81706377,"Datum Commercial Contracting, Llc",2020,2020,No
2020-09-11,2020-09-08,Building Permit,Residential,R- 101 Single Family Houses,New,Final,195525.0,1.0,2.0,1,78653.0,,,Brohn Homes,2020,2020,Yes
2020-09-10,2020-08-24,Electrical Permit,Commercial,Sign Permit,Wall,Final,,,,6,78726.0,,,,2020,2020,No
2020-08-28,2020-04-30,Driveway / Sidewalks,Residential,Res. Driveway & Sidewalk,New,Final,,,,1,78724.0,30.32113668,-97.65546998,Kb Home,2020,2020,No
2020-09-21,2019-06-27,Plumbing Permit,Residential,R- 101 Single Family Houses,New,Final,,1.0,2.0,2,78747.0,30.15301921,-97.7557767,,2020,2020,No
2020-09-03,2020-02-26,Plumbing Permit,Commercial,C- 105 Five or More Family Bldgs,New,Final,,24.0,3.0,1,78724.0,,,J & D Vision Plumbing,2020,2020,No
2020-08-28,2020-08-26,Plumbing Permit,Residential,Residential,Change Out,Final,,,,3,78721.0,30.26197767,-97.67749615,Fairway Plumbing Llc,2020,2020,No
2020-09-09,2020-08-24,Mechanical Permit,Residential,R- 435 Renovations/Remodel,Repair,Final,,1.0,1.0,Unknown,78746.0,30.28800337,-97.83289013,Epic Mechanical Inc,2020,2020,No
2020-09-21,2020-09-17,Plumbing Permit,Residential,Residential,Change Out,Final,,,,6,78726.0,30.43400234,-97.82257355,,2020,2020,No
2020-09-25,2020-09-23,Plumbing Permit,Residential,Residential,Irrigation,Final,,,,Unknown,78660.0,,,,2020,2020,No
2020-09-15,2019-10-09,Plumbing Permit,Residential,Residential,Repair,Final,,1.0,1.0,7,78753.0,30.38293433,-97.68030317,Living Water Plumbing,2020,2020,No
2020-09-17,2020-04-16,Mechanical Permit,Residential,R- 101 Single Family Houses,New,Final,,1.0,2.0,1,78724.0,30.29419583,-97.64112458,,2020,2020,No
2020-09-28,2020-09-22,Electrical Permit,Residential,Residential,Special Inspections Program,Final,,,,10,78730.0,30.37635788,-97.81243935,Grayzer Electric Llc,2020,2020,No
2020-09-04,2020-06-26,Building Permit,Residential,R- 329 Res Structures Other Than Bldg,New,Final,112000.0,1.0,0.0,10,78703.0,30.30156465,-97.76279521,Johnson Custom Pools,2020,2020,Yes
2020-09-24,2020-09-23,Mechanical Permit,Residential,Residential,Change Out,Final,,,,10,78759.0,30.42480341,-97.7714034,Green Collar Operations Llc.,2020,2020,No
2020-09-29,2020-09-03,Building Permit,Residential,R- 329 Res Structures Other Than Bldg,New,Final,0.0,1.0,1.0,6,78717.0,30.5062311,-97.74989965,"Cody Pools, Inc. **Main",2020,2020,No
2020-09-22,2020-06-23,Plumbing Permit,Commercial,Commercial,Fireline,Final,,,,6,78727.0,,,"Kumar Construction Solutions, Inc.",2020,2020,No
2020-09-08,2019-04-22,Plumbing Permit,Residential,Residential,Repair,Final,,1.0,1.0,3,78702.0,30.26171625,-97.70603748,A Plus Pcs Plumbing Co,2020,2020,No
2020-09-17,2020-09-04,Electrical Permit,Commercial,"C- 318 Amusement, Social & Rec Bldgs",New,Final,,1.0,1.0,7,78753.0,30.40800693,-97.65212078,Harvey-Cleary Builders ***Main***,2020,2020,No
2020-09-25,2020-07-31,Electrical Permit,Residential,R- 101 Single Family Houses,New,Final,,1.0,1.0,2,78744.0,30.14835805,-97.71852387,"In Charge Electrical Services, Llc",2020,2020,No
2020-09-17,2020-08-27,Electrical Permit,Residential,Residential,New,Final,,1.0,1.0,Unknown,78660.0,,,,2020,2020,No
2020-09-15,2020-05-06,Plumbing Permit,Residential,Residential,Irrigation,Final,,,,2,78744.0,,,,2020,2020,No
2020-09-23,2020-09-23,Building Permit,Residential,R- 435 Renovations/Remodel,Repair,Final,1750.0,1.0,1.0,1,78721.0,30.27853814,-97.67632435,Valdez Remodeling & Weatherization Inc.,2020,2020,Yes
2020-09-01,2020-08-31,Plumbing Permit,Residential,Residential,Irrigation,Final,,,,1,78724.0,30.30603993,-97.62666933,,2020,2020,No
2020-08-31,2019-11-19,Electrical Permit,Residential,R- 101 Single Family Houses,New,Final,,1.0,2.0,7,78660.0,30.43700276,-97.6561229,"Ies Residential, Inc.",2020,2020,No
2020-09-16,2020-03-09,Electrical Permit,Residential,R- 434 Addition & Alterations,Addition and Remodel,Final,,1.0,1.0,2,78745.0,30.20935402,-97.79086967,5G Electrical Services,2020,2020,No
2020-09-14,2019-06-14,Mechanical Permit,Commercial,C- 327 Stores & Customer Services,New,Final,,1.0,1.0,7,78753.0,,,Logan'S A/C And Heating,2020,2020,No
2020-09-29,2020-09-28,Plumbing Permit,Residential,Residential,Repair,Final,,1.0,0.0,1,78724.0,30.29064465,-97.64582233,Lonestar Premier Plumbing Inc,2020,2020,No
2020-08-31,2020-06-09,Plumbing Permit,Residential,R- 101 Single Family Houses,New,Final,,1.0,1.0,1,78653.0,30.29284338,-97.55278894,Mustang Plumbing,2020,2020,No
2020-09-01,2020-06-09,Driveway / Sidewalks,Residential,Res. Driveway & Sidewalk,New,Final,,,,7,78753.0,30.40598403,-97.6449582,"Century Land Holdings Ii, Llc",2020,2020,No
2020-09-22,2020-08-26,Mechanical Permit,Residential,Residential,Change Out,Final,,,,10,78731.0,30.3720938,-97.78302674,Abc Home And Commercial Services,2020,2020,No
2020-08-31,2020-08-21,Mechanical Permit,Residential,Residential,Change Out,Final,,,,5,78744.0,30.16083687,-97.78081851,"Sa&H Western Holdings, Llc",2020,2020,No
2020-09-04,2020-08-31,Electrical Permit,Commercial,Commercial,Repair,Final,,1.0,1.0,10,78730.0,30.36429918,-97.79688681,Capstar Electric,2020,2020,No
2020-09-10,2020-09-09,Plumbing Permit,Residential,Residential,Irrigation,Final,,,,1,78723.0,30.31651359,-97.67902579,,2020,2020,No
2020-08-28,2019-11-18,Plumbing Permit,Commercial,C-1001 Commercial Finish Out,Remodel,Final,,1.0,1.0,1,78702.0,30.27436935,-97.72023134,"La Casita Plumbing, Llc",2020,2020,No
2020-09-18,2020-09-15,Mechanical Permit,Residential,Residential,Change Out,Final,,,,8,78749.0,30.20175043,-97.85474398,Mccullough Heating & Air,2020,2020,No
2020-09-30,2020-09-29,Electrical Permit,Residential,Residential,Repair,Final,,1.0,1.0,Unknown,78617.0,30.16413928,-97.63438157,"Austin Lanehart Electric Co., Inc.",2020,2020,No
2020-09-23,2020-09-21,Electrical Permit,Residential,Residential,Upgrade,Final,,1.0,1.0,2,78745.0,30.20440133,-97.7947807,,2020,2020,No
2020-09-01,2020-08-31,Building Permit,Residential,R- 101 Single Family Houses,New,Final,336900.0,1.0,2.0,8,78652.0,30.16973517,-97.92011312,Lennar Homes Of Texas***Main***,2020,2020,Yes
2020-09-29,2020-06-12,Building Permit,Residential,R-2001 Relocation Residential,Relocation,Final,0.0,1.0,1.0,7,78757.0,30.33693662,-97.73373424,Brown & Sons House Movers,2020,2020,No
2020-09-01,2020-04-09,Mechanical Permit,Commercial,C-1000 Commercial Remodel,Remodel,Final,,1.0,1.0,4,78753.0,,,2R Mechanical,2020,2020,No
2020-09-28,2020-09-21,Electrical Permit,Residential,Residential,Special Inspections Program,Final,,,,10,78731.0,30.31666204,-97.75065728,Grayzer Electric Llc,2020,2020,No
2020-08-28,2020-08-27,Electrical Permit,Residential,Residential,Auxiliary Power,Final,,1.0,1.0,2,78744.0,30.18331604,-97.75588658,,2020,2020,No
2020-09-02,2020-08-12,Building Permit,Residential,R- 101 Single Family Houses,New,Final,130000.0,1.0,1.0,2,78744.0,30.14599797,-97.7185086,Brookfield Residential Texas Homes Llc,2020,2020,Yes
2020-09-08,2020-09-03,Mechanical Permit,Residential,Residential,Change Out,Final,,,,7,78757.0,30.33886353,-97.72352606,A-Plus Energy Management,2020,2020,No
2020-09-12,2020-05-14,Plumbing Permit,Residential,Residential,Irrigation,Final,,,,2,78747.0,30.15371019,-97.76018262,,2020,2020,No
2020-09-21,2020-08-03,Building Permit,Commercial,C- 327 Stores & Customer Services,New,Final,1250000.0,1.0,1.0,10,78726.0,,,"Jerry Kachel Builders, Inc",2020,2020,Yes
2020-09-25,2020-09-23,Plumbing Permit,Residential,Residential,Irrigation,Expired,,,,Unknown,78660.0,30.40772949,-97.62411564,,2020,2020,No
2020-09-10,2020-09-10,Mechanical Permit,Residential,Residential,Change Out,Final,,,,8,78746.0,30.27047031,-97.79915239,Temperature Pro West Austin,2020,2020,No
2020-09-03,2020-05-19,Electrical Permit,Commercial,C- 329 Com Structures Other Than Bldg,New,Final,,1.0,1.0,7,78758.0,30.39589706,-97.72511373,Navarro Electric Inc,2020,2020,No
2020-09-08,2020-05-12,Plumbing Permit,Residential,Residential,Irrigation,Final,,,,2,78747.0,,,,2020,2020,No
2020-09-14,2020-09-12,Electrical Permit,Residential,Residential,Repair,Final,,1.0,1.0,2,78745.0,30.19071631,-97.78912178,Mtz Electric,2020,2020,No
2020-08-27,2019-12-09,Mechanical Permit,Residential,R- 102 Secondary Apartment,New,Final,,1.0,2.0,1,78721.0,30.27597098,-97.68690599,Capital One Enterprises,2020,2020,No
2020-09-15,2019-07-24,Building Permit,Residential,R- 434 Addition & Alterations,Addition and Remodel,Expired,160000.0,1.0,2.0,10,78730.0,30.3814165,-97.8280634,Stain Construction,2020,2020,Yes
2020-09-18,2020-05-11,Building Permit,Residential,R- 103 Two Family Bldgs,New,Final,0.0,2.0,2.0,1,78721.0,30.2821504,-97.69073905,Fortunate Foundation,2020,2020,No
2020-09-29,2020-07-01,Building Permit,Residential,R- 434 Addition & Alterations,Addition and Remodel,Final,160000.0,1.0,2.0,10,78703.0,30.31301184,-97.76802823,Hb Construction,2020,2020,Yes
2020-09-23,2020-09-23,Plumbing Permit,Commercial,Commercial,New,Final,,84.0,4.0,Unknown,78681.0,30.4746288,-97.68919652,,2020,2020,No
2020-09-25,2020-05-22,Building Permit,Residential,R- 101 Single Family Houses,New,Final,185000.0,1.0,1.0,3,78702.0,30.26865692,-97.70115278,A Vision General Contractors Llc,2020,2020,Yes
2020-09-16,2020-08-24,Plumbing Permit,Residential,R- 101 Single Family Houses,New,Final,,1.0,1.0,1,78653.0,30.29570296,-97.55706153,,2020,2020,No
2020-09-18,2020-09-18,Building Permit,Residential,R- 435 Renovations/Remodel,Repair,Final,2817.0,1.0,1.0,8,78736.0,30.24160603,-97.89798463,Home Depot Usa Inc,2020,2020,Yes
2020-09-08,2020-09-03,Plumbing Permit,Residential,Residential,Irrigation,Final,,,,Unknown,78660.0,30.40754682,-97.62536466,,2020,2020,No
2020-09-16,2020-08-24,Electrical Permit,Commercial,Commercial,Upgrade,Final,,1.0,1.0,2,78744.0,30.20944263,-97.71608825,Beltran Electric,2020,2020,No
2020-09-14,2020-09-09,Building Permit,Residential,R- 435 Renovations/Remodel,Repair,Final,12875.0,1.0,1.0,6,78759.0,30.43132486,-97.77431823,Eurocraft Exteriors Llc,2020,2020,Yes
2020-09-23,2020-04-03,Mechanical Permit,Commercial,C-1001 Commercial Finish Out,Remodel,Expired,,1.0,1.0,9,78723.0,30.30246764,-97.70546692,"Hc Beck, Ltd.",2020,2020,No
2020-09-02,2020-07-29,Plumbing Permit,Residential,Residential,Change Out,Expired,,,,8,78749.0,30.22105875,-97.87909918,"Stan'S Heating, Air, & Plumbing",2020,2020,No
2020-08-31,2020-08-31,Electrical Permit,Commercial,Commercial,Repair,Final,,1.0,1.0,10,78759.0,30.43105179,-97.7643659,Dynamic Electrical Service,2020,2020,No
2020-09-30,2020-09-25,Plumbing Permit,Residential,Residential,Change Out,Expired,,,,9,78751.0,30.30492539,-97.73170574,Strand Brothers Service Experts,2020,2020,No
2020-09-18,2020-05-15,Mechanical Permit,Residential,R- 101 Single Family Houses,New,Final,,1.0,2.0,3,78704.0,30.23812668,-97.75723331,,2020,2020,No
2020-09-16,2020-09-01,Building Permit,Residential,R- 435 Renovations/Remodel,Repair,Expired,2000.0,1.0,1.0,10,78759.0,30.3855715,-97.74981723,Urban Building Services Of Texas Llc,2020,2020,Yes
2020-09-29,2020-09-28,Electrical Permit,Residential,Residential,Repair,Final,,1.0,1.0,10,78730.0,30.37007902,-97.82113568,Lackey Electric,2020,2020,No
2020-09-23,2020-09-22,Mechanical Permit,Residential,Residential,Change Out,Final,,,,5,78748.0,30.17776735,-97.80394183,"Firefly Comfort Systems, Llc",2020,2020,No
2020-09-14,2020-06-29,Electrical Permit,Residential,R- 329 Res Structures Other Than Bldg,New,Final,,1.0,1.0,8,78739.0,30.17271877,-97.90728884,S&J Carey Electric,2020,2020,No
2020-09-03,2020-06-22,Mechanical Permit,Residential,R- 101 Single Family Houses,New,Final,,1.0,1.0,1,78653.0,,,"Stan'S Heating, Air, Plumbing, & Electrical",2020,2020,No
2020-09-28,2020-08-18,Plumbing Permit,Residential,R- 101 Single Family Houses,New,Final,,1.0,2.0,8,78652.0,30.17057434,-97.92071572,,2020,2020,No
2020-09-24,2020-09-11,Building Permit,Commercial,C- 649 Demolition All Other Bldgs Com,Demolition,Final,0.0,1.0,1.0,7,78757.0,30.3403155,-97.73055156,Bartlett Cocke General Contractors (Main),2020,2020,No
2020-09-16,2020-09-16,Electrical Permit,Commercial,Commercial,Repair,Final,,1.0,1.0,1,78723.0,,,Prism Electric Inc,2020,2020,No
2020-09-15,2019-08-06,Mechanical Permit,Commercial,C- 105 Five or More Family Bldgs,New,Final,,39.0,4.0,1,78723.0,,,L & S Mechanical Llc,2020,2020,No
2020-09-30,2020-04-09,Plumbing Permit,Residential,Residential,Irrigation,Final,,,,1,78724.0,30.32044508,-97.65540991,,2020,2020,No
2020-08-28,2020-02-26,Plumbing Permit,Residential,Residential,Irrigation,Final,,,,1,78660.0,30.39239027,-97.61345176,,2020,2020,No
2020-08-28,2019-08-28,Plumbing Permit,Residential,R- 329 Res Structures Other Than Bldg,New,Final,,1.0,1.0,3,78702.0,30.25722372,-97.71767292,P & P Plumbing,2020,2020,No
2020-09-03,2019-05-31,Mechanical Permit,Commercial,C- 321 Pkg Garage Bldg & Open Deck,New,Final,,1.0,5.0,9,78701.0,,,Airco Mechanical,2020,2020,No
2020-09-22,2020-08-31,Mechanical Permit,Residential,Residential,Change Out,Final,,,,8,78746.0,30.27204279,-97.81082547,Abc Home And Commercial Services,2020,2020,No
2020-09-01,2020-08-26,Building Permit,Residential,R- 101 Single Family Houses,New,Final,254990.0,1.0,2.0,2,78747.0,30.13426458,-97.7631429,"Milestone Community Builders, Llc(Main)",2020,2020,Yes
2020-09-02,2020-08-11,Building Permit,Commercial,C-1000 Commercial Remodel,Remodel,Final,,1.0,1.0,5,78704.0,30.22862841,-97.78203255,Glotel Inc,2020,2020,No
2020-09-09,2020-09-08,Plumbing Permit,Residential,Residential,Repair,Final,,1.0,1.0,10,78703.0,30.28541309,-97.75737205,Buffy'S Plumbing,2020,2020,No
2020-09-10,2020-09-08,Mechanical Permit,Residential,Residential,Change Out,Final,,,,8,78746.0,30.26248979,-97.80950675,Service Wizard Llc,2020,2020,No
2020-09-24,2020-06-09,Mechanical Permit,Residential,R- 101 Single Family Houses,New,Final,,1.0,1.0,1,78653.0,30.29284338,-97.55278894,Air Temp Solutions,2020,2020,No
2020-09-04,2020-02-04,Electrical Permit,Residential,R- 438 Residential Garage/Carport Addn,New,Final,,1.0,1.0,4,78752.0,30.3324842,-97.71995409,American Electric,2020,2020,No
2020-09-02,2020-06-04,Plumbing Permit,Residential,R- 101 Single Family Houses,New,Final,,1.0,1.0,1,78660.0,30.39929714,-97.61399619,Christianson Plumbing,2020,2020,No
2020-09-22,2019-06-11,Mechanical Permit,Commercial,C- 105 Five or More Family Bldgs,New,Final,,22.0,3.0,1,78754.0,30.38480118,-97.64920025,Encore Mechanical,2020,2020,No
2020-09-24,2020-08-07,Electrical Permit,Residential,Residential,Repair,Final,,0.0,0.0,1,78724.0,30.2869939,-97.64066626,Allen Bebee Electric,2020,2020,No
2020-09-29,2020-02-12,Building Permit,Commercial,C- 328 Commercial Other Nonresident Bldg,New,Final,25000000.0,1.0,1.0,1,78753.0,30.39691534,-97.67091403,"Embrey Builders, Llc",2020,2020,Yes
2020-09-10,2019-11-25,Building Permit,Residential,R- 434 Addition & Alterations,Addition and Remodel,Expired,0.0,1.0,1.0,5,78745.0,30.21056616,-97.80319068,,2020,2020,No
2020-09-25,2019-05-10,Plumbing Permit,Residential,Residential,Irrigation,Final,,,,7,78757.0,,,,2020,2020,No
2020-08-28,2020-08-24,Mechanical Permit,Residential,Residential,Change Out,Expired,,,,10,78730.0,30.36724358,-97.84782345,,2020,2020,No
2020-09-04,2020-09-03,Mechanical Permit,Residential,Residential,Change Out,Final,,,,5,78744.0,30.15816349,-97.78219305,Service Wizard Llc,2020,2020,No
2020-09-10,2020-07-01,Mechanical Permit,Residential,R- 101 Single Family Houses,New,Final,,1.0,1.0,2,78747.0,30.13507059,-97.76698806,,2020,2020,No
2020-09-14,2020-08-18,Building Permit,Residential,R- 438 Residential Retaining Wall,New,Final,0.0,,,10,78732.0,30.37153388,-97.91209156,Kero Construction Llc,2020,2020,No
2020-09-17,2020-07-31,Plumbing Permit,Residential,R- 101 Single Family Houses,New,Final,,1.0,2.0,2,78744.0,30.15819919,-97.72312846,Mustang Plumbing,2020,2020,No
2020-09-18,2020-09-16,Plumbing Permit,Residential,Residential,Repair,Final,,1.0,1.0,10,78750.0,30.3930642,-97.80242769,,2020,2020,No
2020-08-28,2020-08-26,Electrical Permit,Residential,Residential,Upgrade,Final,,1.0,1.0,Unknown,78724.0,30.25671933,-97.57507254,Adt Solar Llc,2020,2020,No
2020-08-27,2020-06-19,Electrical Permit,Commercial,C-1000 Commercial Remodel,Remodel,Final,,1.0,1.0,8,78749.0,30.226988,-97.83174603,"Rose Electric, Inc.",2020,2020,No
2020-09-09,2019-10-08,Electrical Permit,Commercial,Sign Permit,Billboard,Expired,,,,Unknown,78724.0,30.25963195,-97.61470138,Atwater Burger Llc Dba Mend Services,2020,2020,No
2020-09-22,2020-08-31,Plumbing Permit,Residential,Residential,Repair,Final,,1.0,1.0,4,78757.0,,,Texas Plumbing Services Llc Dba Good Flow Plumbing,2020,2020,No
2020-09-03,2020-09-02,Electrical Permit,Residential,Residential,Repair,Final,,1.0,1.0,Unknown,78617.0,30.16238474,-97.63465212,"Austin Lanehart Electric Co., Inc.",2020,2020,No
2020-08-31,2020-08-28,Electrical Permit,Residential,Residential,Repair,Expired,,1.0,1.0,Unknown,78738.0,30.31781549,-97.96969162,"Austin Lanehart Electric Co., Inc.",2020,2020,No
2020-09-03,2020-09-03,Mechanical Permit,Residential,Residential,Change Out,Final,,,,10,78730.0,,,"Stan'S Heating, Air, Plumbing, & Electrical",2020,2020,No
2020-09-28,2020-09-27,Electrical Permit,Residential,Residential,Upgrade,Final,,1.0,1.0,6,78750.0,30.44105277,-97.80960117,Silver'S Electric,2020,2020,No
2020-09-04,2020-09-03,Plumbing Permit,Residential,Residential,Repair,Expired,,1.0,0.0,Unknown,78729.0,30.45894475,-97.77616259,Liberty Hill Plumbing,2020,2020,No
2020-09-28,2020-09-25,Electrical Permit,Residential,Residential,New,Final,,1.0,1.0,Unknown,78660.0,30.40694173,-97.62393152,,2020,2020,No
2020-09-29,2020-09-28,Electrical Permit,Commercial,Sign Permit,Wall,Expired,,,,7,78758.0,30.3947183,-97.7228708,,2020,2020,No
2020-09-30,2020-09-28,Building Permit,Residential,R- 435 Renovations/Remodel,Repair,Final,50000.0,1.0,1.0,8,78749.0,30.21055916,-97.84961612,Market Properties Lp.,2020,2020,Yes
2020-09-11,2019-11-18,Mechanical Permit,Commercial,Commercial,Change Out,Final,,,,6,78727.0,30.4185773,-97.74321085,,2020,2020,No
2020-09-11,2019-06-14,Plumbing Permit,Commercial,C- 327 Stores & Customer Services,New,Final,,1.0,1.0,7,78753.0,,,Superflame Plumbing Company,2020,2020,No
2020-09-18,2020-09-17,Mechanical Permit,Residential,Residential,Change Out,Final,,,,1,78752.0,30.32854382,-97.68408159,,2020,2020,No
2020-09-22,2020-09-19,Mechanical Permit,Residential,Residential,Change Out,Final,,,,2,78617.0,30.17544417,-97.61738646,American Residential Services (Ars),2020,2020,No
2020-09-14,2020-09-09,Plumbing Permit,Residential,Residential,Repair,Final,,1.0,0.0,6,78726.0,30.43450249,-97.82536628,Economy Plumbing,2020,2020,No
2020-09-29,2020-09-29,Electrical Permit,Residential,Residential,Auxiliary Power,Final,,1.0,1.0,10,78730.0,30.36491609,-97.85105189,,2020,2020,No
2020-09-03,2020-08-28,Mechanical Permit,Residential,Residential,Change Out,Expired,,,,7,78757.0,30.36350238,-97.73319581,Trusted Heating And Cooling Llc,2020,2020,No
2020-09-16,2020-09-14,Electrical Permit,Residential,Residential,Repair,Final,,1.0,1.0,1,78653.0,30.29570296,-97.55706153,"Austin Lanehart Electric Co., Inc.",2020,2020,No
2020-09-15,2020-09-03,Electrical Permit,Residential,Residential,New,Final,,1.0,1.0,Unknown,78724.0,30.26265809,-97.58751966,Landmark Electric,2020,2020,No
2020-09-15,2020-07-21,Electrical Permit,Residential,R- 101 Single Family Houses,New,Final,,1.0,2.0,6,78717.0,30.47640198,-97.78270402,"In Charge Electrical Services, Llc",2020,2020,No
2020-09-21,2020-07-21,Building Permit,Residential,R- 434 Addition & Alterations,Addition and Remodel,Final,38000.0,1.0,1.0,5,78745.0,30.21760294,-97.78703285,Legacy Holdings,2020,2020,Yes
2020-09-08,2020-07-23,Building Permit,Residential,R- 101 Single Family Houses,New,Final,200550.0,1.0,2.0,1,78660.0,30.40082296,-97.61487332,D R Horton Homes,2020,2020,Yes
2020-09-03,2020-09-01,Mechanical Permit,Residential,Residential,Change Out,Expired,,,,1,78723.0,30.3077136,-97.66358965,,2020,2020,No
2020-09-11,2020-04-08,Plumbing Permit,Residential,R- 434 Addition & Alterations,Addition and Remodel,Final,,1.0,1.0,9,78751.0,30.31940544,-97.72951147,Priscilla Plumbing Company,2020,2020,No
2020-09-08,2020-09-04,Electrical Permit,Residential,Residential,Repair,Final,,1.0,1.0,Unknown,78732.0,30.38829771,-97.87784993,"In Charge Electrical Services, Llc",2020,2020,No
2020-08-28,2020-08-27,Plumbing Permit,Residential,Residential,Irrigation,Final,,,,1,78660.0,30.39210195,-97.6139929,,2020,2020,No
2020-09-22,2020-08-13,Building Permit,Residential,R- 329 Res Structures Other Than Bldg,New,Expired,69000.0,1.0,1.0,5,78748.0,30.17988051,-97.80844813,Premier Pools & Spa,2020,2020,Yes
2020-09-16,2020-08-03,Plumbing Permit,Residential,Residential,Change Out,Expired,,,,6,78750.0,30.42733431,-97.79412987,Plumb Masters Llc,2020,2020,No
2020-09-11,2020-09-10,Mechanical Permit,Residential,Residential,Change Out,Expired,,,,10,78731.0,30.36044229,-97.77165406,,2020,2020,No
2020-08-31,2020-02-14,Electrical Permit,Commercial,C-1000 Commercial Remodel,Remodel,Final,,1.0,1.0,4,78757.0,30.36586417,-97.71989644,Competent Electrical Service,2020,2020,No
2020-09-21,2020-02-28,Building Permit,Commercial,C- 328 Commercial Other Nonresident Bldg,New,Final,35000000.0,1.0,1.0,6,78717.0,,,Oht Construction Llc ***Main***,2020,2020,Yes
2020-09-11,2020-09-10,Plumbing Permit,Residential,Residential,New,Final,,1.0,1.0,Unknown,78728.0,30.4636366,-97.67792217,Victory Plumbing Company,2020,2020,No
2020-09-02,2020-09-02,Electrical Permit,Commercial,Sign Permit,Wall,Final,,,,3,78741.0,30.23358122,-97.68592007,,2020,2020,No
2020-09-15,2020-09-03,Electrical Permit,Residential,Residential,New,Final,,1.0,1.0,Unknown,78724.0,30.26280591,-97.58825687,Landmark Electric,2020,2020,No
2020-09-29,2020-06-24,Mechanical Permit,Residential,R- 101 Single Family Houses,New,Final,,1.0,2.0,1,78660.0,30.40274743,-97.61444463,Christianson Plumbing & Air Co,2020,2020,No
2020-09-22,2020-09-16,Mechanical Permit,Residential,Residential,Change Out,Final,,,,8,78749.0,30.20941418,-97.88225754,Blue Sky Heating And Air,2020,2020,No
2020-09-25,2020-09-22,Plumbing Permit,Residential,Residential,Repair,Expired,,0.0,1.0,1,78660.0,30.39226805,-97.6219707,,2020,2020,No
2020-09-22,2020-07-09,Plumbing Permit,Residential,R- 101 Single Family Houses,New,Final,,1.0,2.0,2,78744.0,30.15429946,-97.71680922,Victory Plumbing Company,2020,2020,No
2020-09-09,2020-09-01,Mechanical Permit,Residential,Residential,Change Out,Final,,,,8,78736.0,30.23652984,-97.88302635,American Residential Services (Ars),2020,2020,No
2020-09-15,2020-09-11,Electrical Permit,Residential,Residential,Auxiliary Power,Final,,1.0,1.0,Unknown,78660.0,30.42235568,-97.64121049,Chargestore Llc,2020,2020,No
2020-09-01,2020-08-31,Mechanical Permit,Residential,Residential,Change Out,Expired,,,,6,78717.0,30.49732465,-97.77127835,"Stan'S Heating, Air, Plumbing, & Electrical",2020,2020,No
2020-09-14,2020-06-01,Plumbing Permit,Commercial,C-1000 Commercial Remodel,Remodel,Final,,6.0,2.0,2,78744.0,30.1996283,-97.73520938,Flint & Associates Llc,2020,2020,No
2020-08-27,2020-08-27,Plumbing Permit,Residential,Residential,Repair,Final,,1.0,1.0,10,78756.0,30.31561319,-97.7428394,"Tough Guy Plumbing, Llc",2020,2020,No
2020-09-21,2020-09-16,Electrical Permit,Commercial,Sign Permit,Wall,Expired,,,,5,78745.0,30.20656318,-97.81288674,,2020,2020,No
2020-09-14,2020-09-11,Building Permit,Residential,R- 435 Renovations/Remodel,Repair,Final,1818.0,1.0,1.0,2,78745.0,30.19165964,-97.78207161,Home Depot Usa Inc,2020,2020,Yes
2020-09-02,2020-09-01,Mechanical Permit,Residential,Residential,Change Out,Expired,,,,3,78704.0,30.24400303,-97.76498635,,2020,2020,No
2020-09-10,2020-03-25,Plumbing Permit,Residential,Residential,Irrigation,Final,,,,1,78754.0,30.35700341,-97.66544123,,2020,2020,No
2020-09-29,2020-08-24,Building Permit,Residential,R- 101 Single Family Houses,New,Final,231030.0,1.0,2.0,1,78754.0,30.34988458,-97.60319874,Rsi Communities (Do Not Use),2020,2020,Yes
2020-09-14,2020-09-01,Electrical Permit,Residential,R- 101 Single Family Houses,New,Final,,1.0,2.0,1,78653.0,,,"Austin Lanehart Electric Co., Inc.",2020,2020,No
2020-09-15,2020-09-11,Plumbing Permit,Residential,Residential,Repair,Expired,,1.0,1.0,10,78750.0,30.39445039,-97.8004782,Salty Dog Plumbing Services Llc,2020,2020,No
2020-09-29,2020-09-28,Electrical Permit,Commercial,Sign Permit,Wall,Final,,,,1,78660.0,,,,2020,2020,No
2020-09-28,2020-09-25,Electrical Permit,Residential,Residential,New,Final,,1.0,1.0,Unknown,78738.0,,,Dan Hernandez Electric Lp,2020,2020,No
2020-09-30,2020-02-28,Mechanical Permit,Residential,R- 101 Single Family Houses,New,Final,,1.0,2.0,1,78721.0,30.27998724,-97.69641364,,2020,2020,No
2020-09-03,2020-06-25,Plumbing Permit,Residential,R- 330  Accessory Use to Primary,New,Final,,1.0,2.0,10,78703.0,30.30037225,-97.77660824,,2020,2020,No
2020-09-25,2020-06-04,Driveway / Sidewalks,Residential,Res. Driveway & Sidewalk,New,Final,,,,1,78660.0,30.39926641,-97.61345449,D R Horton Homes,2020,2020,No
2020-09-29,2020-07-01,Electrical Permit,Residential,R- 101 Single Family Houses,New,Final,,1.0,2.0,10,78703.0,30.29936053,-97.7755257,Nalle Custom Homes,2020,2020,No
2020-09-09,2019-04-24,Driveway / Sidewalks,Residential,Res. Sidewalk,New,Final,,,,1,78724.0,30.29212256,-97.64128066,Intown Homes Ltd,2020,2020,No
2020-08-31,2019-07-15,Driveway / Sidewalks,Commercial,"Com. Driveway,Sidewalk,Curb,Gutter",New,Final,,,,4,78753.0,30.3447253,-97.70042168,Journeyman Construction,2020,2020,No
2020-09-01,2020-05-21,Mechanical Permit,Commercial,C-1001 Commercial Finish Out,Remodel,Final,,1.0,1.0,7,78758.0,,,Unbelievable Air,2020,2020,No
2020-09-01,2020-06-30,Building Permit,Commercial,C-1000 Commercial Remodel,Remodel,Final,,1.0,3.0,10,78746.0,30.34715945,-97.80037855,Fore Construction Inc.,2020,2020,No
2020-09-30,2020-09-28,Building Permit,Residential,R- 435 Renovations/Remodel,Repair,Final,3000.0,1.0,1.0,1,78723.0,30.31458765,-97.67912632,We Level It {Formally Centex House Leveling***Main****},2020,2020,Yes
2020-09-29,2020-06-01,Electrical Permit,Commercial,C-1000 Commercial Remodel,Remodel,Final,,6.0,2.0,2,78744.0,30.1996283,-97.73520938,Agape Electric Ltd,2020,2020,No
2020-09-11,2020-09-10,Mechanical Permit,Residential,Residential,Change Out,Final,,,,2,78744.0,30.19098301,-97.75324741,"Stan'S Heating, Air, Plumbing, & Electrical",2020,2020,No
2020-09-11,2020-09-09,Plumbing Permit,Residential,Residential,Repair,Final,,0.0,0.0,8,78739.0,30.19703145,-97.89097768,Christianson Plumbing,2020,2020,No
2020-09-04,2020-08-26,Mechanical Permit,Residential,Residential,Change Out,Final,,,,10,78759.0,30.37552029,-97.76302527,Mccullough Heating & Air,2020,2020,No
2020-09-11,2020-09-01,Building Permit,Residential,R- 435 Renovations/Remodel,Repair,Final,800.0,1.0,1.0,10,78759.0,30.41172862,-97.76165684,Suttin Construction,2020,2020,Yes
2020-08-28,2020-08-27,Plumbing Permit,Residential,Residential,Irrigation,Final,,,,Unknown,78728.0,30.46440628,-97.68109502,,2020,2020,No
2020-09-30,2020-09-28,Plumbing Permit,Residential,Residential,Repair,Final,,1.0,1.0,2,78745.0,30.19789333,-97.79557227,Austin Facility Services,2020,2020,No
2020-09-28,2019-09-26,Building Permit,Residential,R- 434 Addition & Alterations,Addition and Remodel,Final,100000.0,1.0,2.0,1,78702.0,30.26560167,-97.71755684,Zach Of All Trades Contractors,2020,2020,Yes
2020-09-04,2020-08-28,Electrical Permit,Residential,Residential,Special Inspections Program,Final,,,,10,78730.0,30.37587481,-97.81767312,Grayzer Electric Llc,2020,2020,No
2020-08-28,2020-06-23,Driveway / Sidewalks,Residential,Res. Driveway & Sidewalk,New,Final,,,,1,78724.0,30.32130943,-97.65504987,Kb Home,2020,2020,No
2020-09-25,2019-07-02,Plumbing Permit,Residential,R- 101 Single Family Houses,New,Final,,1.0,2.0,9,78751.0,,,General Plumbing Services,2020,2020,No
2020-09-28,2020-07-31,Electrical Permit,Residential,R- 329 Res Structures Other Than Bldg,New,Expired,,0.0,0.0,6,78717.0,30.49234368,-97.76177838,Economy Electric,2020,2020,No
2020-09-02,2020-05-14,Mechanical Permit,Residential,R- 101 Single Family Houses,New,Final,,1.0,1.0,1,78660.0,30.39973242,-97.61338106,Christianson Plumbing & Air Co,2020,2020,No
2020-09-04,2020-06-10,Mechanical Permit,Residential,R- 434 Addition & Alterations,Addition and Remodel,Final,,1.0,1.0,4,78723.0,30.31310344,-97.70399803,Jim Gray'S Heating And Cooling,2020,2020,No
2020-09-10,2020-09-03,Mechanical Permit,Residential,Residential,Change Out,Final,,,,9,78722.0,30.29088539,-97.70987382,A-Plus Energy Management,2020,2020,No
2020-09-15,2019-08-06,Mechanical Permit,Commercial,C- 105 Five or More Family Bldgs,New,Final,,36.0,4.0,1,78723.0,,,L & S Mechanical Llc,2020,2020,No
2020-09-14,2019-05-24,Plumbing Permit,Residential,R- 434 Addition & Alterations,Addition and Remodel,Active,,1.0,1.0,7,78757.0,30.33576117,-97.73178419,Plumbing Outfitters Llc,2020,2020,No
2020-09-18,2020-09-15,Mechanical Permit,Residential,Residential,Change Out,Final,,,,10,78703.0,30.28604372,-97.77003161,Service Wizard Llc,2020,2020,No
2020-09-14,2020-08-18,Plumbing Permit,Residential,Residential,Change Out,Final,,,,7,78756.0,30.32044739,-97.74879014,Plumb Masters Llc,2020,2020,No
2020-09-01,2020-07-09,Plumbing Permit,Commercial,C-1000 Commercial Remodel,Remodel,Final,,1.0,1.0,7,78758.0,30.39131301,-97.71839764,Stellar Plumbing Inc,2020,2020,No
2020-09-02,2020-09-02,Electrical Permit,Commercial,Sign Permit,Wall,Expired,,,,4,78758.0,30.37721803,-97.68944712,,2020,2020,No
2020-08-31,2020-04-14,Building Permit,Residential,R- 329 Res Structures Other Than Bldg,New,Final,55917.0,1.0,0.0,10,78759.0,30.37064161,-97.75167943,"Gary'S Pool & Patio, Llc",2020,2020,Yes
2020-09-03,2020-09-01,Electrical Permit,Residential,Residential,Special Inspections Program,Final,,,,5,78704.0,30.25856107,-97.76886032,,2020,2020,No
2020-09-28,2020-09-23,Plumbing Permit,Residential,Residential,Change Out,Final,,,,8,78735.0,30.24670603,-97.87156385,Roto- Rooter Service Co,2020,2020,No
2020-08-27,2020-08-26,Mechanical Permit,Residential,Residential,Change Out,Final,,,,8,78749.0,30.23026741,-97.87283483,,2020,2020,No
2020-09-03,2020-09-03,Plumbing Permit,Commercial,Commercial,New,Final,,1.0,1.0,Unknown,78681.0,30.47547233,-97.68795402,6B Plumbing,2020,2020,No
2020-09-17,2020-09-14,Plumbing Permit,Residential,Residential,Cut Over/Tank Abandonment,Final,,,,1,78753.0,30.36780704,-97.67445174,P & P Plumbing,2020,2020,No
2020-08-28,2019-11-25,Plumbing Permit,Residential,Residential,Repair,Final,,1.0,1.0,9,78705.0,30.29962784,-97.73779147,Mustang Plumbing,2020,2020,No
2020-09-29,2020-02-12,Building Permit,Commercial,C- 329 Com Structures Other Than Bldg,New,Final,25000000.0,1.0,1.0,1,78753.0,30.39691534,-97.67091403,"Embrey Builders, Llc",2020,2020,Yes
2020-09-28,2020-07-09,Building Permit,Residential,R- 101 Single Family Houses,New,Final,500000.0,1.0,2.0,5,78745.0,30.22360818,-97.78184845,,2020,2020,Yes
2020-09-10,2020-07-13,Electrical Permit,Residential,R- 101 Single Family Houses,New,Final,,1.0,2.0,1,78724.0,30.28847272,-97.6436358,,2020,2020,No
2020-09-22,2020-08-13,Building Permit,Commercial,C-1000 Commercial Remodel,Remodel,Expired,,0.0,3.0,9,78704.0,30.24793022,-97.74951781,The Church On Congress Avenue,2020,2020,No
2020-08-27,2020-07-06,Electrical Permit,Commercial,C-1000 Commercial Remodel,Remodel,Final,,1.0,1.0,5,78748.0,30.18508663,-97.8162613,Seal Electrical Services,2020,2020,No
2020-09-16,2019-12-18,Plumbing Permit,Residential,Residential,Irrigation,Final,,,,2,78744.0,30.14666779,-97.7226234,,2020,2020,No
2020-09-02,2020-08-26,Building Permit,Residential,R- 435 Renovations/Remodel,Repair,Final,15000.0,1.0,1.0,2,78745.0,30.19678481,-97.79431593,Market Properties Lp.,2020,2020,Yes
2020-09-23,2020-09-22,Electrical Permit,Residential,Residential,Auxiliary Power,Final,,1.0,1.0,Unknown,78660.0,,,"Solstema, Llc",2020,2020,No
2020-08-28,2020-08-27,Electrical Permit,Residential,Residential,Repair,Final,,1.0,1.0,2,78744.0,30.15869816,-97.72399485,"In Charge Electrical Services, Llc",2020,2020,No
2020-09-10,2020-09-09,Plumbing Permit,Residential,Residential,Irrigation,Final,,,,10,78759.0,30.41045338,-97.76527339,,2020,2020,No
2020-08-31,2020-02-28,Building Permit,Residential,R- 103 Two Family Bldgs,New,Final,1.0,2.0,2.0,5,78704.0,,,"Gold Key Builders, Inc",2020,2020,Yes
2020-09-28,2020-09-23,Plumbing Permit,Commercial,Commercial,Change Out,Final,,,,2,78745.0,30.19590211,-97.77236619,,2020,2020,No
2020-09-28,2020-08-17,Building Permit,Residential,R- 101 Single Family Houses,New,Final,0.0,1.0,3.0,3,78704.0,,,Mag Construction Management Llc,2020,2020,No
2020-09-25,2020-07-27,Electrical Permit,Residential,R- 329 Res Structures Other Than Bldg,New,Final,,1.0,1.0,8,78739.0,30.18106367,-97.90239746,Malco Electric,2020,2020,No
2020-09-08,2020-06-08,Electrical Permit,Commercial,C- 325 Public Works & Utilities Bldgs,New,Final,,1.0,2.0,8,78735.0,30.23744437,-97.83864629,Beckett Electrical Services,2020,2020,No
2020-09-14,2020-09-11,Mechanical Permit,Residential,Residential,Change Out,Expired,,,,6,78750.0,30.44917356,-97.8102551,,2020,2020,No
2020-09-03,2020-06-05,Electrical Permit,Commercial,C- 329 Com Structures Other Than Bldg,New,Final,,1.0,1.0,3,78745.0,30.21656061,-97.76746727,D.A.S Electric,2020,2020,No
2020-09-14,2019-02-13,Electrical Permit,Commercial,C-1000 Commercial Remodel,Remodel,Final,,59.0,2.0,4,78752.0,30.32915471,-97.70400447,,2020,2020,No
2020-08-27,2020-08-26,Mechanical Permit,Residential,Residential,Change Out,Expired,,,,10,78731.0,30.36352117,-97.76099803,,2020,2020,No
2020-09-16,2020-06-23,Mechanical Permit,Residential,R- 101 Single Family Houses,New,Final,,1.0,2.0,1,78653.0,,,"Stan'S Heating, Air, Plumbing, & Electrical",2020,2020,No
2020-09-25,2020-05-13,Plumbing Permit,Residential,Residential,Irrigation,Final,,,,2,78747.0,30.13729188,-97.76077784,,2020,2020,No
2020-09-09,2020-09-08,Electrical Permit,Residential,Residential,Repair,Final,,1.0,1.0,Unknown,78746.0,30.30686794,-97.81464445,Bill Lewis Electric Inc.,2020,2020,No
2020-09-30,2020-09-29,Electrical Permit,Commercial,Sign Permit,Wall,Expired,,,,9,78701.0,30.27944835,-97.74158536,,2020,2020,No
2020-09-23,2019-11-27,Building Permit,Residential,R- 101 Single Family Houses,New,Final,0.0,1.0,2.0,5,78745.0,30.21896991,-97.78123309,Patriot Builders***Main**,2020,2020,No
2020-09-29,2020-07-17,Building Permit,Residential,R- 329 Res Structures Other Than Bldg,New,Final,30000.0,1.0,0.0,5,78704.0,30.2565492,-97.77016516,Ivan Spaller,2020,2020,Yes
2020-09-03,2020-09-02,Plumbing Permit,Residential,Residential,Irrigation,Final,,,,5,78745.0,30.20180601,-97.81292852,,2020,2020,No
2020-09-01,2020-02-05,Building Permit,Residential,R- 102 Secondary Apartment,New,Final,100000.0,1.0,1.0,9,78704.0,,,"Haylou Builders, Llc (Main)",2020,2020,Yes
2020-09-11,2020-08-24,Plumbing Permit,Commercial,"C- 437 Addn, Alter, Convn-NonRes",Shell,Expired,,1.0,1.0,4,78753.0,,,Torres Plumbing,2020,2020,No
2020-09-24,2020-09-18,Electrical Permit,Residential,Residential,Auxiliary Power,Final,,1.0,1.0,2,78744.0,,,"Solstema, Llc",2020,2020,No
2020-09-10,2020-09-02,Electrical Permit,Residential,Residential,Upgrade,Final,,1.0,1.0,7,78756.0,30.32667383,-97.73475898,Economy Electric,2020,2020,No
2020-08-31,2020-08-31,Electrical Permit,Residential,Residential,Repair,Final,,1.0,1.0,Unknown,78660.0,,,Allen Bebee Electric,2020,2020,No
2020-09-17,2020-02-25,Building Permit,Residential,R- 434 Addition & Alterations,Addition and Remodel,Final,115000.0,1.0,1.0,5,78704.0,30.26137957,-97.76581043,Monrreal Construction Inc.,2020,2020,Yes
2020-09-18,2020-09-16,Electrical Permit,Commercial,Commercial,Repair,Final,,1.0,1.0,7,78758.0,30.39937682,-97.70828279,Beltran Electric,2020,2020,No
2020-08-31,2020-08-21,Plumbing Permit,Residential,R- 435 Renovations/Remodel,Repair,Final,,1.0,1.0,5,78745.0,30.22062588,-97.7960581,Austin Pro Plumbing,2020,2020,No
2020-09-24,2020-04-02,Mechanical Permit,Residential,R- 102 Secondary Apartment,New,Final,,1.0,2.0,3,78741.0,30.24114501,-97.69446499,,2020,2020,No
2020-09-25,2020-09-22,Plumbing Permit,Commercial,Commercial,Repair,Final,,,0.0,7,78753.0,30.41563344,-97.65803337,Deleon'S Plumbing,2020,2020,No
2020-08-28,2020-08-14,Building Permit,Residential,R- 435 Renovations/Remodel,Repair,Final,9000.0,1.0,1.0,5,78748.0,30.17799465,-97.8228942,Statewide Remodeling Of Austin *Main*,2020,2020,Yes
2020-09-14,2020-09-10,Electrical Permit,Residential,Residential,Auxiliary Power,Final,,1.0,1.0,2,78744.0,30.20276203,-97.69384475,"Solstema, Llc",2020,2020,No
2020-08-27,2020-01-28,Plumbing Permit,Commercial,C- 105 Five or More Family Bldgs,New,Final,,100.0,4.0,6,78717.0,30.4809672,-97.80172818,Mechanical Systems,2020,2020,No
2020-09-01,2020-07-31,Plumbing Permit,Residential,R- 101 Single Family Houses,New,Final,,1.0,2.0,2,78744.0,30.15857874,-97.7232638,Mustang Plumbing,2020,2020,No
2020-08-27,2020-03-26,Electrical Permit,Residential,R- 434 Addition & Alterations,Addition and Remodel,Final,,1.0,0.0,10,78703.0,30.30199047,-97.76881249,"Washburn Electric,Llc",2020,2020,No
2020-09-18,2020-09-17,Mechanical Permit,Residential,Residential,Change Out,Final,,,,5,78745.0,30.21417163,-97.80568978,Mccullough Heating & Air,2020,2020,No
2020-08-27,2020-08-21,Mechanical Permit,Residential,Residential,Repair,Final,,0.0,0.0,1,78724.0,30.29222184,-97.65192067,"Air Pro, Inc.",2020,2020,No
2020-09-01,2020-08-31,Mechanical Permit,Commercial,Commercial,Change Out,Final,,,,3,78741.0,30.23496305,-97.7183772,Service Wizard Llc,2020,2020,No
2020-09-23,2019-11-27,Building Permit,Residential,R- 102 Secondary Apartment,New,Final,0.0,1.0,2.0,5,78745.0,30.21896991,-97.78123309,Patriot Builders***Main**,2020,2020,No
2020-09-01,2020-08-14,Building Permit,Commercial,C-1000 Commercial Remodel,Remodel,Final,,1.0,2.0,2,78719.0,,,T&G Corporation Dba Florida T&G Corporation Texas Division Inc,2020,2020,No
2020-09-03,2020-06-08,Mechanical Permit,Commercial,C-1000 Commercial Remodel,Remodel,Final,,1.0,1.0,3,78702.0,30.25960747,-97.71763369,Urban Air,2020,2020,No
2020-08-31,2019-10-17,Plumbing Permit,Commercial,Commercial,Repair,Final,,,,9,78705.0,30.28982121,-97.75091594,Priscilla Plumbing Company,2020,2020,No
2020-09-01,2020-04-30,Mechanical Permit,Residential,R- 101 Single Family Houses,New,Final,,1.0,2.0,1,78723.0,30.29253595,-97.67001861,,2020,2020,No
2020-09-08,2020-07-28,Mechanical Permit,Commercial,C-1000 Commercial Remodel,Remodel,Final,,1.0,1.0,7,78758.0,30.41146902,-97.70365691,Airco Mechanical,2020,2020,No
2020-09-19,2020-05-14,Driveway / Sidewalks,Residential,Res. Driveway & Sidewalk,New,Final,,,,1,78660.0,30.40030537,-97.61329192,D R Horton Homes,2020,2020,No
2020-08-30,2020-08-27,Plumbing Permit,Residential,Residential,Repair,Final,,1.0,1.0,5,78745.0,30.22047026,-97.77827036,Gotcher Plumbing,2020,2020,No
2020-09-01,2019-09-06,Plumbing Permit,Commercial,C-1001 Commercial Finish Out,Remodel,Final,,1.0,1.0,9,78701.0,30.28009737,-97.74253445,Dynamic Systems Inc.,2020,2020,No
2020-09-14,2019-05-11,Electrical Permit,Residential,R- 435 Renovations/Remodel,Repair,Final,,1.0,1.0,7,78756.0,30.32811089,-97.7352339,Matt'S Electrical Work,2020,2020,No
2020-09-23,2020-09-03,Building Permit,Residential,R- 435 Renovations/Remodel,Repair,Final,9014.0,1.0,1.0,1,78723.0,,,Power Hrg,2020,2020,Yes
2020-09-21,2020-06-23,Mechanical Permit,Commercial,C-1000 Commercial Remodel,Remodel,Final,,1.0,10.0,9,78701.0,,,,2020,2020,No
2020-09-22,2020-09-22,Electrical Permit,Commercial,Sign Permit,Wall,Final,,,,3,78745.0,30.20824917,-97.7801262,,2020,2020,No
2020-09-18,2020-04-03,Mechanical Permit,Residential,R- 434 Addition & Alterations,Addition and Remodel,Final,,1.0,1.0,10,78731.0,30.36354134,-97.76653518,Cool Atmosphere Heating And Air,2020,2020,No
2020-08-31,2020-01-22,Mechanical Permit,Residential,R- 434 Addition & Alterations,Addition and Remodel,Final,,1.0,1.0,7,78758.0,30.38493343,-97.69040936,K & E Air Conditioning & Htg Services,2020,2020,No
2020-09-21,2020-02-28,Building Permit,Commercial,C- 329 Com Structures Other Than Bldg,New,Final,35000000.0,1.0,1.0,6,78717.0,,,Oht Construction Llc ***Main***,2020,2020,Yes
2020-08-31,2020-08-24,Mechanical Permit,Residential,Residential,Change Out,Final,,,,10,78759.0,30.42245744,-97.77830481,"Sa&H Western Holdings, Llc",2020,2020,No
2020-09-08,2020-08-31,Electrical Permit,Residential,Residential,Repair,Final,,1.0,1.0,4,78752.0,30.32922405,-97.71815275,Austin Electric Company,2020,2020,No
2020-09-04,2020-08-13,Electrical Permit,Residential,Residential,Auxiliary Power,Final,,1.0,1.0,2,78747.0,30.16520852,-97.74147432,Adt Solar Llc,2020,2020,No
2020-09-16,2020-09-04,Mechanical Permit,Residential,Residential,Change Out,Final,,,,5,78704.0,30.23936502,-97.78310778,"Sa&H Western Holdings, Llc",2020,2020,No
2020-09-29,2020-05-06,Mechanical Permit,Residential,R- 101 Single Family Houses,New,Final,,1.0,1.0,1,78660.0,30.39929603,-97.61329501,Christianson Plumbing & Air Co,2020,2020,No
2020-09-29,2020-09-28,Mechanical Permit,Residential,Residential,Change Out,Final,,,,1,78753.0,30.38812083,-97.66369511,Chris Graham A/C,2020,2020,No
2020-09-23,2020-08-13,Building Permit,Residential,R- 645 Demolition One Family Homes,Demolition,Final,0.0,1.0,1.0,5,78745.0,30.22435767,-97.77888328,"Patriot Builders, Lp",2020,2020,No
2020-09-28,2018-05-14,Building Permit,Commercial,C-1000 Commercial Remodel,Remodel,Expired,,8.0,1.0,7,78758.0,30.39934526,-97.724535,Steve Hoegger & Associates,2020,2020,No
2020-08-28,2020-06-03,Plumbing Permit,Residential,R- 101 Single Family Houses,New,Final,,1.0,2.0,10,78726.0,30.43721643,-97.84001678,Victory Plumbing Company,2020,2020,No
2020-09-10,2020-09-09,Electrical Permit,Commercial,Sign Permit,Freestanding,Final,,,,8,78749.0,30.20039814,-97.87862983,,2020,2020,No
2020-09-18,2020-01-08,Plumbing Permit,Residential,Residential,Irrigation,Final,,,,2,78744.0,,,,2020,2020,No
2020-09-18,2020-04-20,Electrical Permit,Residential,R- 101 Single Family Houses,New,Final,,1.0,1.0,7,78727.0,30.42364094,-97.72813963,Willie Rivera Elec,2020,2020,No
2020-09-03,2019-10-02,Mechanical Permit,Residential,R- 101 Single Family Houses,New,Final,,1.0,2.0,1,78754.0,30.37337544,-97.65456816,,2020,2020,No
2020-09-18,2020-07-10,Electrical Permit,Residential,R- 434 Addition & Alterations,Addition and Remodel,Final,,2.0,1.0,3,78741.0,30.22193791,-97.73529335,Jorgensen Electric,2020,2020,No
2020-09-15,2020-03-04,Plumbing Permit,Residential,Residential,Irrigation,Final,,,,1,78660.0,30.39231709,-97.61402173,,2020,2020,No
2020-09-16,2020-09-01,Electrical Permit,Residential,Residential,Upgrade,Final,,1.0,1.0,4,78753.0,30.35982127,-97.67863319,"Molitor Electric, Inc.",2020,2020,No
2020-09-02,2020-09-02,Mechanical Permit,Residential,Residential,Change Out,Final,,,,4,78723.0,30.30499308,-97.69291562,,2020,2020,No
2020-08-31,2020-08-27,Mechanical Permit,Residential,Residential,Repair,Final,,0.0,0.0,3,78704.0,30.23138636,-97.7615116,Green Collar Operations Llc.,2020,2020,No
2020-09-30,2020-09-25,Building Permit,Residential,R- 101 Single Family Houses,New,Final,251515.0,1.0,2.0,Unknown,78617.0,30.16350108,-97.63515903,Kb Home,2020,2020,Yes
2020-08-31,2020-08-25,Electrical Permit,Commercial,Commercial,Repair,Final,,1.0,1.0,6,78727.0,30.43320331,-97.76577808,Solo Trade Services,2020,2020,No
2020-09-25,2020-08-17,Building Permit,Residential,R- 101 Single Family Houses,New,Final,236895.0,1.0,2.0,1,78754.0,30.34958184,-97.6029314,Rsi Communities (Do Not Use),2020,2020,Yes
2020-09-08,2020-09-02,Building Permit,Commercial,C-1000 Commercial Remodel,Remodel,Final,,1.0,1.0,4,78753.0,30.33926635,-97.69857301,Glotel Inc,2020,2020,No
2020-09-22,2020-08-28,Building Permit,Residential,R- 434 Addition & Alterations,Addition and Remodel,Final,1.0,1.0,1.0,4,78758.0,30.37071844,-97.7104585,"Wolfe Capital Investments, Llc",2020,2020,Yes
2020-09-08,2020-06-08,Mechanical Permit,Residential,R- 101 Single Family Houses,New,Final,,1.0,2.0,2,78744.0,,,,2020,2020,No
2020-09-17,2020-09-16,Electrical Permit,Residential,Residential,Upgrade,Final,,1.0,1.0,Unknown,78746.0,30.27644994,-97.80056712,"Leonard'S Electric, Llc",2020,2020,No
2020-09-16,2020-09-14,Electrical Permit,Residential,Residential,Repair,Final,,1.0,1.0,2,78744.0,30.15438244,-97.71683229,"In Charge Electrical Services, Llc",2020,2020,No
2020-09-04,2019-08-06,Building Permit,Residential,R- 330  Accessory Use to Primary,New,Final,14800.0,1.0,1.0,4,78758.0,30.36797839,-97.71177003,,2020,2020,Yes
2020-09-16,2020-07-24,Building Permit,Residential,R- 329 Res Structures Other Than Bldg,New,Final,1.0,1.0,0.0,8,78746.0,30.2735434,-97.80700288,Accredited Pools Inc,2020,2020,Yes
2020-09-16,2020-09-14,Electrical Permit,Residential,Residential,Repair,Final,,1.0,1.0,2,78744.0,30.14849243,-97.71742844,"In Charge Electrical Services, Llc",2020,2020,No
2020-09-08,2020-09-03,Mechanical Permit,Residential,Residential,Change Out,Expired,,,,5,78704.0,30.24809464,-97.77980125,,2020,2020,No
2020-09-21,2020-09-21,Electrical Permit,Residential,Residential,Auxiliary Power,Final,,1.0,1.0,6,78727.0,30.42287046,-97.73707831,,2020,2020,No
2020-09-15,2020-06-17,Mechanical Permit,Residential,R- 101 Single Family Houses,New,Final,,1.0,1.0,2,78744.0,,,,2020,2020,No
2020-09-28,2020-08-03,Building Permit,Residential,R- 101 Single Family Houses,New,Final,0.0,1.0,2.0,4,78753.0,30.34866083,-97.69866841,Roma Real Estate Of Texas Llc,2020,2020,No
2020-08-31,2020-08-04,Building Permit,Residential,R- 329 Res Structures Other Than Bldg,New,Final,63000.0,1.0,0.0,10,78731.0,30.3599211,-97.77834078,"Cody Pools, Inc. **Main",2020,2020,Yes
2020-09-21,2020-09-17,Electrical Permit,Residential,Residential,Repair,Expired,,1.0,1.0,Unknown,78617.0,30.16407894,-97.63373755,"Austin Lanehart Electric Co., Inc.",2020,2020,No
2020-09-17,2020-06-30,Electrical Permit,Commercial,"C- 324 Office, Bank & Professional Bldgs",Shell,Final,,1.0,2.0,10,78726.0,,,"Elk Electric, Inc.",2020,2020,No
2020-09-19,2020-09-12,Plumbing Permit,Residential,Residential,Irrigation,Expired,,,,3,78702.0,30.25755742,-97.71448618,,2020,2020,No
2020-09-10,2020-09-09,Mechanical Permit,Residential,Residential,Repair,Final,,0.0,0.0,Unknown,78746.0,30.28503652,-97.84465432,Green Collar Operations Llc.,2020,2020,No
2020-09-04,2019-09-12,Driveway / Sidewalks,Residential,Res. Driveway & Sidewalk,New,Final,,,,1,78754.0,30.3541439,-97.60456875,"Eht Of Texas, Lp",2020,2020,No
2020-09-16,2020-09-11,Building Permit,Residential,R- 435 Renovations/Remodel,Repair,Final,1.0,1.0,1.0,9,78703.0,30.27593217,-97.75488405,Melizondot Llc,2020,2020,Yes
2020-08-31,2020-01-13,Building Permit,Residential,R- 101 Single Family Houses,New,Final,1.0,1.0,3.0,1,78702.0,30.27978428,-97.71629789,Guardian Custom Builders****Main***,2020,2020,Yes
2020-09-01,2019-07-26,Mechanical Permit,Commercial,Commercial,Repair,Final,,0.0,0.0,2,78744.0,,,Tk Boilers Dba Gulf Coast Boilers,2020,2020,No
2020-09-21,2020-09-16,Electrical Permit,Residential,Residential,Upgrade,Final,,1.0,1.0,5,78704.0,30.25045401,-97.79500504,Bee Electric,2020,2020,No
2020-09-22,2020-09-21,Electrical Permit,Residential,Residential,Upgrade,Final,,1.0,1.0,1,78753.0,30.38139576,-97.65879292,"Tesla Energy Operations, Inc.",2020,2020,No
2020-09-01,2020-08-28,Mechanical Permit,Residential,Residential,Change Out,Expired,,,,1,78723.0,30.31545544,-97.67362131,,2020,2020,No
2020-09-11,2020-09-10,Plumbing Permit,Residential,Residential,Repair,Final,,0.0,0.0,9,78704.0,30.24829208,-97.76134961,Johnny Rooter Plumbing Inc,2020,2020,No
2020-09-01,2020-08-18,Mechanical Permit,Residential,Residential,Change Out,Final,,,,5,78735.0,30.23540261,-97.8093911,,2020,2020,No
2020-08-27,2020-08-25,Mechanical Permit,Residential,Residential,Change Out,Final,,,,6,78750.0,30.42923775,-97.79497473,Service Wizard Llc,2020,2020,No
2020-09-09,2020-09-08,Plumbing Permit,Residential,Residential,Repair,Final,,1.0,1.0,10,78731.0,30.32512998,-97.76748729,A Plus Pcs Plumbing Co,2020,2020,No
2020-09-25,2020-09-21,Mechanical Permit,Residential,Residential,Change Out,Final,,,,10,78731.0,30.32546386,-97.77180599,Mccullough Heating & Air,2020,2020,No
2020-09-22,2020-09-18,Electrical Permit,Residential,Residential,New,Final,,1.0,1.0,Unknown,78660.0,,,Med-Tex Electric,2020,2020,No
2020-09-25,2020-09-16,Building Permit,Commercial,C-1000 Commercial Remodel,Remodel,Expired,,1.0,1.0,5,78704.0,30.24752112,-97.7742157,Glotel Inc,2020,2020,No
2020-09-15,2020-09-04,Mechanical Permit,Residential,Residential,Repair,Final,,0.0,0.0,7,78759.0,30.40730179,-97.73726913,Green Collar Operations Llc.,2020,2020,No
2020-09-25,2020-08-17,Building Permit,Residential,R- 329 Res Structures Other Than Bldg,New,Final,1000.0,1.0,1.0,8,78739.0,30.18221524,-97.90685098,"Reliant Pools, Inc",2020,2020,Yes
2020-09-10,2020-04-03,Electrical Permit,Commercial,C-1001 Commercial Finish Out,Remodel,Expired,,1.0,1.0,9,78723.0,30.30246764,-97.70546692,"Hc Beck, Ltd.",2020,2020,No
2020-09-24,2020-09-17,Plumbing Permit,Residential,Residential,Repair,Final,,1.0,1.0,7,78757.0,30.36541528,-97.7327224,Peanut Plumbing Llc,2020,2020,No
2020-09-24,2020-09-23,Electrical Permit,Residential,Residential,Repair,Final,,1.0,1.0,10,78759.0,30.3964748,-97.75505832,Capstone Electric,2020,2020,No
2020-09-17,2020-02-14,Plumbing Permit,Residential,R- 434 Addition & Alterations,Addition and Remodel,Final,,2.0,1.0,10,78703.0,30.3021046,-97.75517055,Guerrero Plumbing,2020,2020,No
2020-09-01,2020-06-24,Plumbing Permit,Residential,R- 101 Single Family Houses,New,Final,,1.0,1.0,1,78660.0,30.40284401,-97.61381047,Christianson Plumbing,2020,2020,No
2020-09-16,2020-08-02,Plumbing Permit,Residential,R- 101 Single Family Houses,New,Final,,1.0,2.0,8,78652.0,30.17012599,-97.92012869,,2020,2020,No
2020-09-01,2019-11-21,Mechanical Permit,Residential,R- 101 Single Family Houses,New,Final,,1.0,2.0,1,78721.0,30.2754438,-97.69615433,Infinity Heating And Cooling,2020,2020,No
2020-09-16,2020-09-14,Electrical Permit,Commercial,Commercial,Repair,Final,,1.0,1.0,8,78736.0,,,Cedar Park Electrical Contractor Llc,2020,2020,No
2020-09-29,2020-08-25,Electrical Permit,Residential,R- 101 Single Family Houses,New,Final,,1.0,1.0,2,78617.0,30.16403431,-97.63540369,"Austin Lanehart Electric Co., Inc.",2020,2020,No
2020-09-10,2020-02-28,Electrical Permit,Commercial,C-1001 Commercial Finish Out,Remodel,Final,,1.0,1.0,4,78752.0,30.32574912,-97.71391613,Weifield Group Contracting Texas Llc,2020,2020,No
2020-09-16,2020-09-15,Electrical Permit,Residential,Residential,Repair,Final,,1.0,1.0,2,78744.0,30.15877769,-97.72438832,"In Charge Electrical Services, Llc",2020,2020,No
2020-09-02,2011-02-25,Electrical Permit,Residential,Residential,Repair,Final,,1.0,1.0,7,78759.0,30.40985957,-97.74012276,Randall Electric Inc.,2020,2020,No
2020-09-18,2020-04-24,Plumbing Permit,Residential,Residential,Irrigation,Final,,,,1,78724.0,30.31951804,-97.65474452,,2020,2020,No
2020-09-17,2020-09-16,Plumbing Permit,Residential,Residential,New,Final,,1.0,2.0,Unknown,78617.0,30.16451658,-97.63244975,Victory Plumbing Company,2020,2020,No
2020-09-23,2020-09-21,Plumbing Permit,Commercial,Commercial,Repair,Expired,,,0.0,9,78705.0,30.29405523,-97.72098513,Airco Mechanical,2020,2020,No
2020-09-21,2020-08-20,Plumbing Permit,Residential,R- 102 Secondary Apartment,New,Final,,1.0,2.0,3,78741.0,30.21981579,-97.69619099,Local Plumbing Service-Dba Crow'S Plumbing Service,2020,2020,No
2020-09-22,2020-09-21,Plumbing Permit,Residential,Residential,Change Out,Final,,,,Unknown,78734.0,30.37336924,-97.97727464,,2020,2020,No
2020-09-25,2020-09-22,Building Permit,Residential,R- 101 Single Family Houses,New,Final,290000.0,1.0,2.0,7,78660.0,30.43724465,-97.65282142,Blackburn Communities,2020,2020,Yes
2020-09-14,2020-09-02,Plumbing Permit,Residential,Residential,Repair,Final,,1.0,1.0,10,78731.0,30.31279838,-97.75464709,"Clarke Kent Plumbing, Inc.",2020,2020,No
2020-09-25,2020-09-24,Plumbing Permit,Residential,Residential,Irrigation,Final,,,,2,78617.0,30.15702794,-97.63913452,,2020,2020,No
2020-09-24,2020-09-14,Building Permit,Commercial,C-1000 Commercial Remodel,Remodel,Final,,1.0,1.0,3,78704.0,30.24301826,-97.75826536,Ericsson Inc. ***Main****,2020,2020,No
2020-09-02,2020-05-18,Plumbing Permit,Residential,Residential,Irrigation,Final,,,,2,78747.0,30.13702229,-97.76036417,,2020,2020,No
2020-09-25,2020-09-21,Mechanical Permit,Residential,Residential,Change Out,Final,,,,10,78731.0,30.36754156,-97.76618449,Mccullough Heating & Air,2020,2020,No
2020-09-03,2020-06-04,Building Permit,Residential,R- 329 Res Structures Other Than Bldg,New,Final,0.0,0.0,0.0,5,78704.0,30.25919626,-97.76514614,"Cody Pools, Inc. **Main",2020,2020,No
2020-09-25,2020-09-11,Plumbing Permit,Residential,Residential,Repair,Final,,0.0,0.0,10,78731.0,30.34605987,-97.77532756,The Veach Company,2020,2020,No
2020-08-28,2020-01-29,Plumbing Permit,Residential,Residential,Irrigation,Final,,,,1,78660.0,30.39875822,-97.61244715,,2020,2020,No
2020-08-28,2020-08-20,Building Permit,Residential,R- 101 Single Family Houses,New,Final,290000.0,1.0,1.0,7,78660.0,30.43687086,-97.65125427,Blackburn Communities,2020,2020,Yes
2020-09-24,2020-04-20,Plumbing Permit,Commercial,C-1001 Commercial Finish Out,Remodel,Final,,10.0,1.0,9,78705.0,30.28805303,-97.74411466,,2020,2020,No
2020-08-27,2019-02-06,Plumbing Permit,Residential,Residential,Repair,Final,,1.0,1.0,2,78744.0,30.18477068,-97.75970053,"Plumb- Good, Llc",2020,2020,No
2020-09-16,2020-09-15,Electrical Permit,Commercial,Commercial,Repair,Final,,1.0,1.0,7,78758.0,30.38637228,-97.68429469,Rbh Electrical,2020,2020,No
2020-09-09,2020-09-04,Plumbing Permit,Residential,Residential,Change Out,Final,,,,3,78702.0,30.27072302,-97.69970858,,2020,2020,No
2020-09-17,2020-09-17,Plumbing Permit,Residential,Residential,Repair,Expired,,1.0,1.0,8,78746.0,30.26700949,-97.80774101,O & M Plumbing Services Inc,2020,2020,No
2020-08-28,2020-07-16,Electrical Permit,Residential,R- 101 Single Family Houses,New,Final,,1.0,2.0,5,78748.0,30.16296609,-97.81975556,,2020,2020,No
2020-09-10,2020-09-08,Plumbing Permit,Residential,Residential,Repair,Final,,0.0,0.0,5,78745.0,30.21184754,-97.81601682,Service Wizard,2020,2020,No
2020-09-16,2020-02-24,Plumbing Permit,Residential,R- 434 Addition & Alterations,Addition and Remodel,Final,,1.0,1.0,3,78704.0,30.24593928,-97.75868481,"La Casita Plumbing, Llc",2020,2020,No
2020-08-28,2020-07-01,Electrical Permit,Residential,R- 101 Single Family Houses,New,Final,,1.0,2.0,2,78744.0,30.15897342,-97.72360129,"In Charge Electrical Services, Llc",2020,2020,No
2020-09-23,2020-05-18,Building Permit,Commercial,C-1000 Commercial Remodel,Remodel,Final,,1.0,4.0,10,78759.0,30.3746124,-97.73869472,Qual-Con General Contractor Llc,2020,2020,No
2020-09-08,2020-08-31,Plumbing Permit,Commercial,Commercial,Repair,Expired,,1.0,0.0,10,78703.0,30.28281832,-97.77557426,Good Cleaning Plumbing,2020,2020,No
2020-09-16,2020-08-03,Electrical Permit,Residential,Residential,Upgrade,Expired,,1.0,1.0,9,78704.0,,,Alpha One Electric Pllc,2020,2020,No
2020-09-15,2020-01-27,Plumbing Permit,Residential,Residential,Irrigation,Final,,,,2,78744.0,30.14786246,-97.71984426,,2020,2020,No
2020-09-08,2020-06-30,Building Permit,Residential,R- 434 Addition & Alterations,Addition and Remodel,Final,1.0,1.0,2.0,5,78704.0,30.25983428,-97.76967559,,2020,2020,Yes
2020-09-18,2020-09-14,Mechanical Permit,Residential,Residential,Change Out,Expired,,,,9,78723.0,30.29373513,-97.70170808,,2020,2020,No
2020-09-25,2020-09-25,Plumbing Permit,Residential,Residential,Change Out,Final,,,,8,78739.0,30.18430501,-97.88861486,,2020,2020,No
2020-09-10,2020-03-19,Plumbing Permit,Residential,Residential,Irrigation,Final,,,,1,78653.0,30.29769992,-97.55326076,,2020,2020,No
2020-08-27,2020-08-18,Building Permit,Residential,R- 101 Single Family Houses,New,Final,138545.0,1.0,1.0,1,78653.0,,,Brohn Homes,2020,2020,Yes
2020-09-25,2020-09-22,Mechanical Permit,Residential,Residential,Change Out,Final,,,,5,78744.0,30.16163697,-97.7817722,American Residential Services (Ars),2020,2020,No
2020-09-25,2019-05-13,Driveway / Sidewalks,Commercial,Com. Driveway & Sidewalk,New,Final,,,,2,78744.0,,,Bartlett Cocke General Contractors (Main),2020,2020,No
2020-09-25,2020-09-23,Electrical Permit,Commercial,Sign Permit,Wall,Final,,,,2,78744.0,,,,2020,2020,No
2020-09-17,2020-06-08,Building Permit,Residential,R- 434 Addition & Alterations,Addition and Remodel,Expired,65000.0,1.0,2.0,10,78731.0,30.31926383,-97.77190401,Victor'S Exteriors & Remodeling,2020,2020,Yes
2020-09-22,2020-06-02,Building Permit,Commercial,"C- 437 Addn, Alter, Convn-NonRes",Addition and Remodel,Final,2000000.0,1.0,1.0,7,78758.0,,,"Structura, Inc.",2020,2020,Yes
2020-09-16,2020-09-15,Mechanical Permit,Residential,Residential,Change Out,Final,,,,7,78757.0,30.34237783,-97.74071277,,2020,2020,No
2020-09-09,2019-11-22,Plumbing Permit,Commercial,C-1001 Commercial Finish Out,Remodel,Final,,1.0,1.0,2,78744.0,30.20580228,-97.69363185,D3 Mechanical Llc,2020,2020,No
2020-09-03,2020-08-31,Electrical Permit,Commercial,Commercial,Repair,Expired,,1.0,1.0,Unknown,78749.0,30.23070486,-97.82042821,Westar Electric Company,2020,2020,No
2020-09-01,2020-08-31,Electrical Permit,Residential,Residential,Upgrade,Final,,1.0,1.0,Unknown,78660.0,30.42118263,-97.6415384,"Tesla Energy Operations, Inc.",2020,2020,No
2020-09-02,2020-08-17,Plumbing Permit,Residential,R- 101 Single Family Houses,New,Final,,1.0,1.0,1,78653.0,,,Mustang Plumbing,2020,2020,No
2020-09-23,2020-07-16,Mechanical Permit,Residential,R- 101 Single Family Houses,New,Final,,1.0,2.0,3,78741.0,30.23220749,-97.69305266,Capital One Enterprises,2020,2020,No
2020-09-22,2020-09-21,Plumbing Permit,Residential,Residential,Repair,Final,,1.0,1.0,5,78745.0,30.2179643,-97.79262548,,2020,2020,No
2020-08-27,2020-04-17,Plumbing Permit,Commercial,Commercial,Fireline,Final,,,,7,78757.0,30.34801806,-97.72386188,Willmeng Construction,2020,2020,No
2020-09-18,2020-09-17,Electrical Permit,Residential,Residential,Repair,Final,,1.0,1.0,7,78727.0,30.42033314,-97.72845435,Gm Electric,2020,2020,No
2020-09-24,2020-09-17,Mechanical Permit,Residential,Residential,Change Out,Final,,,,3,78704.0,30.238153,-97.77239873,"Stan'S Heating, Air, Plumbing, & Electrical",2020,2020,No
2020-09-04,2020-09-02,Mechanical Permit,Residential,Residential,Change Out,Expired,,,,7,78757.0,30.33590613,-97.75120114,,2020,2020,No
2020-08-28,2020-06-30,Building Permit,Residential,R- 103 Two Family Bldgs,New,Final,1.0,2.0,2.0,2,78744.0,30.15042171,-97.71735724,"Pacesetter Homes, Llc",2020,2020,Yes
2020-09-03,2020-02-03,Plumbing Permit,Commercial,C- 105 Five or More Family Bldgs,New,Final,,18.0,3.0,1,78723.0,,,6B Plumbing,2020,2020,No
2020-09-29,2020-07-20,Building Permit,Residential,R- 329 Res Structures Other Than Bldg,New,Final,38000.0,1.0,1.0,Unknown,78746.0,,,Townsend Construction Services,2020,2020,Yes
2020-09-29,2020-04-03,Mechanical Permit,Residential,R- 101 Single Family Houses,New,Final,,1.0,2.0,2,78744.0,30.15467443,-97.71618193,,2020,2020,No
2020-09-24,2020-09-21,Plumbing Permit,Residential,Residential,Repair,Final,,0.0,0.0,5,78745.0,30.22620081,-97.79856252,Peanut Plumbing Llc,2020,2020,No
2020-09-25,2020-09-21,Building Permit,Commercial,C-1000 Commercial Remodel,Remodel,Final,,0.0,0.0,4,78752.0,30.3244754,-97.70288602,"Epic Communications, Inc",2020,2020,No
2020-09-29,2020-07-20,Building Permit,Residential,R- 434 Addition & Alterations,Addition and Remodel,Final,1.0,0.0,0.0,3,78721.0,30.25561059,-97.68746722,,2020,2020,Yes
2020-09-02,2020-08-26,Building Permit,Residential,R- 435 Renovations/Remodel,Repair,Expired,10630.0,1.0,1.0,5,78748.0,30.1801031,-97.81206692,Sears Home Improvement Products Inc.,2020,2020,Yes
2020-08-28,2020-08-26,Electrical Permit,Commercial,Commercial,Repair,Expired,,1.0,1.0,6,78729.0,,,,2020,2020,No
2020-08-31,2020-08-26,Electrical Permit,Residential,Residential,Repair,Expired,,1.0,1.0,2,78744.0,30.20403299,-97.69599488,"In Charge Electrical Services, Llc",2020,2020,No
2020-09-03,2020-08-18,Building Permit,Residential,R- 434 Addition & Alterations,Addition and Remodel,Final,1.0,1.0,1.0,10,78759.0,30.42267048,-97.7589625,S. Kelly Home Renovations Dba Skelly Build,2020,2020,Yes
2020-09-22,2020-09-21,Electrical Permit,Residential,Residential,Auxiliary Power,Expired,,1.0,1.0,10,78750.0,30.38570145,-97.80005134,"Tesla Energy Operations, Inc.",2020,2020,No
2020-09-01,2020-02-05,Building Permit,Residential,R- 646 Demolition Two Family Bldgs,Demolition,Final,0.0,2.0,1.0,9,78704.0,,,"Haylou Builders, Llc (Main)",2020,2020,No
2020-09-01,2020-08-31,Plumbing Permit,Residential,Residential,Irrigation,Final,,,,1,78653.0,,,,2020,2020,No
2020-09-24,2020-09-18,Electrical Permit,Residential,Residential,Auxiliary Power,Final,,1.0,1.0,2,78744.0,,,"Solstema, Llc",2020,2020,No
2020-09-30,2020-03-11,Electrical Permit,Residential,R- 434 Addition & Alterations,Addition and Remodel,Final,,1.0,1.0,1,78721.0,30.28164009,-97.6846717,"Molitor Electric, Inc.",2020,2020,No
2020-08-31,2020-08-27,Electrical Permit,Residential,Residential,Repair,Final,,1.0,1.0,2,78744.0,30.15893283,-97.72471328,"In Charge Electrical Services, Llc",2020,2020,No
2020-09-22,2020-08-21,Plumbing Permit,Commercial,C-1000 Commercial Remodel,Remodel,Final,,1.0,1.0,8,78746.0,30.26016839,-97.7914135,"Butler Plumbing, Inc.",2020,2020,No
2020-09-18,2020-05-06,Mechanical Permit,Residential,R- 101 Single Family Houses,New,Final,,1.0,2.0,2,78744.0,,,,2020,2020,No
2020-09-30,2020-09-30,Electrical Permit,Residential,Residential,New,Final,,1.0,1.0,Unknown,78617.0,30.16327376,-97.63429179,"Austin Lanehart Electric Co., Inc.",2020,2020,No
2020-09-24,2020-01-08,Building Permit,Residential,R- 435 Renovations/Remodel,Repair,Final,6385.0,1.0,1.0,5,78745.0,30.19962099,-97.83390794,Renewal By Andersen,2020,2020,Yes
2020-09-28,2020-09-23,Plumbing Permit,Residential,R- 101 Single Family Houses,New,Final,,1.0,2.0,2,78747.0,30.13539574,-97.76167629,Victory Plumbing Company,2020,2020,No
2020-09-18,2020-09-16,Plumbing Permit,Residential,Residential,Irrigation,Final,,,,Unknown,78728.0,30.4653321,-97.68730851,,2020,2020,No
2020-09-29,2020-09-28,Plumbing Permit,Residential,Residential,Repair,Final,,0.0,0.0,10,78750.0,30.37441144,-97.79615773,Johnny Rooter Plumbing Inc,2020,2020,No
2020-08-31,2020-08-28,Electrical Permit,Residential,Residential,Upgrade,Final,,1.0,1.0,8,78749.0,30.21682838,-97.87233797,Texas Electric,2020,2020,No
2020-09-15,2020-09-14,Plumbing Permit,Residential,Residential,Cut Over/Tank Abandonment,Final,,,,7,78753.0,30.39032688,-97.68147666,Gary Werner Company,2020,2020,No
2020-08-31,2020-08-28,Electrical Permit,Residential,Residential,New,Final,,1.0,1.0,Unknown,78617.0,30.16309862,-97.63394219,"Austin Lanehart Electric Co., Inc.",2020,2020,No
2020-09-23,2020-05-13,Mechanical Permit,Residential,R- 101 Single Family Houses,New,Final,,1.0,2.0,7,78660.0,30.43860281,-97.65569437,Texas Comfort Air,2020,2020,No
2020-09-04,2020-08-06,Building Permit,Residential,R- 101 Single Family Houses,New,Final,1.0,1.0,2.0,4,78752.0,30.33130679,-97.69589877,Big Castle Llc,2020,2020,Yes
2020-08-27,2018-11-07,Electrical Permit,Residential,R- 101 Single Family Houses,New,Final,,1.0,2.0,4,78753.0,30.35253658,-97.70123597,Competent Electrical Service,2020,2020,No
2020-09-22,2020-03-19,Plumbing Permit,Commercial,C-1000 Commercial Remodel,Remodel,Final,,1.0,1.0,6,78750.0,,,Classic Plumbing,2020,2020,No
2020-09-25,2020-09-03,Mechanical Permit,Residential,R- 101 Single Family Houses,New,Final,,1.0,1.0,7,78660.0,30.43849948,-97.6557512,Texas Comfort Air,2020,2020,No
2020-08-28,2020-08-28,Building Permit,Commercial,C-1000 Commercial Remodel,Interior Demo Non-Structural,Final,0.0,1.0,8.0,7,78758.0,,,Hitt Contracting,2020,2020,No
2020-09-28,2020-09-14,Electrical Permit,Residential,Residential,Auxiliary Power,Final,,1.0,1.0,1,78660.0,,,Longhorn Solar,2020,2020,No
2020-09-22,2020-07-08,Plumbing Permit,Commercial,C-1000 Commercial Remodel,Remodel,Final,,1.0,1.0,7,78758.0,30.40264438,-97.71947053,Classic Plumbing,2020,2020,No
2020-09-29,2020-09-11,Building Permit,Residential,R- 435 Renovations/Remodel,Repair,Final,5000.0,1.0,1.0,4,78758.0,30.37603516,-97.69571591,4L Construction,2020,2020,Yes
2020-08-28,2020-08-27,Electrical Permit,Residential,Residential,Auxiliary Power,Final,,1.0,1.0,Unknown,78724.0,30.26052691,-97.57716262,"Elevation Solar, Llc",2020,2020,No
2020-09-23,2020-09-16,Building Permit,Commercial,C-1000 Commercial Remodel,Interior Demo Non-Structural,Final,0.0,1.0,1.0,7,78758.0,30.39503028,-97.71132954,Hitt Contracting,2020,2020,No
2020-09-10,2020-04-02,Plumbing Permit,Residential,R- 101 Single Family Houses,New,Final,,1.0,2.0,2,78744.0,30.14664695,-97.71823472,Victory Plumbing Company,2020,2020,No
2020-09-29,2020-04-03,Mechanical Permit,Residential,R- 101 Single Family Houses,New,Final,,1.0,2.0,2,78744.0,30.15472265,-97.7159844,,2020,2020,No
2020-09-30,2020-09-28,Plumbing Permit,Residential,Residential,Irrigation,Final,,,,2,78747.0,30.13602106,-97.76556109,,2020,2020,No
2020-09-10,2020-04-29,Mechanical Permit,Commercial,C-1000 Commercial Remodel,Remodel,Final,,1.0,1.0,10,78731.0,30.37042425,-97.75865386,Austin Refrigeration Llc,2020,2020,No
2020-09-15,2020-09-14,Mechanical Permit,Residential,Residential,Change Out,Final,,,,7,78759.0,30.4104292,-97.73212047,Air Conditioning Specialists,2020,2020,No
2020-09-04,2020-09-03,Mechanical Permit,Residential,Residential,Change Out,Final,,,,10,78759.0,30.40897511,-97.76355803,"Stan'S Heating, Air, Plumbing, & Electrical",2020,2020,No
2020-09-08,2020-09-03,Mechanical Permit,Residential,Residential,Change Out,Expired,,,,10,78731.0,30.36524613,-97.75677489,,2020,2020,No
2020-08-31,2020-06-30,Mechanical Permit,Residential,R- 103 Two Family Bldgs,New,Final,,2.0,2.0,2,78744.0,30.15042171,-97.71735724,,2020,2020,No
2020-09-10,2020-07-10,Plumbing Permit,Residential,R- 101 Single Family Houses,New,Final,,1.0,1.0,1,78660.0,30.40177921,-97.61483049,Christianson Plumbing,2020,2020,No
2020-09-03,2020-09-03,Electrical Permit,Residential,Residential,Auxiliary Power,Expired,,1.0,1.0,2,78744.0,30.19865752,-97.75262134,Green Light Solar Llc,2020,2020,No
2020-09-08,2020-09-03,Plumbing Permit,Residential,Residential,Change Out,Expired,,,,10,78759.0,30.38316382,-97.76427761,,2020,2020,No
2020-09-07,2020-06-01,Plumbing Permit,Residential,R- 434 Addition & Alterations,Addition and Remodel,Final,,0.0,0.0,9,78704.0,30.24053086,-97.74456524,Tankful Plumbing,2020,2020,No
2020-09-29,2020-06-04,Driveway / Sidewalks,Residential,Res. Driveway & Sidewalk,New,Final,,,,1,78660.0,30.39956369,-97.61372532,D R Horton Homes,2020,2020,No
2020-09-14,2020-04-30,Building Permit,Commercial,C- 105 Five or More Family Bldgs,New,Final,31611770.0,122.0,4.0,8,78735.0,30.24738587,-97.8536233,Nrp Group,2020,2020,Yes
2020-09-15,2020-09-10,Electrical Permit,Residential,Residential,Repair,Final,,1.0,1.0,1,78721.0,,,Edumar Electric,2020,2020,No
2020-09-14,2020-04-30,Building Permit,Commercial,C- 105 Five or More Family Bldgs,New,Final,31611770.0,60.0,4.0,8,78735.0,30.24738587,-97.8536233,Nrp Group,2020,2020,Yes
2020-09-29,2020-09-26,Mechanical Permit,Residential,Residential,Change Out,Final,,,,10,78759.0,30.40487925,-97.76930246,"Dash Service, Llc",2020,2020,No
2020-09-29,2020-04-29,Plumbing Permit,Commercial,Commercial,Repair,Expired,,1.0,1.0,8,78746.0,30.25631507,-97.79182225,"Stan'S Heating, Air, & Plumbing",2020,2020,No
2020-09-28,2020-06-11,Driveway / Sidewalks,Residential,Res. Driveway & Sidewalk,New,Final,,,,1,78660.0,30.39886088,-97.61391648,D R Horton Homes,2020,2020,No
2020-09-11,2019-10-18,Plumbing Permit,Residential,R- 101 Single Family Houses,New,Final,,1.0,2.0,5,78704.0,30.25836726,-97.76948326,A Plus Pcs Plumbing Co,2020,2020,No
2020-09-04,2020-03-11,Building Permit,Residential,R- 329 Res Structures Other Than Bldg,New,Final,1.0,1.0,1.0,10,78703.0,30.29417511,-97.77464576,Brf Homes Inc.*Main*,2020,2020,Yes
2020-09-09,2020-06-04,Plumbing Permit,Residential,R- 329 Res Structures Other Than Bldg,New,Final,,1.0,1.0,8,78652.0,30.16895771,-97.91753394,Lynch Plumbing Llc,2020,2020,No
2020-08-31,2020-08-27,Building Permit,Residential,R- 435 Renovations/Remodel,Repair,Final,8862.0,1.0,1.0,1,78754.0,30.37095562,-97.66475392,We Level It {Formally Centex House Leveling***Main****},2020,2020,Yes
2020-09-28,2020-06-05,Electrical Permit,Residential,R- 101 Single Family Houses,New,Final,,1.0,2.0,5,78748.0,30.13083477,-97.80858049,"In Charge Electrical Services, Llc",2020,2020,No
2020-09-15,2020-09-15,Building Permit,Residential,R- 435 Renovations/Remodel,Repair,Final,15000.0,1.0,1.0,1,78721.0,,,Fit Build Construction,2020,2020,Yes
2020-09-02,2020-06-05,Building Permit,Residential,R- 101 Single Family Houses,New,Final,188475.0,1.0,2.0,5,78748.0,30.13083477,-97.80858049,Lennar Homes Of Texas***Main***,2020,2020,Yes
2020-09-03,2020-07-28,Building Permit,Residential,R- 101 Single Family Houses,New,Final,188925.0,1.0,1.0,1,78660.0,30.40071434,-97.61454956,D R Horton Homes,2020,2020,Yes
2020-09-16,2020-09-14,Mechanical Permit,Residential,Residential,Change Out,Final,,,,8,78749.0,30.2102835,-97.8742368,Temperature Pro West Austin,2020,2020,No
2020-09-14,2020-02-26,Plumbing Permit,Residential,R- 434 Addition & Alterations,Addition and Remodel,Final,,0.0,0.0,9,78751.0,30.30336182,-97.73028349,Centex Elite Plumbing Llc,2020,2020,No
2020-09-28,2020-01-17,Building Permit,Residential,R- 330  Accessory Use to Primary,New,Final,1.0,1.0,1.0,10,78730.0,,,Wilmington-Gordon Inc.****Main****,2020,2020,Yes
2020-09-03,2019-10-02,Mechanical Permit,Residential,R- 101 Single Family Houses,New,Final,,1.0,2.0,1,78754.0,30.37328125,-97.65453588,,2020,2020,No
2020-09-14,2020-01-30,Plumbing Permit,Residential,R- 101 Single Family Houses,New,Final,,1.0,2.0,4,78752.0,30.3278224,-97.69671689,Hm Plumbing Llc,2020,2020,No
2020-09-03,2020-09-01,Mechanical Permit,Residential,Residential,Change Out,Final,,,,4,78723.0,30.3040476,-97.68867819,"Stan'S Heating, Air, Plumbing, & Electrical",2020,2020,No
2020-09-01,2018-01-31,Plumbing Permit,Residential,Residential,Repair,Final,,1.0,1.0,3,78745.0,,,Rw Webb Plumbing,2020,2020,No
2020-09-21,2020-09-18,Plumbing Permit,Residential,Residential,Repair,Expired,,1.0,0.0,3,78704.0,30.23499966,-97.74986376,Garrison Plumbing Llc,2020,2020,No
2020-08-28,2020-06-17,Building Permit,Residential,R- 102 Secondary Apartment,New,Final,150000.0,1.0,2.0,3,78741.0,30.22857611,-97.70437352,Precise Custom Homes Inc. (Main),2020,2020,Yes
2020-09-29,2019-07-18,Driveway / Sidewalks,Residential,Res. Driveway & Sidewalk,New,Final,,,,3,78702.0,30.26236698,-97.70223042,Hunter Wheeler Homes Inc **Main**,2020,2020,No
2020-09-04,2020-05-29,Plumbing Permit,Residential,R- 434 Addition & Alterations,Addition and Remodel,Final,,1.0,2.0,3,78704.0,30.2328571,-97.76325882,Xenon'S & More Plumbing,2020,2020,No
2020-09-25,2020-09-24,Plumbing Permit,Residential,Residential,Repair,Final,,1.0,0.0,7,78731.0,30.32759232,-97.74740347,,2020,2020,No
2020-09-30,2020-08-19,Building Permit,Residential,R- 101 Single Family Houses,New,Final,0.0,1.0,1.0,1,78653.0,30.2986518,-97.5530178,Gfo Home***Main***,2020,2020,No
2020-09-09,2020-09-08,Electrical Permit,Residential,Residential,Auxiliary Power,Final,,1.0,1.0,7,78660.0,30.43422799,-97.65548264,Green Light Solar Llc,2020,2020,No
2020-09-22,2020-09-18,Plumbing Permit,Residential,Residential,Repair,Final,,1.0,0.0,3,78704.0,,,Crystal Plumbing Inc.,2020,2020,No
2020-09-18,2020-07-08,Electrical Permit,Commercial,C-1000 Commercial Remodel,Remodel,Final,,1.0,1.0,7,78758.0,30.40264438,-97.71947053,Ampway Electrical Llc,2020,2020,No
2020-09-23,2020-08-24,Building Permit,Residential,R- 435 Renovations/Remodel,Repair,Expired,6315.0,1.0,1.0,8,78749.0,30.21545426,-97.85840458,Power Hrg,2020,2020,Yes
2020-09-29,2020-02-12,Building Permit,Commercial,C- 105 Five or More Family Bldgs,New,Final,25000000.0,35.0,4.0,1,78753.0,30.39691534,-97.67091403,"Embrey Builders, Llc",2020,2020,Yes
2020-09-21,2020-09-08,Electrical Permit,Residential,Residential,Special Inspections Program,Final,,,,6,78729.0,30.44320242,-97.76613383,Grayzer Electric Llc,2020,2020,No
2020-08-28,2020-01-28,Plumbing Permit,Commercial,C- 104 Three & Four Family Bldgs,New,Final,,3.0,2.0,6,78717.0,30.4809672,-97.80172818,Mechanical Systems,2020,2020,No
2020-09-29,2020-05-06,Mechanical Permit,Residential,R- 101 Single Family Houses,New,Final,,1.0,2.0,1,78660.0,30.39994323,-97.61268658,Christianson Plumbing & Air Co,2020,2020,No
2020-08-31,2020-02-28,Mechanical Permit,Residential,R- 101 Single Family Houses,New,Final,,1.0,2.0,1,78723.0,30.29332543,-97.67439595,,2020,2020,No
2020-09-01,2020-05-21,Mechanical Permit,Residential,R- 101 Single Family Houses,New,Final,,1.0,1.0,2,78744.0,,,,2020,2020,No
2020-09-02,2020-09-01,Electrical Permit,Residential,Residential,Auxiliary Power,Final,,1.0,1.0,Unknown,78725.0,30.21743786,-97.63367769,Cam Solar Inc.,2020,2020,No
2020-09-09,2020-08-26,Electrical Permit,Commercial,Commercial,Repair,Final,,1.0,1.0,9,78704.0,30.25571158,-97.7625396,,2020,2020,No
2020-09-15,2020-03-30,Plumbing Permit,Residential,Residential,Irrigation,Final,,,,1,78754.0,30.35216821,-97.60000712,,2020,2020,No
2020-09-25,2020-07-16,Electrical Permit,Residential,R- 329 Res Structures Other Than Bldg,New,Final,,1.0,0.0,6,78750.0,30.45035766,-97.816354,Generation Next Electric,2020,2020,No
2020-08-31,2020-03-11,Plumbing Permit,Residential,R- 434 Addition & Alterations,Addition and Remodel,Final,,1.0,1.0,6,78750.0,30.43918474,-97.79924219,Rod Plumbing,2020,2020,No
2020-09-18,2020-09-08,Building Permit,Residential,R- 645 Demolition One Family Homes,Demolition,Final,0.0,1.0,1.0,3,78721.0,,,Capital River Group Llc***Void***,2020,2020,No
2020-09-15,2020-09-11,Mechanical Permit,Residential,Residential,Change Out,Final,,,,5,78745.0,30.22247338,-97.79144593,,2020,2020,No
2020-09-17,2020-03-30,Mechanical Permit,Commercial,C-1000 Commercial Remodel,Remodel,Final,,1.0,2.0,9,78705.0,30.29239187,-97.74391903,Coolbear Heating & Air,2020,2020,No
2020-09-14,2019-06-11,Mechanical Permit,Commercial,C- 105 Five or More Family Bldgs,New,Final,,22.0,3.0,1,78754.0,30.38480118,-97.64920025,Encore Mechanical,2020,2020,No
2020-09-26,2020-05-21,Mechanical Permit,Commercial,C-1000 Commercial Remodel,Remodel,Final,,1.0,1.0,7,78757.0,,,Temperature Pro West Austin,2020,2020,No
2020-09-02,2020-08-27,Electrical Permit,Residential,Residential,Auxiliary Power,Expired,,1.0,1.0,2,78747.0,30.1416144,-97.76675737,"Elevation Solar, Llc",2020,2020,No
2020-08-28,2020-05-01,Electrical Permit,Commercial,C-1000 Commercial Remodel,Remodel,Final,,1.0,1.0,10,78746.0,30.30450395,-97.82761937,Austin Capital Electric Llc,2020,2020,No
2020-09-05,2020-06-22,Driveway / Sidewalks,Residential,Res. Driveway & Sidewalk,New,Final,,,,1,78653.0,,,Brohn Homes,2020,2020,No
2020-09-02,2019-04-26,Plumbing Permit,Residential,Residential,Irrigation,Final,,,,1,78724.0,30.29297503,-97.64074978,,2020,2020,No
2020-09-17,2020-05-29,Electrical Permit,Residential,R- 434 Addition & Alterations,Addition and Remodel,Final,,1.0,2.0,3,78704.0,30.2328571,-97.76325882,Bolder Electric Solutions,2020,2020,No
2020-09-10,2020-08-26,Mechanical Permit,Commercial,C-1000 Commercial Remodel,Remodel,Final,,1.0,1.0,6,78717.0,,,"S I Mechanical, Llc",2020,2020,No
2020-09-14,2020-08-27,Electrical Permit,Residential,R- 101 Single Family Houses,New,Final,,1.0,2.0,1,78653.0,,,"Austin Lanehart Electric Co., Inc.",2020,2020,No
2020-09-17,2020-09-15,Building Permit,Residential,R- 101 Single Family Houses,New,Final,211990.0,1.0,2.0,1,78723.0,30.29612064,-97.67509864,Rsi Communities (Do Not Use),2020,2020,Yes
2020-09-30,2020-09-29,Electrical Permit,Commercial,Sign Permit,Wall,Expired,,,,9,78701.0,30.27944835,-97.74158536,,2020,2020,No
2020-09-11,2020-09-03,Plumbing Permit,Residential,Residential,Repair,Final,,1.0,0.0,7,78757.0,30.34791385,-97.7214451,,2020,2020,No
2020-09-10,2020-09-04,Plumbing Permit,Residential,Residential,Change Out,Expired,,,,8,78749.0,30.2111701,-97.84680115,Beyond Wow Plumbing,2020,2020,No
2020-09-08,2019-10-29,Plumbing Permit,Commercial,C-1000 Commercial Remodel,Remodel,Final,,1.0,2.0,10,78703.0,30.30846346,-97.763667,Cedar Park Plumbing Heating & Air Inc,2020,2020,No
2020-09-14,2020-06-02,Electrical Permit,Commercial,C-1000 Commercial Remodel,Remodel,Final,,1.0,1.0,7,78758.0,30.38265639,-97.68668719,Precision Electric Power,2020,2020,No
2020-09-10,2020-09-09,Mechanical Permit,Commercial,Commercial,Change Out,Final,,,,5,78748.0,30.17507007,-97.82368239,Minter Air & Refrigeration,2020,2020,No
2020-09-24,2020-06-16,Plumbing Permit,Residential,R- 101 Single Family Houses,New,Final,,1.0,1.0,1,78754.0,30.35255841,-97.60089357,Excalibur Plumbing,2020,2020,No
2020-09-21,2018-06-25,Plumbing Permit,Residential,R- 103 Two Family Bldgs,New,Final,,2.0,2.0,3,78702.0,,,All Star Trade Pros Llc,2020,2020,No
2020-09-09,2020-07-02,Building Permit,Residential,R- 329 Res Structures Other Than Bldg,New,Final,52105.0,1.0,0.0,4,78723.0,30.30642881,-97.69853128,"Tri County Pools, Inc (Main)",2020,2020,Yes
2020-09-11,2020-09-06,Mechanical Permit,Residential,Residential,Change Out,Final,,,,5,78745.0,30.21308923,-97.81790346,American Residential Services (Ars),2020,2020,No
2020-09-08,2020-06-10,Mechanical Permit,Residential,R- 101 Single Family Houses,New,Final,,1.0,2.0,10,78726.0,30.43749628,-97.84083161,,2020,2020,No
2020-08-27,2020-08-24,Plumbing Permit,Residential,Residential,Repair,Expired,,1.0,1.0,5,78704.0,30.25231626,-97.79016611,,2020,2020,No
2020-09-14,2019-11-20,Mechanical Permit,Residential,R- 101 Single Family Houses,New,Final,,1.0,2.0,7,78756.0,30.32942842,-97.73849895,,2020,2020,No
2020-08-28,2020-07-02,Plumbing Permit,Residential,R- 101 Single Family Houses,New,Final,,1.0,1.0,2,78744.0,30.14817218,-97.71723458,,2020,2020,No
2020-09-21,2020-09-15,Electrical Permit,Residential,Residential,Repair,Final,,1.0,1.0,Unknown,78724.0,,,"Ies Residential, Inc.",2020,2020,No
2020-09-22,2020-09-22,Plumbing Permit,Residential,Residential,Irrigation,Final,,,,Unknown,78728.0,30.46218515,-97.67915595,,2020,2020,No
2020-09-14,2020-07-17,Mechanical Permit,Residential,R- 101 Single Family Houses,New,Final,,1.0,2.0,8,78735.0,,,,2020,2020,No
2020-09-15,2020-02-20,Plumbing Permit,Residential,Residential,Irrigation,Final,,,,2,78744.0,30.14600043,-97.72078384,,2020,2020,No
2020-09-30,2020-05-21,Plumbing Permit,Residential,Residential,Repair,Final,,2.0,1.0,10,78703.0,30.30667517,-97.75295955,Distinctive Plumbing Inc,2020,2020,No
2020-09-23,2019-03-18,Electrical Permit,Commercial,C- 105 Five or More Family Bldgs,New,Final,,30.0,2.0,3,78702.0,30.25443597,-97.73258776,Lochridge-Priest Inc,2020,2020,No
2020-09-14,2020-09-09,Mechanical Permit,Residential,Residential,Change Out,Expired,,,,9,78751.0,,,"Sa&H Western Holdings, Llc",2020,2020,No
2020-09-25,2020-09-25,Electrical Permit,Commercial,Sign Permit,Wall,Final,,,,5,78745.0,30.23025253,-97.79289766,,2020,2020,No
2020-08-28,2020-08-26,Building Permit,Commercial,C- 329 Com Structures Other Than Bldg,New,Final,24000.0,1.0,1.0,3,78702.0,,,Usa Shade & Fabric Structures Inc,2020,2020,Yes
2020-09-14,2020-09-11,Building Permit,Residential,R- 435 Renovations/Remodel,Repair,Final,15248.0,1.0,1.0,5,78748.0,30.17164258,-97.83151691,Home Depot Usa Inc,2020,2020,Yes
2020-09-28,2020-09-21,Plumbing Permit,Residential,Residential,Repair,Final,,1.0,1.0,1,78723.0,30.31741608,-97.67718445,Beyond Wow Plumbing,2020,2020,No
2020-09-14,2020-06-08,Building Permit,Residential,R- 101 Single Family Houses,New,Final,0.0,1.0,2.0,10,78703.0,30.2966843,-97.77551739,Nalle Custom Homes,2020,2020,No
2020-09-08,2020-03-11,Electrical Permit,Residential,R- 434 Addition & Alterations,Addition and Remodel,Final,,1.0,1.0,6,78750.0,30.43918474,-97.79924219,Dynamic Electrical Service,2020,2020,No
2020-09-17,2020-09-16,Electrical Permit,Residential,Residential,Repair,Final,,1.0,1.0,10,78733.0,30.32745041,-97.84488554,Clayco Construction,2020,2020,No
2020-09-04,2020-08-31,Plumbing Permit,Residential,Residential,Irrigation,Final,,,,2,78744.0,30.19773137,-97.69423232,,2020,2020,No
2020-08-28,2019-09-25,Mechanical Permit,Residential,R- 101 Single Family Houses,New,Final,,1.0,2.0,1,78724.0,30.29327734,-97.63982221,,2020,2020,No
2020-09-14,2020-06-08,Building Permit,Residential,R- 329 Res Structures Other Than Bldg,New,Expired,0.0,0.0,0.0,10,78703.0,30.2966843,-97.77551739,Stag Pools,2020,2020,No
2020-09-17,2020-03-31,Plumbing Permit,Residential,Residential,Irrigation,Final,,,,1,78754.0,30.35173575,-97.60023503,,2020,2020,No
2020-09-21,2020-08-27,Electrical Permit,Residential,R- 434 Addition & Alterations,Addition and Remodel,Final,,1.0,1.0,10,78731.0,30.32619022,-97.75658456,Bee Electric,2020,2020,No
2020-09-29,2020-02-12,Building Permit,Commercial,C- 328 Commercial Other Nonresident Bldg,New,Final,25000000.0,1.0,1.0,1,78753.0,30.39691534,-97.67091403,"Embrey Builders, Llc",2020,2020,Yes
2020-09-25,2020-06-29,Building Permit,Residential,R- 645 Demolition One Family Homes,Demolition,Final,1.0,1.0,2.0,5,78747.0,30.15024378,-97.77949061,Aar Incorporated,2020,2020,Yes
2020-09-04,2020-08-12,Building Permit,Residential,R- 434 Addition & Alterations,Addition and Remodel,Final,1.0,1.0,2.0,6,78750.0,30.43145873,-97.80661824,"Scorpion Construction Services, Llc",2020,2020,Yes
2020-09-16,2020-09-16,Electrical Permit,Residential,Residential,New,Final,,1.0,1.0,Unknown,78724.0,,,"Ies Residential, Inc.",2020,2020,No
2020-08-31,2020-06-01,Building Permit,Commercial,C-1000 Commercial Remodel,Remodel,Final,,6.0,2.0,2,78744.0,30.1996283,-97.73520938,"Legacy Construction Sercives, Llc",2020,2020,No
2020-09-28,2020-09-14,Electrical Permit,Residential,R- 435 Renovations/Remodel,Repair,Expired,,1.0,1.0,5,78748.0,30.15227793,-97.8117547,Conquest Electrical Contracting Llc,2020,2020,No
2020-09-28,2020-08-14,Electrical Permit,Residential,R- 101 Single Family Houses,New,Final,,1.0,2.0,7,78753.0,30.40749448,-97.64721345,"In Charge Electrical Services, Llc",2020,2020,No
2020-08-28,2020-08-18,Plumbing Permit,Residential,R- 101 Single Family Houses,New,Final,,1.0,1.0,2,78744.0,,,Victory Plumbing Company,2020,2020,No
2020-08-28,2020-08-27,Electrical Permit,Residential,Residential,Auxiliary Power,Final,,1.0,1.0,2,78744.0,30.19385065,-97.7378248,,2020,2020,No
2020-09-15,2019-09-12,Plumbing Permit,Residential,R- 434 Addition & Alterations,Addition and Remodel,Final,,1.0,2.0,10,78730.0,30.3268499,-97.83042503,Allegiant Contractors Llc.,2020,2020,No
2020-09-25,2020-09-22,Plumbing Permit,Residential,R- 101 Single Family Houses,New,Final,,1.0,2.0,2,78747.0,30.13810779,-97.76429059,Victory Plumbing Company,2020,2020,No
2020-09-08,2019-03-27,Driveway / Sidewalks,Residential,Res. Driveway,New,Final,,,,1,78721.0,,,,2020,2020,No
2020-09-29,2018-09-13,Mechanical Permit,Commercial,C-1001 Commercial Finish Out,Remodel,Final,,29.0,1.0,1,78702.0,30.2711754,-97.73181677,City Wide Mechanical Inc.,2020,2020,No
2020-08-31,2020-06-04,Plumbing Permit,Residential,R- 101 Single Family Houses,New,Final,,1.0,2.0,1,78660.0,30.40003089,-97.61435625,Christianson Plumbing,2020,2020,No
2020-08-31,2020-06-22,Building Permit,Residential,R- 435 Renovations/Remodel,Repair,Final,2900.0,1.0,1.0,7,78757.0,30.33350205,-97.72915638,"Titan Siding, Windows And Exteriors",2020,2020,Yes
2020-09-21,2020-09-15,Plumbing Permit,Commercial,Commercial,Change Out,Final,,,,7,78758.0,30.39982343,-97.70255945,Aaa Auger,2020,2020,No
2020-08-27,2020-08-26,Mechanical Permit,Residential,Residential,Change Out,Expired,,,,10,78759.0,30.36855588,-97.7483541,,2020,2020,No
2020-09-14,2019-06-14,Mechanical Permit,Commercial,C- 327 Stores & Customer Services,New,Final,,1.0,1.0,7,78753.0,,,Logan'S A/C And Heating,2020,2020,No
2020-09-22,2020-03-09,Building Permit,Residential,R- 645 Demolition One Family Homes,Demolition,Final,0.0,1.0,1.0,1,78702.0,30.27476272,-97.70289389,"Renovate Atx , Inc",2020,2020,No
2020-09-10,2020-09-04,Electrical Permit,Residential,Residential,New,Final,,1.0,1.0,Unknown,78733.0,30.35174917,-97.85966755,Pe Electric,2020,2020,No
2020-08-27,2020-07-14,Building Permit,Residential,R- 435 Renovations/Remodel,Repair,Final,15060.0,1.0,1.0,10,78703.0,30.30053911,-97.75077178,"Centec Holdings Llc, Dba Wilson Roofing Company",2020,2020,Yes
2020-08-28,2019-07-15,Driveway / Sidewalks,Commercial,"Com. Driveway,Sidewalk,Curb,Gutter",New,Final,,,,Unknown,,,,,2020,2020,No
2020-09-07,2020-06-18,Plumbing Permit,Residential,R- 434 Addition & Alterations,Addition and Remodel,Final,,1.0,2.0,8,78749.0,30.20573993,-97.88484904,Plumbing Systems Pro,2020,2020,No
2020-09-29,2020-09-28,Mechanical Permit,Residential,Residential,Change Out,Final,,,,8,78739.0,30.19731072,-97.90450255,Service Wizard Llc,2020,2020,No
2020-09-02,2020-08-31,Electrical Permit,Commercial,Sign Permit,Wall,Final,,,,7,78660.0,,,,2020,2020,No
2020-09-29,2020-08-31,Plumbing Permit,Residential,R- 101 Single Family Houses,New,Final,,1.0,2.0,8,78652.0,30.16973517,-97.92011312,,2020,2020,No
2020-09-23,2020-05-14,Driveway / Sidewalks,Residential,Res. Driveway & Sidewalk,New,Final,,,,1,78660.0,30.39973242,-97.61338106,D R Horton Homes,2020,2020,No
2020-09-16,2020-09-16,Electrical Permit,Residential,Residential,Repair,Final,,1.0,1.0,3,78702.0,,,Skyline Electric Llc,2020,2020,No
2020-09-04,2020-08-10,Plumbing Permit,Residential,R- 101 Single Family Houses,New,Final,,1.0,2.0,8,78652.0,30.16902588,-97.92041886,,2020,2020,No
2020-09-30,2020-07-30,Mechanical Permit,Residential,Residential,Change Out,Expired,,,,3,78704.0,30.23603395,-97.77247076,Smart Air Service Co.,2020,2020,No
2020-09-16,2020-06-23,Electrical Permit,Commercial,C-1000 Commercial Remodel,Remodel,Final,,1.0,10.0,9,78701.0,,,C & S Enterprises,2020,2020,No
2020-09-09,2019-09-12,Plumbing Permit,Residential,Residential,Irrigation,Final,,,,7,78757.0,30.33323342,-97.73272429,,2020,2020,No
2020-08-31,2020-08-27,Electrical Permit,Residential,Residential,Repair,Final,,1.0,1.0,2,78744.0,30.15864213,-97.72488887,"In Charge Electrical Services, Llc",2020,2020,No
2020-09-03,2020-08-31,Building Permit,Residential,R- 435 Renovations/Remodel,Repair,Final,14500.0,1.0,1.0,7,78758.0,30.39102775,-97.69947773,,2020,2020,Yes
2020-09-21,2020-09-16,Building Permit,Commercial,C- 329 Com Structures Other Than Bldg,New,VOID,35000000.0,1.0,1.0,6,78717.0,,,,2020,2020,Yes
2020-09-08,2020-07-28,Electrical Permit,Commercial,C-1000 Commercial Remodel,Remodel,Final,,1.0,1.0,7,78758.0,30.41146902,-97.70365691,Lighthouse Electrical,2020,2020,No
2020-09-28,2020-08-24,Building Permit,Commercial,C-1000 Commercial Remodel,Remodel,Expired,,0.0,1.0,5,78745.0,30.21324823,-97.83008784,"Mccon Building & Petroleum Services, Inc.",2020,2020,No
2020-09-03,2020-08-06,Plumbing Permit,Residential,R- 101 Single Family Houses,New,Final,,1.0,1.0,6,78717.0,30.50182738,-97.74591729,,2020,2020,No
2020-09-17,2020-08-05,Mechanical Permit,Residential,Residential,Change Out,Final,,,,10,78759.0,30.38376348,-97.74539905,A-Plus Energy Management,2020,2020,No
2020-09-17,2020-09-14,Mechanical Permit,Residential,Residential,Change Out,Final,,,,5,78745.0,30.18889681,-97.81995476,"Firefly Comfort Systems, Llc",2020,2020,No
2020-09-11,2019-11-25,Building Permit,Commercial,C-1000 Commercial Remodel,Repair,Final,3000.0,9.0,3.0,2,78744.0,30.19299708,-97.76505365,Cnc Developers,2020,2020,Yes
2020-09-02,2019-09-25,Plumbing Permit,Residential,Residential,Irrigation,Final,,,,1,78724.0,30.29012481,-97.64241395,,2020,2020,No
2020-09-21,2020-09-17,Electrical Permit,Commercial,Sign Permit,Wall,Final,,,,8,78749.0,30.21533086,-97.83350145,,2020,2020,No
2020-09-14,2020-08-20,Building Permit,Residential,R- 434 Addition & Alterations,Addition and Remodel,Final,0.0,1.0,2.0,Unknown,78746.0,30.27992659,-97.82659686,Cooper Contracting Services Llc,2020,2020,No
2020-09-16,2019-06-14,Electrical Permit,Commercial,C- 327 Stores & Customer Services,New,Final,,1.0,1.0,7,78753.0,,,Jm Electric,2020,2020,No
2020-09-14,2019-02-11,Electrical Permit,Commercial,"C- 213 Hotels, Motels, & Tourist Cabins",New,Final,,1.0,1.0,4,78758.0,30.39113101,-97.71284738,I G Express Electric Co Llc,2020,2020,No
2020-09-25,2019-01-23,Building Permit,Residential,R- 329 Res Structures Other Than Bldg,New,Final,47000.0,1.0,1.0,5,78745.0,30.21742585,-97.80377103,Blue Bottom Pool & Spa Supply,2020,2020,Yes
2020-09-25,2020-09-15,Mechanical Permit,Residential,R- 101 Single Family Houses,New,Final,,1.0,2.0,7,78660.0,30.43649971,-97.65126142,Texas Comfort Air,2020,2020,No
2020-09-16,2020-01-29,Plumbing Permit,Residential,Residential,Repair,Final,,1.0,1.0,3,78745.0,30.21942526,-97.77744927,Deleon'S Plumbing,2020,2020,No
2020-09-22,2020-09-22,Plumbing Permit,Residential,Residential,Change Out,Final,,,,6,78750.0,30.46111301,-97.81433323,,2020,2020,No
2020-09-15,2020-05-07,Plumbing Permit,Residential,Residential,Irrigation,Final,,,,2,78747.0,30.15504532,-97.75983376,,2020,2020,No
2020-08-27,2020-08-26,Plumbing Permit,Residential,Residential,Change Out,Final,,,,6,78717.0,30.49782096,-97.77838269,Proven Plumbing Llc,2020,2020,No
2020-09-05,2020-05-19,Electrical Permit,Residential,R- 329 Res Structures Other Than Bldg,New,Final,,1.0,1.0,8,78652.0,30.16948767,-97.91923938,Generation Next Electric,2020,2020,No
2020-09-28,2020-07-24,Mechanical Permit,Residential,R- 101 Single Family Houses,New,Final,,1.0,1.0,1,78653.0,,,Air Temp Solutions,2020,2020,No
2020-09-14,2020-06-04,Electrical Permit,Commercial,C-1000 Commercial Remodel,Remodel,Final,,1.0,1.0,1,78752.0,,,Beckett Electrical Services,2020,2020,No
2020-09-15,2020-08-21,Building Permit,Commercial,C-1000 Commercial Remodel,Remodel,Final,,1.0,1.0,2,78719.0,30.19334288,-97.67077099,"The Brandt Companies, Llc ***Main***",2020,2020,No
2020-09-01,2020-08-26,Plumbing Permit,Residential,Residential,Repair,Final,,1.0,1.0,7,78759.0,30.40309286,-97.73328617,"Kinney'S Commercial, Inc",2020,2020,No
2020-09-14,2020-09-10,Electrical Permit,Residential,Residential,Upgrade,Expired,,1.0,1.0,2,78744.0,30.19014542,-97.75576772,,2020,2020,No
2020-09-02,2020-07-07,Mechanical Permit,Residential,R- 434 Addition & Alterations,Addition and Remodel,Final,,1.0,1.0,10,78759.0,30.41502194,-97.76473597,Oasis Services Llc,2020,2020,No
2020-09-01,2020-08-27,Mechanical Permit,Residential,Residential,Change Out,Final,,,,10,78750.0,30.37643148,-97.79664066,Mccullough Heating & Air,2020,2020,No
2020-09-14,2020-09-10,Electrical Permit,Residential,Residential,Upgrade,Final,,1.0,1.0,Unknown,78732.0,30.38059632,-97.8865981,"Tesla Energy Operations, Inc.",2020,2020,No
2020-09-11,2020-09-10,Electrical Permit,Residential,Residential,Repair,Final,,1.0,1.0,7,78758.0,30.39085682,-97.70200461,Charlie Morris Electrical Dial One Inc,2020,2020,No
2020-09-15,2020-02-06,Building Permit,Commercial,C-1000 Commercial Remodel,Remodel,Final,,1.0,1.0,6,78726.0,,,Champion Retail Services,2020,2020,No
2020-09-10,2020-06-10,Plumbing Permit,Residential,R- 329 Res Structures Other Than Bldg,New,Final,,1.0,1.0,8,78735.0,30.25063827,-97.87597147,,2020,2020,No
2020-09-01,2020-09-01,Plumbing Permit,Residential,Residential,New,Final,,1.0,1.0,Unknown,78744.0,30.1703898,-97.69581465,Victory Plumbing Company,2020,2020,No
2020-09-14,2020-07-29,Mechanical Permit,Residential,R- 101 Single Family Houses,New,Final,,1.0,2.0,1,78653.0,,,Air Temp Solutions,2020,2020,No
2020-09-10,2020-09-09,Electrical Permit,Residential,Residential,New,Final,,1.0,1.0,Unknown,78617.0,30.16315369,-97.63433629,"Austin Lanehart Electric Co., Inc.",2020,2020,No
2020-08-28,2020-08-21,Mechanical Permit,Residential,Residential,Change Out,Final,,,,1,78722.0,30.28341069,-97.70709173,,2020,2020,No
2020-09-30,2020-06-24,Electrical Permit,Residential,R- 101 Single Family Houses,New,Final,,1.0,1.0,1,78660.0,30.40194785,-97.61409277,Landmark Electric,2020,2020,No
2020-09-10,2020-09-09,Plumbing Permit,Residential,Residential,Irrigation,Final,,,,Unknown,78660.0,30.40776231,-97.62488898,,2020,2020,No
2020-09-29,2020-06-24,Driveway / Sidewalks,Residential,Res. Driveway & Sidewalk,New,Final,,,,1,78660.0,30.40213171,-97.61329433,D R Horton Homes,2020,2020,No
2020-09-24,2020-09-23,Plumbing Permit,Residential,Residential,Repair,Final,,1.0,0.0,7,78757.0,30.33268291,-97.73365228,,2020,2020,No
2020-09-15,2020-04-06,Plumbing Permit,Residential,Residential,Irrigation,Final,,,,1,78754.0,30.35192269,-97.60035975,,2020,2020,No
2020-09-03,2020-09-03,Plumbing Permit,Residential,Residential,Change Out,Expired,,,,2,78744.0,30.19787071,-97.74538856,Palencia Plumbing Llc,2020,2020,No
2020-09-21,2020-04-21,Building Permit,Residential,R- 101 Single Family Houses,New,Final,350000.0,1.0,2.0,7,78757.0,30.35671296,-97.73963925,"Paradisa Homes, Llc***Main***",2020,2020,Yes
2020-09-01,2017-07-06,Plumbing Permit,Commercial,C-1001 Commercial Finish Out,Remodel,Final,,11.0,33.0,9,78701.0,30.2563889,-97.7388366,"Biggs Plumbing Co, Inc",2020,2020,No
2020-08-31,2020-08-28,Electrical Permit,Residential,Residential,Repair,Final,,1.0,1.0,Unknown,78660.0,30.42355026,-97.65215811,"Austin Lanehart Electric Co., Inc.",2020,2020,No
2020-09-21,2020-07-28,Mechanical Permit,Commercial,C-1000 Commercial Remodel,Remodel,Final,,1.0,1.0,2,78744.0,30.20657863,-97.75113047,2R Mechanical,2020,2020,No
2020-09-23,2020-06-11,Plumbing Permit,Residential,R- 329 Res Structures Other Than Bldg,New,Expired,,1.0,0.0,8,78739.0,30.17915928,-97.90523101,Pk Plumbing,2020,2020,No
2020-09-10,2020-09-10,Building Permit,Residential,R- 435 Renovations/Remodel,Repair,Final,500.0,1.0,1.0,1,78754.0,30.37533935,-97.6565501,Randall Hays Contracting Llc,2020,2020,Yes
2020-09-28,2020-07-22,Building Permit,Residential,R- 434 Addition & Alterations,Addition and Remodel,Final,1.0,1.0,1.0,4,78758.0,30.37569265,-97.69591243,,2020,2020,Yes
2020-09-09,2020-02-18,Plumbing Permit,Residential,Residential,Irrigation,Final,,,,10,78703.0,30.28003699,-97.77195619,,2020,2020,No
2020-09-03,2019-12-20,Building Permit,Residential,R- 329 Res Structures Other Than Bldg,New,Final,1.0,1.0,1.0,10,78703.0,30.30756281,-97.77308627,Jgb Custom Homes,2020,2020,Yes
2020-09-02,2020-06-04,Plumbing Permit,Residential,R- 101 Single Family Houses,New,Final,,1.0,2.0,1,78660.0,30.39972817,-97.61408874,Christianson Plumbing,2020,2020,No
2020-08-31,2020-08-26,Electrical Permit,Residential,Residential,Upgrade,Final,,1.0,1.0,10,78759.0,30.42861826,-97.77333957,Grayzer Electric Llc,2020,2020,No
2020-09-10,2020-09-09,Building Permit,Residential,R- 435 Renovations/Remodel,Repair,Final,17055.0,1.0,1.0,10,78759.0,30.37799323,-97.7527705,Renewal By Andersen,2020,2020,Yes
2020-09-22,2020-08-14,Building Permit,Residential,R- 101 Single Family Houses,New,Final,0.0,1.0,2.0,10,78703.0,30.29773196,-97.77992055,Charles Martin Homes Llc,2020,2020,No
2020-09-23,2020-09-04,Plumbing Permit,Residential,R- 101 Single Family Houses,New,Final,,1.0,2.0,5,78748.0,30.16294682,-97.81947438,Victory Plumbing Company,2020,2020,No
2020-08-27,2020-07-27,Building Permit,Residential,R- 329 Res Structures Other Than Bldg,New,Final,1000.0,1.0,1.0,8,78739.0,30.18106367,-97.90239746,Trident Custom Pools,2020,2020,Yes
2020-09-09,2020-02-12,Driveway / Sidewalks,Residential,"Res. Driveway, Curb, Gutter",New,Final,,,,9,78705.0,,,,2020,2020,No
2020-09-19,2020-04-21,Driveway / Sidewalks,Residential,Res. Driveway & Sidewalk,New,Final,,,,1,78660.0,30.39914924,-97.61272802,D R Horton Homes,2020,2020,No
2020-08-28,2019-07-18,Mechanical Permit,Residential,R- 434 Addition & Alterations,Addition and Remodel,Final,,1.0,1.0,2,78745.0,30.19960135,-97.78975534,,2020,2020,No
2020-09-21,2020-09-15,Electrical Permit,Residential,Residential,Repair,Expired,,1.0,1.0,Unknown,78724.0,,,"Ies Residential, Inc.",2020,2020,No
2020-09-04,2019-09-25,Electrical Permit,Residential,R- 434 Addition & Alterations,Addition and Remodel,Final,,1.0,1.0,2,78744.0,30.17768868,-97.75259889,Edumar Electric,2020,2020,No
2020-09-22,2020-09-22,Plumbing Permit,Residential,Residential,New,Final,,1.0,1.0,Unknown,78617.0,30.16337929,-97.63486174,Victory Plumbing Company,2020,2020,No
2020-09-28,2020-07-13,Building Permit,Residential,R- 329 Res Structures Other Than Bldg,New,Final,96000.0,1.0,1.0,7,78727.0,30.41723412,-97.7278082,Austin Water Designs Llc,2020,2020,Yes
2020-09-18,2020-08-07,Electrical Permit,Residential,Residential,Repair,Final,,1.0,1.0,1,78724.0,30.28648809,-97.64002435,Allen Bebee Electric,2020,2020,No
2020-09-16,2020-08-28,Electrical Permit,Residential,Residential,Auxiliary Power,Final,,1.0,1.0,2,78617.0,30.16135209,-97.63459234,,2020,2020,No
2020-09-28,2020-09-25,Electrical Permit,Residential,Residential,Upgrade,Final,,1.0,1.0,7,78757.0,30.36924215,-97.73115064,,2020,2020,No
2020-09-25,2020-03-24,Electrical Permit,Commercial,C-1000 Commercial Remodel,Remodel,Final,,1.0,1.0,6,78717.0,30.47599917,-97.79652419,Cdi Ventures Inc. Dba Cdi Technology Services,2020,2020,No
2020-09-04,2020-03-18,Plumbing Permit,Residential,Residential,Irrigation,Final,,,,2,78747.0,,,,2020,2020,No
2020-09-25,2020-07-14,Mechanical Permit,Commercial,C-1000 Commercial Remodel,Remodel,Final,,0.0,1.0,7,78728.0,30.44424732,-97.70174348,Southland Industries,2020,2020,No
2020-08-31,2019-10-18,Mechanical Permit,Residential,R- 102 Secondary Apartment,New,Final,,1.0,2.0,9,78751.0,30.31605968,-97.7213341,"Airtek Mechanical, Inc.",2020,2020,No
2020-09-18,2020-07-16,Plumbing Permit,Residential,R- 434 Addition & Alterations,Addition and Remodel,Final,,1.0,1.0,7,78757.0,30.33372297,-97.72960699,Lugo'S Plumbing Service,2020,2020,No
2020-08-31,2020-07-01,Mechanical Permit,Residential,R- 101 Single Family Houses,New,Final,,1.0,2.0,2,78744.0,30.15906806,-97.7237918,,2020,2020,No
2020-09-10,2020-09-09,Plumbing Permit,Residential,Residential,Repair,Final,,1.0,1.0,5,78745.0,30.2165821,-97.79379555,,2020,2020,No
2020-09-01,2019-04-26,Mechanical Permit,Residential,R- 101 Single Family Houses,New,Final,,1.0,2.0,10,78703.0,30.29816825,-97.76582696,Altruistic A/C & Heating Llc,2020,2020,No
2020-09-14,2020-06-26,Electrical Permit,Residential,R- 329 Res Structures Other Than Bldg,New,Expired,,1.0,0.0,8,78739.0,30.18984188,-97.88591358,Arrow Electrical Services,2020,2020,No
2020-09-24,2020-09-21,Plumbing Permit,Residential,Residential,Repair,Final,,0.0,0.0,5,78747.0,30.14118304,-97.78094192,Plumb Masters Llc,2020,2020,No
2020-09-28,2020-09-23,Building Permit,Residential,R- 435 Renovations/Remodel,Repair,Expired,1000.0,1.0,1.0,1,78724.0,30.28379626,-97.62726772,Sears Home Improvement Products Inc.,2020,2020,Yes
2020-09-02,2020-05-28,Mechanical Permit,Residential,R- 101 Single Family Houses,New,Final,,1.0,2.0,1,78660.0,30.40000826,-97.61380797,Christianson Plumbing & Air Co,2020,2020,No
2020-09-03,2020-02-05,Mechanical Permit,Residential,R- 102 Secondary Apartment,New,Final,,1.0,2.0,1,78721.0,30.27899326,-97.6906195,Coolbear Heating & Air,2020,2020,No
2020-09-11,2020-09-10,Plumbing Permit,Residential,Residential,Irrigation,Final,,,,2,78747.0,30.15519019,-97.76033627,,2020,2020,No
2020-09-21,2020-05-05,Mechanical Permit,Residential,R- 102 Secondary Apartment,New,Final,,1.0,2.0,7,78757.0,30.33699804,-97.73025423,,2020,2020,No
2020-09-21,2020-08-18,Driveway / Sidewalks,Residential,Res. Driveway & Sidewalk,New,Final,,,,2,78744.0,,,Lennar Homes Of Texas***Main***,2020,2020,No
2020-09-01,2020-08-31,Mechanical Permit,Residential,Residential,Change Out,Final,,,,9,78723.0,30.29880988,-97.70078682,Air Care Today,2020,2020,No
2020-09-18,2020-04-07,Mechanical Permit,Residential,R- 101 Single Family Houses,New,Final,,1.0,1.0,2,78744.0,30.14809862,-97.71673023,,2020,2020,No
2020-08-27,2020-06-30,Electrical Permit,Residential,R- 101 Single Family Houses,New,Final,,1.0,2.0,2,78744.0,30.15869816,-97.72399485,"In Charge Electrical Services, Llc",2020,2020,No
2020-09-01,2020-08-31,Electrical Permit,Residential,Residential,Auxiliary Power,Final,,1.0,1.0,7,78660.0,30.43523268,-97.65776228,,2020,2020,No
2020-09-01,2020-03-13,Building Permit,Residential,R- 434 Addition & Alterations,Addition and Remodel,Final,16000.0,0.0,0.0,10,78703.0,30.29867775,-97.75490076,Capital City Tradesman,2020,2020,Yes
2020-09-01,2020-06-02,Driveway / Sidewalks,Residential,Res. Driveway & Sidewalk,New,Final,,,,1,78653.0,,,Brohn Homes,2020,2020,No
2020-09-28,2018-05-14,Building Permit,Commercial,C-1000 Commercial Remodel,Remodel,Final,,18.0,1.0,7,78758.0,30.39934526,-97.724535,Steve Hoegger & Associates,2020,2020,No
2020-09-24,2020-06-04,Plumbing Permit,Residential,R- 101 Single Family Houses,New,Final,,1.0,2.0,5,78704.0,30.25919626,-97.76514614,Christianson Plumbing,2020,2020,No
2020-09-22,2020-09-18,Mechanical Permit,Residential,Residential,Change Out,Expired,,,,8,78746.0,30.33651186,-97.80004298,Christianson Plumbing & Air Co,2020,2020,No
2020-08-29,2020-08-26,Plumbing Permit,Residential,Residential,Change Out,Final,,,,9,78704.0,30.25349219,-97.75570188,Beyond Wow Plumbing,2020,2020,No
2020-08-27,2020-08-26,Electrical Permit,Residential,Residential,New,Final,,1.0,1.0,Unknown,78724.0,30.26356487,-97.58786458,Landmark Electric,2020,2020,No
2020-09-24,2020-09-02,Plumbing Permit,Residential,Residential,Irrigation,Final,,,,1,78702.0,30.27742301,-97.70842711,,2020,2020,No
2020-09-25,2020-08-06,Electrical Permit,Residential,Residential,Upgrade,Final,,1.0,1.0,2,78744.0,30.18319682,-97.74820019,Green Light Solar Llc,2020,2020,No
2020-09-17,2020-05-27,Plumbing Permit,Residential,R- 329 Res Structures Other Than Bldg,New,Expired,,1.0,0.0,8,78748.0,30.14371445,-97.85189686,Pk Plumbing,2020,2020,No
2020-09-18,2020-09-15,Mechanical Permit,Residential,Residential,Change Out,Final,,,,10,78759.0,30.37330886,-97.7460539,,2020,2020,No
2020-09-03,2020-02-03,Plumbing Permit,Commercial,C- 105 Five or More Family Bldgs,New,Final,,30.0,3.0,1,78723.0,,,6B Plumbing,2020,2020,No
2020-09-02,2020-05-04,Electrical Permit,Residential,R- 434 Addition & Alterations,Addition and Remodel,Final,,1.0,1.0,3,78704.0,30.23463778,-97.75305987,Amped Electrical Services,2020,2020,No
2020-09-25,2020-06-24,Mechanical Permit,Residential,R- 434 Addition & Alterations,Addition and Remodel,Final,,1.0,2.0,7,78757.0,30.35806984,-97.74159128,Woods Comfort Systems,2020,2020,No
2020-08-28,2020-08-27,Electrical Permit,Residential,Residential,Repair,Expired,,1.0,1.0,8,78652.0,30.1718076,-97.92033991,"In Charge Electrical Services, Llc",2020,2020,No
2020-09-15,2019-11-12,Driveway / Sidewalks,Residential,Res. Driveway,New,Final,,,,3,78702.0,30.25996285,-97.70516323,Patriot Builders***Main**,2020,2020,No
2020-09-15,2020-06-11,Electrical Permit,Residential,Residential,Upgrade,Final,,1.0,1.0,8,78735.0,30.25690251,-97.83144936,J & S Vargas Electrical Service Co.,2020,2020,No
2020-09-17,2020-09-09,Plumbing Permit,Residential,Residential,Repair,Expired,,1.0,1.0,10,78731.0,30.35928949,-97.76888107,,2020,2020,No
2020-09-09,2020-06-04,Electrical Permit,Residential,R- 329 Res Structures Other Than Bldg,New,Final,,1.0,1.0,8,78652.0,30.16895771,-97.91753394,Bethea Electric,2020,2020,No
2020-09-24,2020-09-11,Building Permit,Commercial,C- 649 Demolition All Other Bldgs Com,Demolition,Final,0.0,1.0,1.0,7,78757.0,30.3403155,-97.73055156,Bartlett Cocke General Contractors (Main),2020,2020,No
2020-09-18,2020-06-15,Building Permit,Commercial,"C- 324 Office, Bank & Professional Bldgs",Shell,Final,43001919.0,1.0,5.0,6,78729.0,,,Je Dunn Construction ***Main***,2020,2020,Yes
2020-09-23,2020-05-14,Driveway / Sidewalks,Residential,Res. Driveway & Sidewalk,New,Final,,,,1,78660.0,30.39951247,-97.61260672,D R Horton Homes,2020,2020,No
2020-09-17,2020-09-16,Electrical Permit,Residential,Residential,Repair,Final,,1.0,1.0,8,78652.0,30.1711138,-97.92030026,"In Charge Electrical Services, Llc",2020,2020,No
2020-09-17,2020-08-27,Electrical Permit,Residential,Residential,New,Final,,1.0,1.0,Unknown,78660.0,,,,2020,2020,No
2020-09-18,2019-11-22,Building Permit,Residential,R- 101 Single Family Houses,New,Final,300000.0,1.0,1.0,8,78746.0,30.27216472,-97.80654465,Lohr Homes,2020,2020,Yes
2020-08-28,2020-08-20,Building Permit,Residential,R- 101 Single Family Houses,New,Final,290000.0,1.0,2.0,7,78660.0,30.43733022,-97.6519144,Blackburn Communities,2020,2020,Yes
2020-09-10,2020-06-03,Electrical Permit,Commercial,C-1000 Commercial Remodel,Remodel,Final,,1.0,1.0,8,78749.0,30.18419472,-97.85001838,Westar Electric Company,2020,2020,No
2020-09-28,2019-02-08,Plumbing Permit,Residential,R- 330  Accessory Use to Primary,New,Final,,1.0,2.0,10,78703.0,30.30573788,-97.75517491,Guerrero Plumbing,2020,2020,No
2020-09-24,2019-09-12,Mechanical Permit,Residential,R- 434 Addition & Alterations,Addition and Remodel,Final,,0.0,0.0,10,78730.0,30.3268499,-97.83042503,Allegiant Contractors Llc.,2020,2020,No
2020-09-17,2020-07-06,Plumbing Permit,Residential,Residential,Change Out,Expired,,,,10,78703.0,30.29607299,-97.75256792,Touchstone Plumbing Inc.,2020,2020,No
2020-09-08,2020-09-04,Plumbing Permit,Residential,Residential,New,Final,,1.0,1.0,Unknown,78744.0,30.16808803,-97.69783044,Victory Plumbing Company,2020,2020,No
2020-09-10,2020-09-09,Mechanical Permit,Residential,Residential,Change Out,Final,,,,10,78703.0,30.27869736,-97.75152408,Service Wizard Llc,2020,2020,No
2020-09-23,2019-03-18,Mechanical Permit,Commercial,C- 105 Five or More Family Bldgs,New,Final,,30.0,2.0,3,78702.0,30.25443597,-97.73258776,Asc Mechanical Contractors,2020,2020,No
2020-09-16,2020-08-12,Electrical Permit,Residential,R- 101 Single Family Houses,New,Final,,1.0,2.0,8,78652.0,30.1711138,-97.92030026,"In Charge Electrical Services, Llc",2020,2020,No
2020-08-28,2020-08-27,Electrical Permit,Residential,Residential,Repair,Final,,1.0,1.0,2,78744.0,30.20236568,-97.75142989,Drh Electrical & Home Services Llc,2020,2020,No
2020-09-22,2019-08-02,Electrical Permit,Residential,R- 103 Two Family Bldgs,New,Final,,2.0,2.0,2,78617.0,,,,2020,2020,No
2020-09-03,2020-09-02,Electrical Permit,Residential,Residential,Repair,Expired,,1.0,1.0,5,78745.0,30.20508908,-97.82774398,Avalon Electric,2020,2020,No
2020-09-23,2020-09-22,Mechanical Permit,Commercial,Commercial,Change Out,Final,,,,2,78744.0,30.21401971,-97.74058579,Pro-Air Engineering Inc,2020,2020,No
2020-09-10,2020-06-24,Building Permit,Residential,R- 434 Addition & Alterations,Addition and Remodel,Final,1.0,1.0,1.0,8,78652.0,30.16929877,-97.91928525,"Cody Pools, Inc. **Main",2020,2020,Yes
2020-09-02,2020-06-30,Electrical Permit,Commercial,C-1000 Commercial Remodel,Remodel,Final,,1.0,3.0,10,78746.0,30.34715945,-97.80037855,Neyland Electrical Services Llc,2020,2020,No
2020-08-27,2020-06-01,Electrical Permit,Residential,R- 101 Single Family Houses,New,Final,,1.0,3.0,3,78702.0,,,Skyline Electric Llc,2020,2020,No
2020-09-18,2020-09-16,Mechanical Permit,Residential,Residential,Change Out,Final,,,,10,78759.0,30.41273538,-97.76619631,Mccullough Heating & Air,2020,2020,No
2020-09-10,2020-07-08,Building Permit,Residential,R- 329 Res Structures Other Than Bldg,New,Final,86000.0,1.0,0.0,10,78759.0,30.42163593,-97.75688606,Anthony & Sylvan Pools Corporation,2020,2020,Yes
2020-09-18,2019-06-11,Mechanical Permit,Commercial,C- 105 Five or More Family Bldgs,New,Final,,22.0,3.0,1,78754.0,30.38480118,-97.64920025,Encore Mechanical,2020,2020,No
2020-09-23,2020-09-03,Building Permit,Residential,R- 435 Renovations/Remodel,Repair,Expired,6243.0,1.0,1.0,1,78724.0,30.28695415,-97.66216091,Power Hrg,2020,2020,Yes
2020-09-08,2020-09-03,Plumbing Permit,Residential,Residential,Irrigation,Final,,,,Unknown,78660.0,,,,2020,2020,No
2020-08-27,2020-08-27,Mechanical Permit,Residential,Residential,Change Out,Final,,,,5,78748.0,30.15918639,-97.83629234,"Dash Service, Llc",2020,2020,No
2020-09-28,2020-09-18,Mechanical Permit,Residential,Residential,Change Out,Final,,,,8,78749.0,30.19692234,-97.85509897,,2020,2020,No
2020-09-28,2020-01-24,Mechanical Permit,Commercial,C-1000 Commercial Remodel,Remodel,Final,,1.0,1.0,3,78745.0,,,Austin Refrigeration Llc,2020,2020,No
2020-09-09,2020-09-08,Mechanical Permit,Residential,Residential,Change Out,Final,,,,1,78702.0,30.26392145,-97.71474129,Damairv Air Conditioning,2020,2020,No
2020-09-15,2020-08-04,Plumbing Permit,Residential,R- 101 Single Family Houses,New,Final,,1.0,2.0,8,78652.0,30.17092393,-97.92073231,,2020,2020,No
2020-09-22,2020-09-16,Electrical Permit,Residential,Residential,Repair,Final,,1.0,1.0,7,78727.0,30.41929613,-97.68118109,"Rke Electric, Inc. Dba Lone Star Electric",2020,2020,No
2020-09-21,2020-06-12,Plumbing Permit,Commercial,C- 104 Three & Four Family Bldgs,New,Final,,4.0,3.0,10,78731.0,30.31447231,-97.75199975,"Accent Plumbing, Inc.",2020,2020,No
2020-09-25,2020-06-11,Driveway / Sidewalks,Residential,Res. Driveway & Sidewalk,New,Final,,,,1,78660.0,30.40107308,-97.61447599,D R Horton Homes,2020,2020,No
2020-09-29,2020-08-14,Electrical Permit,Residential,R- 101 Single Family Houses,New,Final,,1.0,1.0,7,78753.0,30.40619547,-97.64507288,"In Charge Electrical Services, Llc",2020,2020,No
2020-09-02,2020-06-30,Plumbing Permit,Commercial,C-1000 Commercial Remodel,Remodel,Final,,1.0,3.0,10,78746.0,30.34715945,-97.80037855,Joe Clark Mechanical Services,2020,2020,No
2020-08-31,2020-02-26,Electrical Permit,Commercial,C- 105 Five or More Family Bldgs,New,Final,,24.0,3.0,1,78724.0,,,"Msf Electric, Inc.",2020,2020,No
2020-08-31,2020-08-24,Mechanical Permit,Residential,Residential,Change Out,Expired,,,,7,78727.0,,,,2020,2020,No
2020-09-09,2020-08-24,Plumbing Permit,Commercial,"C- 437 Addn, Alter, Convn-NonRes",Shell,Final,,1.0,1.0,3,78702.0,30.26324706,-97.72820618,Airco Mechanical,2020,2020,No
2020-09-25,2020-07-06,Plumbing Permit,Residential,Residential,Irrigation,Final,,,,7,78757.0,,,,2020,2020,No
2020-09-10,2020-09-09,Plumbing Permit,Residential,Residential,Irrigation,Final,,,,Unknown,78660.0,30.40696322,-97.62481941,,2020,2020,No
2020-09-16,2020-08-25,Building Permit,Residential,R- 101 Single Family Houses,New,Final,228800.0,1.0,2.0,2,78744.0,30.14873643,-97.71550724,Brookfield Residential Texas Homes Llc,2020,2020,Yes
2020-09-11,2019-05-10,Driveway / Sidewalks,Residential,Res. Driveway,New,Final,,,,3,78702.0,30.26123153,-97.70613939,,2020,2020,No
2020-09-25,2020-09-23,Plumbing Permit,Residential,Residential,Irrigation,Final,,,,Unknown,78660.0,30.40711299,-97.62500876,,2020,2020,No
2020-09-08,2020-06-04,Building Permit,Residential,R- 101 Single Family Houses,New,Final,1.0,1.0,2.0,1,78721.0,30.27659459,-97.69594226,"Psw Gc, Llc",2020,2020,Yes
2020-09-04,2020-04-23,Mechanical Permit,Residential,R- 435 Renovations/Remodel,Repair,Final,,1.0,1.0,6,78750.0,,,Emerald Hvac Services,2020,2020,No
2020-08-31,2020-08-28,Plumbing Permit,Residential,Residential,New,Final,,1.0,1.0,Unknown,78652.0,30.12273758,-97.82155435,Christianson Plumbing,2020,2020,No
2020-09-01,2020-08-31,Building Permit,Commercial,C-1000 Commercial Remodel,Interior Demo Non-Structural,Final,0.0,1.0,1.0,7,78758.0,30.40264438,-97.71947053,Timberwolff Construction Inc.,2020,2020,No
2020-08-27,2020-06-29,Plumbing Permit,Residential,Residential,Repair,Final,,1.0,2.0,5,78747.0,30.13266809,-97.78397325,Make It Drain Llc,2020,2020,No
2020-09-08,2020-08-31,Electrical Permit,Residential,Residential,Auxiliary Power,Final,,1.0,1.0,2,78744.0,30.19756264,-97.73452404,Titan Solar Power Tx Inc,2020,2020,No
2020-09-16,2020-09-15,Building Permit,Residential,R- 435 Renovations/Remodel,Repair,Final,800.0,1.0,1.0,10,78730.0,30.36491609,-97.85105189,Suttin Construction,2020,2020,Yes
2020-09-29,2020-06-01,Electrical Permit,Commercial,C-1000 Commercial Remodel,Remodel,Final,,6.0,2.0,2,78744.0,30.1996283,-97.73520938,Agape Electric Ltd,2020,2020,No
2020-09-29,2020-03-05,Mechanical Permit,Residential,R- 101 Single Family Houses,New,Final,,1.0,1.0,1,78724.0,30.29452972,-97.64183156,,2020,2020,No
2020-09-24,2020-05-05,Plumbing Permit,Commercial,C-1000 Commercial Remodel,Remodel,Final,,1.0,1.0,9,78701.0,,,D3 Mechanical Llc,2020,2020,No
2020-09-23,2020-05-28,Driveway / Sidewalks,Residential,Res. Driveway & Sidewalk,New,Final,,,,1,78660.0,30.40016318,-97.61346092,D R Horton Homes,2020,2020,No
2020-09-10,2020-09-01,Plumbing Permit,Residential,Residential,Repair,Final,,1.0,0.0,5,78704.0,30.25803459,-97.77747272,Beyond Wow Plumbing,2020,2020,No
2020-09-08,2020-09-04,Mechanical Permit,Residential,Residential,Change Out,Final,,,,8,78746.0,30.32579585,-97.80976572,Service Wizard Llc,2020,2020,No
2020-09-02,2020-06-05,Building Permit,Residential,R- 101 Single Family Houses,New,Final,197250.0,1.0,2.0,5,78748.0,30.13103407,-97.80822724,Lennar Homes Of Texas***Main***,2020,2020,Yes
2020-08-31,2020-06-19,Driveway / Sidewalks,Residential,Res. Driveway & Sidewalk,New,Final,,,,1,78724.0,30.30606419,-97.64730432,"Paradisa Homes, Llc***Main***",2020,2020,No
2020-08-27,2020-06-03,Building Permit,Residential,R- 434 Addition & Alterations,Addition and Remodel,Final,1.0,1.0,2.0,10,78731.0,30.35473623,-97.76523456,,2020,2020,Yes
2020-09-08,2020-07-01,Plumbing Permit,Residential,R- 101 Single Family Houses,New,Final,,1.0,1.0,1,78660.0,30.40117018,-97.61347693,Christianson Plumbing,2020,2020,No
2020-09-23,2020-06-11,Driveway / Sidewalks,Residential,Res. Driveway & Sidewalk,New,Final,,,,1,78660.0,30.40103574,-97.61310314,D R Horton Homes,2020,2020,No
2020-09-18,2020-07-17,Mechanical Permit,Residential,R- 101 Single Family Houses,New,Final,,1.0,2.0,6,78717.0,30.50124169,-97.74728926,,2020,2020,No
2020-09-23,2020-09-16,Plumbing Permit,Commercial,Commercial,Irrigation,Final,,,,8,78739.0,30.17105289,-97.89199507,,2020,2020,No
2020-08-28,2020-05-13,Driveway / Sidewalks,Residential,Res. Driveway & Sidewalk,New,Final,,,,1,78653.0,,,Brohn Homes,2020,2020,No
2020-09-21,2020-09-08,Building Permit,Residential,R- 645 Demolition One Family Homes,Demolition,Final,7989.0,1.0,1.0,3,78702.0,30.25864331,-97.71755843,Aar Incorporated,2020,2020,Yes
2020-09-01,2019-08-02,Mechanical Permit,Residential,R- 101 Single Family Houses,New,Final,,1.0,2.0,1,78721.0,30.27629861,-97.69692952,Infinity Heating And Cooling,2020,2020,No
2020-09-28,2020-09-25,Plumbing Permit,Residential,Residential,Irrigation,Expired,,,,Unknown,78728.0,30.46012341,-97.6856006,,2020,2020,No
2020-09-14,2020-08-20,Electrical Permit,Residential,Residential,Upgrade,Final,,1.0,1.0,5,78704.0,30.25285684,-97.77256948,"Tesla Energy Operations, Inc.",2020,2020,No
2020-09-11,2020-06-23,Plumbing Permit,Commercial,C-1000 Commercial Remodel,Repair,Final,,1.0,1.0,6,78727.0,,,South Star Plumbing,2020,2020,No
2020-08-28,2020-08-27,Mechanical Permit,Residential,Residential,Change Out,Final,,,,5,78704.0,30.2371167,-97.78083271,,2020,2020,No
2020-09-10,2020-07-30,Mechanical Permit,Residential,Residential,Change Out,Expired,,,,10,78703.0,30.29230999,-97.77490121,Smart Air Service Co.,2020,2020,No
2020-09-22,2020-09-21,Plumbing Permit,Residential,Residential,Change Out,Expired,,,,10,78731.0,30.34245617,-97.77597803,,2020,2020,No
2020-09-25,2020-08-17,Plumbing Permit,Residential,Residential,Irrigation,Final,,,,2,78617.0,30.15596714,-97.63943627,,2020,2020,No
2020-09-18,2020-09-17,Electrical Permit,Residential,Residential,Repair,Expired,,1.0,1.0,8,78652.0,30.17012599,-97.92012869,"In Charge Electrical Services, Llc",2020,2020,No
2020-09-09,2020-08-26,Electrical Permit,Commercial,Commercial,Repair,Final,,1.0,1.0,9,78704.0,30.25571158,-97.7625396,,2020,2020,No
2020-09-28,2020-08-28,Building Permit,Residential,R- 329 Res Structures Other Than Bldg,New,Final,1.0,0.0,0.0,6,78717.0,30.49127876,-97.79994546,"Aquamarine Pools Of Texas, Llc",2020,2020,Yes
2020-09-28,2020-09-18,Electrical Permit,Residential,Residential,Auxiliary Power,Final,,1.0,1.0,5,78747.0,30.13757821,-97.79272888,Chargestore Llc,2020,2020,No
2020-09-24,2020-07-30,Plumbing Permit,Residential,R- 101 Single Family Houses,New,Final,,1.0,2.0,2,78744.0,30.15464532,-97.71717963,Victory Plumbing Company,2020,2020,No
2020-09-17,2020-06-11,Electrical Permit,Residential,R- 101 Single Family Houses,New,Final,,1.0,1.0,1,78660.0,30.39884061,-97.61334911,Landmark Electric,2020,2020,No
2020-09-09,2020-08-24,Electrical Permit,Residential,Residential,Auxiliary Power,Final,,1.0,1.0,1,78660.0,30.39926575,-97.61692886,,2020,2020,No
2020-09-09,2020-09-08,Mechanical Permit,Residential,Residential,Change Out,Expired,,,,9,78704.0,30.24829208,-97.76134961,Totally Cool,2020,2020,No
2020-08-27,2020-08-26,Electrical Permit,Commercial,Commercial,Repair,Expired,,1.0,1.0,6,78729.0,,,,2020,2020,No
2020-09-10,2020-09-10,Building Permit,Commercial,C-1000 Commercial Remodel,Interior Demo Non-Structural,Expired,0.0,1.0,1.0,9,78704.0,30.25142497,-97.74865448,Rand Construction Corporation,2020,2020,No
2020-09-24,2019-11-07,Plumbing Permit,Residential,R- 101 Single Family Houses,New,Final,,1.0,2.0,1,78723.0,,,Victory Plumbing Company,2020,2020,No
2020-09-22,2020-09-21,Mechanical Permit,Residential,Residential,Change Out,Expired,,,,2,78747.0,30.13840449,-97.76756405,,2020,2020,No
2020-09-21,2020-09-21,Plumbing Permit,Residential,Residential,New,Final,,1.0,1.0,Unknown,78744.0,30.17025361,-97.69574556,Victory Plumbing Company,2020,2020,No
2020-08-28,2020-06-02,Driveway / Sidewalks,Residential,Res. Driveway & Sidewalk,New,Final,,,,1,78724.0,30.32065529,-97.65625689,Kb Home,2020,2020,No
2020-09-09,2020-08-31,Mechanical Permit,Residential,Residential,Change Out,Final,,,,5,78747.0,30.14592874,-97.78598423,American Residential Services (Ars),2020,2020,No
2020-09-25,2020-09-24,Mechanical Permit,Residential,Residential,Change Out,Final,,,,8,78749.0,30.22233083,-97.85603369,"Dash Service, Llc",2020,2020,No
2020-09-15,2020-03-25,Building Permit,Residential,R- 101 Single Family Houses,New,Final,0.0,1.0,2.0,10,78731.0,30.33101727,-97.76935354,Miars Construction **Main**,2020,2020,No
2020-09-24,2018-06-25,Plumbing Permit,Residential,R- 103 Two Family Bldgs,New,Final,,2.0,2.0,3,78702.0,,,All Star Trade Pros Llc,2020,2020,No
2020-08-28,2020-06-16,Electrical Permit,Residential,R- 101 Single Family Houses,New,Final,,1.0,2.0,2,78744.0,30.15880248,-97.72465983,"In Charge Electrical Services, Llc",2020,2020,No
2020-09-18,2020-09-17,Electrical Permit,Residential,Residential,Repair,Final,,1.0,1.0,1,78724.0,30.29482917,-97.6428628,,2020,2020,No
2020-09-11,2020-09-02,Electrical Permit,Residential,Residential,Upgrade,Final,,1.0,1.0,5,78745.0,30.21988186,-97.78863857,Ameritech Electrical And Air Conditioning,2020,2020,No
2020-09-01,2020-08-18,Plumbing Permit,Residential,R- 435 Renovations/Remodel,Repair,Final,,1.0,1.0,10,78703.0,30.28787147,-97.77162152,Star Of Texas Plumbing Llc,2020,2020,No
2020-09-01,2020-08-25,Electrical Permit,Commercial,Commercial,Repair,Final,,1.0,1.0,8,78736.0,,,Ac Electric,2020,2020,No
2020-09-01,2020-08-25,Driveway / Sidewalks,Residential,Res. Driveway,New,Final,,,,10,78703.0,30.28541309,-97.75737205,,2020,2020,No
2020-09-21,2020-05-07,Plumbing Permit,Residential,R- 434 Addition & Alterations,Addition and Remodel,Final,,1.0,2.0,7,78757.0,30.3380965,-97.72475807,4U Plumbing,2020,2020,No
2020-09-17,2020-09-09,Mechanical Permit,Commercial,Commercial,Change Out,Final,,,,6,78729.0,,,A & H Inc,2020,2020,No
2020-09-14,2020-09-11,Electrical Permit,Residential,Residential,Auxiliary Power,Final,,1.0,1.0,2,78744.0,,,"Solstema, Llc",2020,2020,No
2020-09-18,2020-09-15,Mechanical Permit,Residential,Residential,Change Out,Expired,,,,9,78704.0,30.24343913,-97.74925469,,2020,2020,No
2020-08-27,2020-06-16,Electrical Permit,Residential,R- 101 Single Family Houses,New,Final,,1.0,2.0,2,78744.0,30.15898778,-97.72457571,"In Charge Electrical Services, Llc",2020,2020,No
2020-09-11,2020-09-02,Mechanical Permit,Residential,Residential,Change Out,Final,,,,1,78753.0,30.38908047,-97.65484249,American Residential Services (Ars),2020,2020,No
2020-09-24,2020-03-02,Plumbing Permit,Commercial,C-1000 Commercial Remodel,Remodel,Final,,1.0,2.0,4,78753.0,30.35444794,-97.68546322,Premier Plumbing Services,2020,2020,No
2020-09-21,2020-06-16,Plumbing Permit,Residential,Residential,Repair,Final,,1.0,1.0,7,78756.0,30.32343234,-97.73061387,,2020,2020,No
2020-09-21,2020-02-28,Building Permit,Commercial,C- 105 Five or More Family Bldgs,New,Final,35000000.0,24.0,3.0,6,78717.0,,,Oht Construction Llc ***Main***,2020,2020,Yes
2020-09-01,2020-08-10,Building Permit,Residential,R- 645 Demolition One Family Homes,Demolition,Final,0.0,1.0,2.0,10,78703.0,30.29684705,-97.77471438,Dar Construction,2020,2020,No
2020-09-24,2020-02-13,Building Permit,Residential,R- 435 Renovations/Remodel,Repair,Final,6397.0,1.0,1.0,7,78727.0,30.41474005,-97.72688553,Renewal By Andersen,2020,2020,Yes
2020-09-14,2020-03-23,Plumbing Permit,Residential,Residential,Change Out,Final,,,,2,78748.0,30.17540427,-97.80140801,G & M Plumbing,2020,2020,No
2020-09-15,2020-09-02,Electrical Permit,Residential,Residential,New,Final,,1.0,1.0,Unknown,78724.0,30.26239638,-97.58839842,Landmark Electric,2020,2020,No
2020-09-15,2020-09-14,Plumbing Permit,Residential,Residential,Change Out,Final,,,,1,78724.0,30.29002066,-97.66043752,,2020,2020,No
2020-09-29,2019-10-16,Building Permit,Residential,R- 330  Accessory Use to Primary,New,Expired,45000.0,1.0,2.0,9,78751.0,30.30807524,-97.72416217,,2020,2020,Yes
2020-09-17,2020-02-24,Plumbing Permit,Residential,R- 101 Single Family Houses,New,Final,,1.0,2.0,10,78731.0,30.33734563,-97.78286091,Atech Plumbing,2020,2020,No
2020-09-28,2020-06-29,Mechanical Permit,Residential,R- 101 Single Family Houses,New,Final,,1.0,1.0,1,78724.0,30.32052417,-97.65471976,,2020,2020,No
2020-09-25,2018-09-13,Mechanical Permit,Commercial,C- 105 Five or More Family Bldgs,New,Final,,37.0,3.0,1,78702.0,30.2711754,-97.73181677,City Wide Mechanical Inc.,2020,2020,No
2020-08-31,2020-08-28,Electrical Permit,Residential,Residential,Upgrade,Final,,1.0,1.0,2,78744.0,30.18499236,-97.75773184,Moreno Electric,2020,2020,No
2020-09-02,2019-08-07,Mechanical Permit,Commercial,C- 328 Commercial Other Nonresident Bldg,New,Final,,1.0,1.0,6,78717.0,,,A-1 Air Conditioning,2020,2020,No
2020-09-16,2020-07-24,Building Permit,Residential,R- 434 Addition & Alterations,Addition and Remodel,Final,1.0,1.0,1.0,8,78749.0,30.20633317,-97.87189605,Hidden Creek Custom Homes Llc,2020,2020,Yes
2020-09-01,2020-08-31,Electrical Permit,Residential,Residential,Auxiliary Power,Expired,,1.0,1.0,1,78754.0,30.35168014,-97.60227262,"Tesla Energy Operations, Inc.",2020,2020,No
2020-09-22,2020-08-07,Plumbing Permit,Residential,Residential,Repair,Final,,0.0,0.0,1,78724.0,30.2869939,-97.64066626,"La Casita Plumbing, Llc",2020,2020,No
2020-09-21,2020-05-08,Building Permit,Residential,R- 434 Addition & Alterations,Addition and Remodel,Final,50000.0,1.0,1.0,8,78745.0,30.20273239,-97.83634784,Pagosa Builders Llc,2020,2020,Yes
2020-09-25,2020-08-17,Building Permit,Residential,R- 101 Single Family Houses,New,Final,236895.0,1.0,2.0,1,78754.0,30.34945754,-97.6034233,Rsi Communities (Do Not Use),2020,2020,Yes
2020-09-21,2020-08-03,Building Permit,Commercial,C-1000 Commercial Remodel,Remodel,Final,,1.0,1.0,10,78730.0,30.35339807,-97.79694513,,2020,2020,No
2020-08-19,2020-04-20,Plumbing Permit,Commercial,C-1001 Commercial Finish Out,Remodel,Final,,10.0,1.0,9,78705.0,30.28805303,-97.74411466,,2020,2020,No
2020-08-28,2020-03-17,Mechanical Permit,Commercial,C-1000 Commercial Remodel,Remodel,Final,,1.0,2.0,2,78744.0,,,Novo Construction **Main**,2020,2020,No
2020-09-03,2020-09-01,Electrical Permit,Residential,Residential,Repair,Final,,1.0,1.0,7,78660.0,30.43706836,-97.65623534,,2020,2020,No
2020-09-16,2020-09-15,Electrical Permit,Residential,Residential,Repair,Final,,1.0,1.0,4,78758.0,30.37188015,-97.70876163,Green Light Solar Llc,2020,2020,No
2020-09-01,2020-06-09,Driveway / Sidewalks,Residential,Res. Driveway & Sidewalk,New,Final,,,,7,78753.0,30.40558306,-97.64485515,"Century Land Holdings Ii, Llc",2020,2020,No
2020-08-31,2020-07-07,Electrical Permit,Residential,R- 101 Single Family Houses,New,Final,,1.0,2.0,10,78731.0,30.32676559,-97.7684076,Southern Cross Electric Dba: Aussie Electric Inc.,2020,2020,No
2020-09-01,2020-08-31,Building Permit,Residential,R- 435 Renovations/Remodel,Repair,Final,4239.0,1.0,1.0,8,78739.0,30.18144203,-97.89207447,Doors & Company,2020,2020,Yes
2020-09-21,2020-09-16,Mechanical Permit,Residential,Residential,Change Out,Expired,,,,8,78735.0,30.25074342,-97.82618234,,2020,2020,No
2020-09-29,2020-05-14,Mechanical Permit,Residential,R- 101 Single Family Houses,New,Final,,1.0,2.0,1,78660.0,30.40008734,-97.61325682,Christianson Plumbing & Air Co,2020,2020,No
2020-09-28,2020-09-21,Plumbing Permit,Residential,Residential,Repair,Final,,1.0,1.0,1,78723.0,30.31664121,-97.67775104,Beyond Wow Plumbing,2020,2020,No
2020-09-09,2020-06-11,Plumbing Permit,Residential,R- 434 Addition & Alterations,Addition and Remodel,Final,,1.0,0.0,8,78735.0,30.25690251,-97.83144936,,2020,2020,No
2020-08-31,2020-06-01,Building Permit,Commercial,C-1000 Commercial Remodel,Remodel,Final,,4.0,2.0,2,78744.0,30.1996283,-97.73520938,"Legacy Construction Sercives, Llc",2020,2020,No
2020-09-15,2020-06-04,Building Permit,Commercial,C-1000 Commercial Remodel,Remodel,Final,,1.0,1.0,4,78752.0,,,Tozee Construction,2020,2020,No
2020-09-04,2020-07-15,Building Permit,Residential,R- 329 Res Structures Other Than Bldg,New,Final,59000.0,1.0,1.0,7,78757.0,30.36429531,-97.73649519,Anthony & Sylvan Pools Corporation,2020,2020,Yes
2020-08-28,2020-08-27,Plumbing Permit,Residential,Residential,Irrigation,Final,,,,Unknown,78728.0,30.46242815,-97.67773957,,2020,2020,No
2020-09-15,2020-09-14,Electrical Permit,Residential,Residential,Repair,Final,,1.0,1.0,10,78759.0,30.37637224,-97.74248559,Bethea Electric,2020,2020,No
2020-08-27,2020-07-15,Building Permit,Residential,R- 329 Res Structures Other Than Bldg,New,Final,60000.0,1.0,0.0,4,78752.0,30.33899362,-97.71291282,Hample Pools And Service,2020,2020,Yes
2020-09-23,2020-06-24,Driveway / Sidewalks,Residential,Res. Driveway & Sidewalk,New,Final,,,,1,78660.0,30.40204826,-97.61363937,D R Horton Homes,2020,2020,No
2020-09-08,2019-11-05,Electrical Permit,Residential,R- 101 Single Family Houses,New,Final,,1.0,1.0,10,78730.0,30.35028803,-97.87149216,"Terry Maxwell Electric, Inc.",2020,2020,No
2020-09-17,2020-06-16,Plumbing Permit,Residential,R- 434 Addition & Alterations,Addition and Remodel,Final,,1.0,1.0,5,78745.0,30.21761008,-97.80753157,Fast Plumbing Llc,2020,2020,No
2020-09-23,2020-06-15,Mechanical Permit,Residential,R- 435 Renovations/Remodel,Repair,Final,,1.0,1.0,3,78702.0,30.25639325,-97.72361353,"Firefly Comfort Systems, Llc",2020,2020,No
2020-09-15,2020-08-07,Plumbing Permit,Residential,Residential,Repair,Final,,1.0,1.0,1,78724.0,30.28648809,-97.64002435,"La Casita Plumbing, Llc",2020,2020,No
2020-09-24,2020-05-29,Building Permit,Residential,R- 434 Addition & Alterations,Addition and Remodel,Final,1963.0,1.0,1.0,6,78750.0,30.45743278,-97.79978135,Chase Black Construction,2020,2020,Yes
2020-09-03,2020-02-03,Plumbing Permit,Commercial,Commercial,Fireline,Final,,,,1,78723.0,,,,2020,2020,No
2020-09-16,2020-09-14,Electrical Permit,Residential,Residential,Repair,Final,,1.0,1.0,Unknown,78617.0,30.16246122,-97.6347576,"Austin Lanehart Electric Co., Inc.",2020,2020,No
2020-08-28,2020-07-23,Electrical Permit,Residential,R- 101 Single Family Houses,New,Final,,1.0,1.0,2,78744.0,30.14753368,-97.71748287,"In Charge Electrical Services, Llc",2020,2020,No
2020-09-11,2019-05-24,Mechanical Permit,Residential,R- 434 Addition & Alterations,Addition and Remodel,Active,,1.0,1.0,7,78757.0,30.33576117,-97.73178419,,2020,2020,No
2020-09-25,2020-01-23,Electrical Permit,Residential,R- 101 Single Family Houses,New,Final,,1.0,2.0,1,78721.0,,,Aei Electric Llc,2020,2020,No
2020-09-24,2020-09-22,Plumbing Permit,Residential,R- 101 Single Family Houses,New,Final,,1.0,2.0,2,78747.0,30.13954372,-97.76307215,Victory Plumbing Company,2020,2020,No
2020-09-16,2020-03-13,Plumbing Permit,Commercial,C-1000 Commercial Remodel,Remodel,Final,,1.0,1.0,6,78717.0,30.47332505,-97.79564838,Alvarado Plumbing,2020,2020,No
2020-08-28,2020-08-05,Building Permit,Residential,R- 435 Renovations/Remodel,Repair,Final,4875.0,1.0,1.0,7,78757.0,30.36822948,-97.73696018,Level Best Foundation Repair Inc,2020,2020,Yes
2020-08-31,2020-05-27,Electrical Permit,Commercial,C-1000 Commercial Remodel,Remodel,Final,,1.0,1.0,7,78759.0,30.40659659,-97.72785138,Parker Electric,2020,2020,No
2020-08-28,2020-08-27,Mechanical Permit,Residential,Residential,Change Out,VOID,,,,10,78730.0,30.36565084,-97.85164194,,2020,2020,No
2020-09-21,2018-10-17,Electrical Permit,Residential,R- 102 Secondary Apartment,New,Final,,1.0,2.0,3,78702.0,30.25521925,-97.73188235,Smith Electric,2020,2020,No
2020-09-24,2020-09-23,Plumbing Permit,Residential,Residential,Repair,Final,,0.0,0.0,10,78730.0,30.36971896,-97.82227106,Christianson Plumbing,2020,2020,No
2020-09-14,2019-03-22,Mechanical Permit,Commercial,Commercial,Repair,Final,,0.0,0.0,3,78702.0,30.26385185,-97.73252422,Boyd Refrigeration Llc,2020,2020,No
2020-09-02,2020-03-31,Electrical Permit,Commercial,C- 105 Five or More Family Bldgs,New,Final,,48.0,6.0,3,78741.0,,,Jaime Vega Electric Llc,2020,2020,No
2020-09-08,2020-09-03,Plumbing Permit,Residential,Residential,Change Out,Final,,,,3,78702.0,30.25547465,-97.71028154,,2020,2020,No
2020-09-03,2020-09-01,Mechanical Permit,Residential,Residential,Change Out,Final,,,,10,78731.0,30.37233841,-97.76564762,Casa Mechanical Services,2020,2020,No
2020-09-21,2020-09-16,Electrical Permit,Residential,Residential,Repair,Final,,1.0,1.0,2,78744.0,30.14685218,-97.71670384,"Ies Residential, Inc.",2020,2020,No
2020-09-03,2020-03-02,Electrical Permit,Commercial,C-1000 Commercial Remodel,Remodel,Final,,1.0,2.0,4,78753.0,30.35444794,-97.68546322,Crown Electric,2020,2020,No
2020-09-27,2019-05-14,Plumbing Permit,Residential,Residential,Irrigation,Final,,,,10,78731.0,30.36030834,-97.77210798,,2020,2020,No
2020-09-25,2020-09-24,Electrical Permit,Residential,Residential,Auxiliary Power,Final,,1.0,1.0,Unknown,78732.0,30.37717763,-97.89612791,,2020,2020,No
2020-09-29,2020-06-04,Driveway / Sidewalks,Residential,Res. Driveway & Sidewalk,New,Final,,,,1,78660.0,30.3995153,-97.61403763,,2020,2020,No
2020-09-03,2020-02-26,Plumbing Permit,Commercial,C- 105 Five or More Family Bldgs,New,Final,,30.0,3.0,1,78724.0,,,J & D Vision Plumbing,2020,2020,No
2020-09-16,2020-09-15,Electrical Permit,Residential,Residential,Upgrade,Final,,1.0,1.0,2,78744.0,30.20237484,-97.75065705,J & S Vargas Electrical Service Co.,2020,2020,No
2020-09-23,2020-09-17,Mechanical Permit,Commercial,Commercial,Change Out,Final,,,,10,78759.0,,,Blueair Llc,2020,2020,No
2020-09-30,2020-03-16,Plumbing Permit,Residential,Residential,Irrigation,Final,,,,1,78724.0,30.32057413,-97.65566313,,2020,2020,No
2020-09-22,2020-09-18,Plumbing Permit,Residential,Residential,Change Out,Final,,1.0,,3,78745.0,,,,2020,2020,No
2020-09-16,2020-09-14,Electrical Permit,Residential,Residential,Repair,Final,,1.0,1.0,2,78744.0,30.15429946,-97.71680922,"In Charge Electrical Services, Llc",2020,2020,No
2020-09-03,2020-08-04,Building Permit,Residential,R- 434 Addition & Alterations,Addition and Remodel,Final,1.0,1.0,2.0,10,78703.0,30.29553962,-97.77287275,Cb Crafted Homes,2020,2020,Yes
2020-09-23,2020-09-22,Building Permit,Residential,R- 438 Residential Retaining Wall,New,Final,0.0,,,10,78731.0,30.3514994,-97.77074991,"Urban Home Builders, Llc",2020,2020,No
2020-09-02,2020-09-02,Electrical Permit,Residential,Residential,Repair,Final,,1.0,1.0,10,78731.0,30.3594871,-97.76954818,Martinez Electric,2020,2020,No
2020-09-02,2020-05-29,Electrical Permit,Commercial,C-1000 Commercial Remodel,Remodel,Final,,1.0,1.0,9,78751.0,30.30046387,-97.71965158,Scarmardo Electric,2020,2020,No
2020-09-24,2020-07-09,Electrical Permit,Residential,R- 101 Single Family Houses,New,Final,,1.0,2.0,2,78744.0,30.15459513,-97.71687717,"In Charge Electrical Services, Llc",2020,2020,No
2020-09-29,2020-05-04,Mechanical Permit,Residential,R- 101 Single Family Houses,New,Final,,1.0,2.0,1,78653.0,30.29640085,-97.55499707,Air Temp Solutions,2020,2020,No
2020-09-14,2020-09-04,Building Permit,Residential,R- 101 Single Family Houses,New,Final,188925.0,1.0,2.0,5,78748.0,30.16307078,-97.81934455,Lennar Homes Of Texas***Main***,2020,2020,Yes
2020-08-31,2020-08-31,Building Permit,Residential,R- 435 Renovations/Remodel,Repair,Final,2133.0,1.0,1.0,1,78702.0,30.27994883,-97.71371709,Doors & Company,2020,2020,Yes
2020-09-04,2019-10-02,Electrical Permit,Residential,R- 101 Single Family Houses,New,Final,,1.0,2.0,1,78754.0,30.37298583,-97.65487715,Landmark Electric,2020,2020,No
2020-09-22,2020-08-17,Building Permit,Commercial,C-1000 Commercial Remodel,Remodel,Final,,1.0,1.0,9,78751.0,30.30046387,-97.71965158,"Deem, Llc",2020,2020,No
2020-09-10,2020-09-10,Mechanical Permit,Commercial,Commercial,Change Out,Expired,,,,8,78735.0,30.25727758,-97.87684163,,2020,2020,No
2020-08-31,2020-06-17,Mechanical Permit,Residential,R- 102 Secondary Apartment,New,Final,,1.0,2.0,3,78741.0,30.22857611,-97.70437352,Capital One Enterprises,2020,2020,No
2020-09-22,2020-08-24,Building Permit,Residential,R- 329 Res Structures Other Than Bldg,New,Final,74000.0,1.0,0.0,6,78750.0,30.42572565,-97.81354112,Davinci Pools**Do Not Use**,2020,2020,Yes
2020-09-25,2019-05-10,Plumbing Permit,Residential,Residential,Irrigation,Final,,,,7,78757.0,,,,2020,2020,No
2020-09-11,2020-06-24,Plumbing Permit,Residential,R- 101 Single Family Houses,New,Final,,1.0,2.0,1,78660.0,30.40311796,-97.61401851,Christianson Plumbing,2020,2020,No
2020-08-28,2020-08-26,Plumbing Permit,Residential,Residential,Repair,Final,,1.0,0.0,1,78723.0,30.31675979,-97.67259309,,2020,2020,No
2020-09-08,2020-07-24,Building Permit,Residential,R- 329 Res Structures Other Than Bldg,New,Final,83000.0,1.0,0.0,8,78739.0,30.18877844,-97.88682378,Anthony & Sylvan Pools Corporation,2020,2020,Yes
2020-09-29,2020-03-04,Electrical Permit,Residential,R- 101 Single Family Houses,New,Final,,1.0,3.0,1,78702.0,30.26989358,-97.72774799,Aei Electric Llc,2020,2020,No
2020-09-21,2020-09-15,Electrical Permit,Residential,Residential,Repair,Expired,,1.0,1.0,Unknown,78724.0,,,"Ies Residential, Inc.",2020,2020,No
2020-09-16,2020-09-15,Electrical Permit,Commercial,Commercial,Repair,Final,,1.0,1.0,5,78745.0,30.22932841,-97.80150829,Avalon Electric,2020,2020,No
2020-09-16,2018-11-13,Electrical Permit,Commercial,C- 329 Com Structures Other Than Bldg,New,Final,,1.0,1.0,7,78660.0,,,"Phoenix Electric, Inc",2020,2020,No
2020-09-30,2019-03-15,Electrical Permit,Residential,R- 330  Accessory Use to Primary,New,Final,,1.0,2.0,3,78702.0,30.25549937,-97.70558253,,2020,2020,No
2020-09-24,2020-09-23,Building Permit,Commercial,C-1000 Commercial Remodel,Interior Demo Non-Structural,Final,0.0,1.0,1.0,9,78751.0,30.30872463,-97.73405996,Ace Commercial Contractors (Main),2020,2020,No
2020-09-01,2020-06-22,Plumbing Permit,Residential,R- 101 Single Family Houses,New,Final,,1.0,1.0,2,78744.0,30.1482101,-97.71868611,,2020,2020,No
2020-09-22,2020-09-18,Electrical Permit,Commercial,Commercial,Repair,Final,,1.0,1.0,7,78660.0,30.40732357,-97.64024043,"Cag Electric, Llc",2020,2020,No
2020-08-27,2020-03-12,Building Permit,Commercial,C-1001 Commercial Finish Out,Remodel,Final,,1.0,1.0,2,78744.0,30.18836227,-97.76338178,Start To Finish Construction And Design Llc,2020,2020,No
2020-09-04,2020-09-01,Mechanical Permit,Residential,Residential,Change Out,Expired,,,,8,78749.0,30.2294515,-97.86801935,,2020,2020,No
2020-09-29,2020-09-23,Electrical Permit,Residential,Residential,Repair,Expired,,1.0,1.0,Unknown,78746.0,30.27994018,-97.79570638,Longhorn Solar,2020,2020,No
2020-08-27,2019-02-20,Building Permit,Commercial,C- 329 Com Structures Other Than Bldg,New,Final,48000.0,0.0,0.0,4,78752.0,,,"Fun N Sun Pools Of Austin, Inc.",2020,2020,Yes
2020-09-15,2020-09-14,Electrical Permit,Commercial,Commercial,Repair,Final,,1.0,1.0,9,78705.0,30.29726311,-97.74502761,Austin'S Town & Country Electric,2020,2020,No
2020-09-17,2020-03-31,Electrical Permit,Residential,R- 434 Addition & Alterations,Addition and Remodel,Final,,1.0,2.0,10,78703.0,30.30524408,-97.76922367,Maverick Electric Llc,2020,2020,No
2020-09-10,2020-08-13,Plumbing Permit,Residential,R- 101 Single Family Houses,New,Final,,1.0,2.0,7,78753.0,30.40740201,-97.64594994,,2020,2020,No
2020-09-29,2020-02-12,Building Permit,Commercial,C- 328 Commercial Other Nonresident Bldg,New,Final,25000000.0,1.0,1.0,1,78753.0,30.39691534,-97.67091403,"Embrey Builders, Llc",2020,2020,Yes
2020-08-28,2020-08-26,Mechanical Permit,Residential,Residential,Change Out,Final,,,,10,78759.0,30.38316382,-97.76427761,"Faught Service Company, Inc.",2020,2020,No
2020-09-08,2020-09-04,Plumbing Permit,Residential,Residential,Repair,Final,,1.0,1.0,10,78759.0,30.37330886,-97.7460539,,2020,2020,No
2020-09-14,2020-09-11,Mechanical Permit,Residential,Residential,Change Out,Expired,,,,7,78731.0,30.32944888,-97.74740761,,2020,2020,No
2020-08-31,2020-06-01,Building Permit,Commercial,C-1000 Commercial Remodel,Remodel,Final,,6.0,2.0,2,78744.0,30.1996283,-97.73520938,"Legacy Construction Sercives, Llc",2020,2020,No
2020-08-28,2020-08-28,Plumbing Permit,Residential,Residential,Irrigation,Final,,,,2,78747.0,30.13694576,-97.76161924,,2020,2020,No
2020-09-10,2020-09-02,Plumbing Permit,Residential,Residential,Repair,Final,,0.0,0.0,Unknown,78746.0,30.32139039,-97.78905883,Plumb Masters Llc,2020,2020,No
2020-09-02,2020-09-01,Electrical Permit,Residential,Residential,Auxiliary Power,Final,,1.0,1.0,10,78750.0,30.38198295,-97.7882373,"Tesla Energy Operations, Inc.",2020,2020,No
2020-09-15,2020-09-14,Electrical Permit,Residential,Residential,Auxiliary Power,Final,,1.0,1.0,2,78744.0,,,"Solstema, Llc",2020,2020,No
2020-09-02,2020-03-10,Plumbing Permit,Residential,R- 101 Single Family Houses,New,Final,,1.0,2.0,3,78721.0,,,A Plus Pcs Plumbing Co,2020,2020,No
2020-09-01,2020-08-26,Plumbing Permit,Residential,Residential,Repair,Final,,0.0,0.0,6,78750.0,30.44142553,-97.7961424,The Veach Company,2020,2020,No
2020-09-28,2020-08-03,Plumbing Permit,Commercial,Commercial,Repair,Final,,,1.0,10,78726.0,,,"Blackstone Plumbing, Llc.",2020,2020,No
2020-08-28,2020-08-27,Electrical Permit,Residential,Residential,Auxiliary Power,Final,,1.0,1.0,9,78723.0,30.30022076,-97.69890996,"Elevation Solar, Llc",2020,2020,No
2020-09-10,2020-09-09,Plumbing Permit,Residential,Residential,Repair,Final,,1.0,1.0,7,78758.0,30.38559565,-97.69011204,"La Casita Plumbing, Llc",2020,2020,No
2020-09-29,2019-03-18,Electrical Permit,Commercial,"C- 213 Hotels, Motels, & Tourist Cabins",Shell,Final,,2.0,3.0,9,78704.0,30.24768695,-97.75068375,Sharpebuild Llc,2020,2020,No
2020-09-25,2020-07-31,Building Permit,Residential,R- 101 Single Family Houses,New,Final,1.0,1.0,1.0,2,78744.0,30.14835805,-97.71852387,David Weekley Homes (Main),2020,2020,Yes
2020-09-08,2020-09-02,Electrical Permit,Residential,Residential,Upgrade,Final,,1.0,1.0,2,78744.0,30.18558701,-97.74848132,Titan Solar Power Tx Inc,2020,2020,No
2020-09-09,2020-09-02,Electrical Permit,Residential,Residential,Special Inspections Program,Final,,,,10,78703.0,30.2858733,-97.76070316,Grayzer Electric Llc,2020,2020,No
2020-09-14,2020-05-06,Plumbing Permit,Residential,Residential,Irrigation,Final,,,,2,78744.0,30.14366415,-97.71654964,,2020,2020,No
2020-09-28,2020-07-24,Mechanical Permit,Residential,R- 101 Single Family Houses,New,Final,,1.0,1.0,1,78653.0,,,Air Temp Solutions,2020,2020,No
2020-09-21,2020-02-28,Building Permit,Commercial,C- 105 Five or More Family Bldgs,New,Final,35000000.0,21.0,3.0,6,78717.0,,,Oht Construction Llc ***Main***,2020,2020,Yes
2020-09-09,2020-04-02,Mechanical Permit,Residential,R- 101 Single Family Houses,New,Final,,1.0,2.0,2,78744.0,30.15408735,-97.71625479,,2020,2020,No
2020-09-25,2020-08-17,Building Permit,Residential,R- 101 Single Family Houses,New,Final,247520.0,1.0,2.0,1,78754.0,30.34985611,-97.60341202,Rsi Communities (Do Not Use),2020,2020,Yes
2020-09-16,2020-09-15,Building Permit,Residential,R- 435 Renovations/Remodel,Repair,Final,800.0,1.0,1.0,1,78721.0,30.28248835,-97.68645794,Suttin Construction,2020,2020,Yes
2020-09-08,2020-08-14,Plumbing Permit,Residential,R- 435 Renovations/Remodel,Repair,Final,,1.0,1.0,5,78748.0,30.17799465,-97.8228942,,2020,2020,No
2020-09-29,2020-02-06,Electrical Permit,Commercial,C-1000 Commercial Remodel,Remodel,Final,,1.0,1.0,6,78726.0,,,"Avid Electrical Contracting, Llc",2020,2020,No
2020-09-01,2020-05-15,Electrical Permit,Commercial,C- 105 Five or More Family Bldgs,New,Final,,46.0,4.0,4,78723.0,,,Ari-Tex Electric Inc.,2020,2020,No
2020-08-28,2020-08-03,Electrical Permit,Residential,Residential,New,Final,,1.0,2.0,Unknown,78734.0,30.36383646,-97.94512619,Dan Hernandez Electric Lp,2020,2020,No
2020-09-24,2020-01-08,Building Permit,Residential,R- 435 Renovations/Remodel,Repair,Final,6298.0,1.0,1.0,8,78739.0,30.19517723,-97.89224664,Renewal By Andersen,2020,2020,Yes
2020-09-18,2020-08-14,Electrical Permit,Commercial,C-1000 Commercial Remodel,Remodel,Final,,1.0,2.0,2,78719.0,,,"Hays Electrical Services, Inc",2020,2020,No
2020-09-11,2020-08-31,Building Permit,Commercial,C-1000 Commercial Remodel,Remodel,Final,,1.0,1.0,8,78746.0,30.27146137,-97.81706377,"Datum Commercial Contracting, Llc",2020,2020,No
2020-09-14,2020-06-29,Building Permit,Residential,R- 645 Demolition One Family Homes,Demolition,Final,1.0,1.0,2.0,10,78703.0,30.28698457,-97.76756957,Southwest Destructors****Main***,2020,2020,Yes
2020-09-28,2020-09-23,Plumbing Permit,Residential,R- 101 Single Family Houses,New,Final,,1.0,1.0,2,78747.0,30.13462899,-97.76184224,Victory Plumbing Company,2020,2020,No
2020-09-04,2020-09-04,Plumbing Permit,Residential,R- 435 Renovations/Remodel,Repair,Final,,1.0,1.0,10,78703.0,30.30343266,-97.77615948,,2020,2020,No
2020-08-31,2020-08-25,Mechanical Permit,Residential,Residential,Change Out,Final,,,,8,78749.0,30.19943365,-97.85980917,Aim A/C & Heating Services,2020,2020,No
2020-08-31,2020-07-23,Building Permit,Residential,R- 645 Demolition One Family Homes,Demolition,Final,0.0,1.0,1.0,4,78752.0,30.33142777,-97.72007465,"Fw Construction, Inc.",2020,2020,No
2020-09-15,2020-09-03,Mechanical Permit,Residential,Residential,Change Out,Expired,,,,10,78731.0,30.34688884,-97.78284008,,2020,2020,No
2020-08-27,2020-03-23,Building Permit,Residential,R- 435 Renovations/Remodel,Repair,Final,4659.0,1.0,1.0,7,78757.0,30.33516353,-97.73812275,Doors & Company,2020,2020,Yes
2020-09-25,2020-09-02,Building Permit,Residential,R- 645 Demolition One Family Homes,Demolition,Final,0.0,1.0,1.0,Unknown,78746.0,30.28042563,-97.8392055,Northmax Inc.,2020,2020,No
2020-09-15,2020-09-14,Plumbing Permit,Residential,Residential,Change Out,Expired,,,,8,78749.0,30.20653239,-97.84775329,,2020,2020,No
2020-09-14,2019-09-06,Plumbing Permit,Residential,Residential,Irrigation,Final,,,,2,78744.0,30.20355864,-97.69980755,,2020,2020,No
2020-09-14,2020-09-09,Building Permit,Residential,R- 101 Single Family Houses,New,Final,139425.0,1.0,1.0,1,78653.0,,,Brohn Homes,2020,2020,Yes
2020-09-15,2020-09-15,Building Permit,Residential,R- 435 Renovations/Remodel,Repair,Final,15625.0,1.0,1.0,1,78754.0,30.34813984,-97.60987919,We Level It {Formally Centex House Leveling***Main****},2020,2020,Yes
2020-09-02,2020-08-14,Building Permit,Commercial,C- 329 Com Structures Other Than Bldg,New,Final,10000.0,0.0,0.0,5,78747.0,30.126344,-97.79983585,Journeyman Construction,2020,2020,Yes
2020-09-02,2020-09-01,Electrical Permit,Residential,Residential,Repair,Final,,1.0,1.0,5,78748.0,30.18861946,-97.82362172,Charlie Morris Electrical Dial One Inc,2020,2020,No
2020-09-25,2020-07-01,Driveway / Sidewalks,Residential,Res. Driveway & Sidewalk,New,Final,,,,1,78660.0,30.402479,-97.61462672,D R Horton Homes,2020,2020,No
2020-09-23,2020-06-26,Plumbing Permit,Residential,R- 434 Addition & Alterations,Addition and Remodel,Final,,0.0,0.0,8,78746.0,,,Dt Plumbing Company Llc,2020,2020,No
2020-09-04,2020-08-18,Driveway / Sidewalks,Residential,Res. Driveway,New,Final,,,,3,78704.0,30.2386585,-97.76509048,,2020,2020,No
2020-09-30,2020-06-11,Electrical Permit,Residential,R- 101 Single Family Houses,New,Final,,1.0,1.0,1,78660.0,30.40175504,-97.6130416,Landmark Electric,2020,2020,No
2020-09-29,2020-08-12,Plumbing Permit,Residential,R- 101 Single Family Houses,New,Final,,1.0,2.0,1,78724.0,30.29470084,-97.64290758,Victory Plumbing Company,2020,2020,No
2020-09-22,2020-04-16,Electrical Permit,Commercial,C-1000 Commercial Remodel,Remodel,Final,,1.0,1.0,4,78753.0,30.34841093,-97.69347131,Matt Parker Electric Llc,2020,2020,No
2020-09-02,2020-09-02,Electrical Permit,Commercial,Commercial,Repair,Final,,1.0,1.0,9,78723.0,30.29885297,-97.70315331,Ari-Tex Electric Inc.,2020,2020,No
2020-09-28,2020-04-28,Mechanical Permit,Residential,R- 102 Secondary Apartment,New,Final,,1.0,2.0,5,78745.0,30.22340655,-97.79190276,Km Heating And Cooling,2020,2020,No
2020-09-29,2020-07-14,Electrical Permit,Residential,R- 101 Single Family Houses,New,Final,,1.0,2.0,1,78754.0,30.37263121,-97.65475378,Landmark Electric,2020,2020,No
2020-09-04,2020-09-01,Mechanical Permit,Residential,Residential,Change Out,Final,,,,4,78751.0,30.32162941,-97.72391295,Service Wizard Llc,2020,2020,No
2020-09-17,2020-09-16,Electrical Permit,Residential,Residential,Repair,Final,,1.0,1.0,10,78746.0,,,Clayco Construction,2020,2020,No
2020-09-23,2020-09-18,Building Permit,Residential,R- 435 Renovations/Remodel,Repair,Final,12240.0,1.0,1.0,6,78729.0,30.44266759,-97.76538308,Premium Siding & Painting Co.,2020,2020,Yes
2020-09-04,2019-10-04,Driveway / Sidewalks,Residential,"Res. Driveway, Curb, Gutter",New,Final,,,,9,78704.0,,,,2020,2020,No
2020-09-16,2020-09-15,Mechanical Permit,Residential,Residential,Change Out,Final,,,,10,78703.0,30.29377104,-97.74861389,"Stan'S Heating, Air, Plumbing, & Electrical",2020,2020,No
2020-09-22,2020-04-01,Building Permit,Commercial,C-1000 Commercial Remodel,Remodel,Expired,,1.0,1.0,10,78730.0,30.32773098,-97.83823628,"Rider Construction Group, Llc",2020,2020,No
2020-09-04,2020-08-18,Electrical Permit,Residential,R- 101 Single Family Houses,New,Final,,1.0,1.0,2,78744.0,,,"In Charge Electrical Services, Llc",2020,2020,No
2020-09-08,2020-01-27,Plumbing Permit,Residential,Residential,Irrigation,Final,,,,2,78744.0,30.14865511,-97.71906332,,2020,2020,No
2020-09-08,2020-07-17,Building Permit,Commercial,C-1000 Commercial Remodel,Remodel,Expired,,1.0,1.0,2,78719.0,30.21718263,-97.67035453,Richard'S Electric Inc,2020,2020,No
2020-09-25,2020-09-24,Plumbing Permit,Residential,Residential,Irrigation,Final,,,,Unknown,78725.0,30.21799823,-97.6319487,,2020,2020,No
2020-08-27,2020-06-29,Plumbing Permit,Residential,Residential,Repair,Final,,1.0,2.0,5,78747.0,30.14826193,-97.77720435,Make It Drain Llc,2020,2020,No
2020-09-03,2020-02-03,Plumbing Permit,Commercial,C- 105 Five or More Family Bldgs,New,Final,,30.0,3.0,1,78723.0,,,6B Plumbing,2020,2020,No
2020-08-28,2020-06-09,Driveway / Sidewalks,Residential,Res. Driveway & Sidewalk,New,Final,,,,1,78724.0,30.31993809,-97.65615632,Kb Home,2020,2020,No
2020-09-23,2020-09-21,Electrical Permit,Residential,Residential,Upgrade,Final,,1.0,1.0,7,78758.0,30.38936997,-97.68868245,Grayzer Electric Llc,2020,2020,No
2020-09-24,2020-09-11,Building Permit,Commercial,C- 649 Demolition All Other Bldgs Com,Demolition,Final,0.0,1.0,1.0,7,78757.0,30.3403155,-97.73055156,Bartlett Cocke General Contractors (Main),2020,2020,No
2020-09-10,2020-08-25,Plumbing Permit,Residential,R- 435 Renovations/Remodel,Repair,Final,,1.0,1.0,5,78745.0,30.20147159,-97.82124243,Palencia Plumbing Llc,2020,2020,No
2020-09-14,2019-09-05,Mechanical Permit,Residential,R- 434 Addition & Alterations,Addition and Remodel,Final,,1.0,2.0,1,78702.0,30.26530156,-97.715252,Austin'S Green Air & Heat,2020,2020,No
2020-09-08,2019-03-27,Driveway / Sidewalks,Residential,Res. Driveway,New,Final,,,,1,78721.0,,,Harlan Mac Construction Llc **Main**,2020,2020,No
2020-09-01,2019-09-06,Plumbing Permit,Commercial,C-1001 Commercial Finish Out,Remodel,Final,,1.0,1.0,9,78701.0,30.28009737,-97.74253445,Dynamic Systems Inc.,2020,2020,No
2020-09-14,2020-09-11,Plumbing Permit,Residential,Residential,Change Out,Expired,,,,10,78731.0,30.35271902,-97.79070924,Excalibur Plumbing,2020,2020,No
2020-09-15,2020-09-14,Electrical Permit,Residential,Residential,Repair,Final,,1.0,1.0,1,78653.0,,,Bolder Electric Solutions,2020,2020,No
2020-09-25,2020-07-31,Building Permit,Residential,R- 101 Single Family Houses,New,Final,1.0,1.0,2.0,7,78660.0,30.44086971,-97.66047213,Masonwood Homes Llc,2020,2020,Yes
2020-09-03,2020-09-01,Electrical Permit,Residential,Residential,Special Inspections Program,Final,,,,3,78704.0,30.22999781,-97.76317338,,2020,2020,No
2020-09-24,2020-02-07,Building Permit,Residential,R- 435 Renovations/Remodel,Repair,Expired,23802.0,1.0,1.0,10,78759.0,30.40639452,-97.75734734,Renewal By Andersen,2020,2020,Yes
2020-09-04,2020-04-24,Building Permit,Residential,R- 435 Renovations/Remodel,Repair,Expired,1.0,1.0,1.0,2,78748.0,30.1799584,-97.79888916,Dosey Pro,2020,2020,Yes
2020-09-21,2020-06-25,Building Permit,Residential,R- 434 Addition & Alterations,Addition and Remodel,Final,1.0,1.0,2.0,10,78731.0,30.35361271,-97.78903661,"Ie2 Construction, Inc",2020,2020,Yes
2020-09-14,2020-08-07,Building Permit,Commercial,C-1000 Commercial Remodel,Remodel,Final,,1.0,1.0,8,78746.0,30.25205804,-97.79989856,,2020,2020,No
2020-09-01,2020-08-19,Building Permit,Residential,R- 435 Renovations/Remodel,Repair,Final,4358.0,1.0,1.0,3,78721.0,30.26795539,-97.68459404,Home Depot Usa Inc,2020,2020,Yes
2020-09-01,2020-08-31,Electrical Permit,Residential,Residential,Auxiliary Power,Final,,1.0,1.0,1,78754.0,30.35654952,-97.61086277,,2020,2020,No
2020-09-14,2020-08-31,Building Permit,Residential,R- 435 Renovations/Remodel,Repair,Final,4000.0,1.0,1.0,1,78754.0,30.37633882,-97.65660166,Level Best Foundation Repair Inc,2020,2020,Yes
2020-09-28,2020-07-29,Building Permit,Residential,R- 434 Addition & Alterations,Addition and Remodel,Final,310000.0,1.0,2.0,10,78731.0,30.31635355,-97.76885555,"Michael Deane Homes, Inc.",2020,2020,Yes
2020-09-01,2017-07-06,Plumbing Permit,Commercial,C-1001 Commercial Finish Out,Remodel,Final,,11.0,33.0,9,78701.0,30.2563889,-97.7388366,"Biggs Plumbing Co, Inc",2020,2020,No
2020-09-02,2020-09-01,Plumbing Permit,Residential,Residential,Irrigation,Final,,,,2,78747.0,30.13752492,-97.76115135,,2020,2020,No
2020-08-28,2019-06-05,Driveway / Sidewalks,Residential,Res. Sidewalk,New,Final,,,,1,78724.0,30.29122699,-97.64172399,Urban Intown Homes Llc,2020,2020,No
2020-09-21,2020-08-28,Building Permit,Residential,R- 329 Res Structures Other Than Bldg,New,Expired,72000.0,1.0,0.0,1,78753.0,30.39109752,-97.66597946,Sunkiss'D Pools,2020,2020,Yes
2020-09-21,2020-02-28,Plumbing Permit,Residential,R- 103 Two Family Bldgs,New,Final,,2.0,2.0,5,78704.0,,,,2020,2020,No
2020-09-29,2020-09-28,Electrical Permit,Commercial,Sign Permit,Wall,Expired,,,,7,78758.0,30.3947183,-97.7228708,,2020,2020,No
2020-09-04,2020-09-03,Building Permit,Residential,R- 101 Single Family Houses,New,Final,290000.0,1.0,1.0,7,78660.0,30.4371226,-97.65185035,Blackburn Communities,2020,2020,Yes
2020-09-09,2020-09-04,Plumbing Permit,Residential,Residential,Change Out,Final,,,,5,78748.0,30.18443704,-97.82099516,,2020,2020,No
2020-08-28,2018-09-12,Mechanical Permit,Residential,R- 102 Secondary Apartment,New,Final,,1.0,2.0,7,78757.0,30.33977782,-97.73536678,Prodigy Heating & Air Llc,2020,2020,No
2020-09-15,2020-07-01,Mechanical Permit,Residential,R- 101 Single Family Houses,New,Final,,1.0,2.0,2,78744.0,30.15897342,-97.72360129,,2020,2020,No
2020-09-03,2020-02-26,Plumbing Permit,Commercial,C- 105 Five or More Family Bldgs,New,Final,,24.0,3.0,1,78724.0,,,J & D Vision Plumbing,2020,2020,No
2020-09-17,2020-09-15,Building Permit,Residential,R- 101 Single Family Houses,New,Final,211225.0,1.0,2.0,1,78723.0,30.29498825,-97.67579858,Rsi Communities (Do Not Use),2020,2020,Yes
2020-09-14,2020-07-31,Mechanical Permit,Residential,Residential,Change Out,Expired,,,,9,78704.0,30.24003446,-97.75158528,Smart Air Service Co.,2020,2020,No
2020-09-29,2020-09-24,Electrical Permit,Residential,Residential,Auxiliary Power,Final,,1.0,1.0,1,78724.0,30.29036914,-97.64226135,,2020,2020,No
2020-09-01,2020-04-01,Mechanical Permit,Residential,R- 102 Secondary Apartment,New,Final,,1.0,2.0,5,78745.0,30.22274603,-97.78247296,Christianson Plumbing & Air Co,2020,2020,No
2020-08-27,2020-08-26,Mechanical Permit,Residential,Residential,Change Out,Final,,,,5,78745.0,30.19912258,-97.8112951,Service Wizard Llc,2020,2020,No
2020-09-09,2020-08-27,Electrical Permit,Residential,R- 101 Single Family Houses,New,Final,,1.0,1.0,1,78653.0,,,"Austin Lanehart Electric Co., Inc.",2020,2020,No
2020-09-01,2020-09-01,Electrical Permit,Residential,Residential,Upgrade,Final,,1.0,1.0,4,78723.0,30.3077523,-97.68201822,"Molitor Electric, Inc.",2020,2020,No
2020-09-01,2020-08-31,Mechanical Permit,Commercial,C- 328 Commercial Other Nonresident Bldg,New,Expired,,0.0,0.0,Unknown,,,,Schaffer Mechanical,2020,2020,No
2020-09-23,2020-03-06,Plumbing Permit,Residential,R- 434 Addition & Alterations,Addition and Remodel,Expired,,1.0,1.0,8,78749.0,30.21678079,-97.87859985,L & M Plumbing & Remodeling,2020,2020,No
2020-08-31,2020-08-31,Electrical Permit,Commercial,Commercial,Repair,Final,,1.0,1.0,9,78723.0,30.29774921,-97.70297737,Ari-Tex Electric Inc.,2020,2020,No
2020-09-25,2020-05-19,Electrical Permit,Residential,R- 330  Accessory Use to Primary,New,Final,,1.0,1.0,1,78721.0,,,Aei Electric Llc,2020,2020,No
2020-09-10,2020-09-10,Electrical Permit,Commercial,Sign Permit,Wall,Final,,,,8,78735.0,30.25596029,-97.8682549,,2020,2020,No
2020-09-28,2020-09-22,Plumbing Permit,Residential,Residential,Repair,Final,,0.0,0.0,1,78723.0,30.30602214,-97.6728511,Aaa Auger,2020,2020,No
2020-08-28,2020-08-27,Electrical Permit,Residential,Residential,Repair,Final,,1.0,1.0,2,78744.0,30.15864621,-97.724145,"In Charge Electrical Services, Llc",2020,2020,No
2020-09-25,2020-07-01,Building Permit,Residential,R- 329 Res Structures Other Than Bldg,New,Final,0.0,0.0,0.0,10,78703.0,30.29936053,-97.7755257,"Westbank Pools, Llc",2020,2020,No
2020-09-16,2020-09-14,Electrical Permit,Residential,Residential,Repair,Final,,1.0,1.0,Unknown,78617.0,30.16426975,-97.63430829,"Austin Lanehart Electric Co., Inc.",2020,2020,No
2020-09-02,2020-09-01,Mechanical Permit,Residential,Residential,Change Out,Expired,,,,5,78745.0,30.19687108,-97.82632971,,2020,2020,No
2020-09-14,2020-09-03,Electrical Permit,Commercial,Commercial,Special Inspections Program,Final,,,,6,78727.0,30.43235896,-97.74673805,,2020,2020,No
2020-09-24,2020-09-23,Electrical Permit,Residential,Residential,Repair,Expired,,1.0,1.0,Unknown,78747.0,30.12775241,-97.77730997,"Ies Residential, Inc.",2020,2020,No
2020-09-14,2019-09-11,Electrical Permit,Commercial,"C- 324 Office, Bank & Professional Bldgs",Shell,Final,,1.0,2.0,4,78753.0,,,Matt'S Electrical Work,2020,2020,No
2020-09-02,2020-09-01,Plumbing Permit,Residential,Residential,Change Out,Final,,,,6,78717.0,30.49590463,-97.79255714,Proven Plumbing Llc,2020,2020,No
2020-09-04,2020-09-02,Electrical Permit,Residential,Residential,Repair,Final,,1.0,1.0,Unknown,78724.0,30.25843581,-97.577894,Palomino Electric,2020,2020,No
2020-09-22,2020-07-16,Mechanical Permit,Residential,Residential,Change Out,Final,,,,5,78745.0,30.19972424,-97.81405619,Smart Air Service Co.,2020,2020,No
2020-09-29,2020-07-31,Plumbing Permit,Residential,R- 101 Single Family Houses,New,Final,,1.0,2.0,1,78724.0,30.29460924,-97.64299888,Victory Plumbing Company,2020,2020,No
2020-09-23,2020-09-18,Electrical Permit,Residential,Residential,Auxiliary Power,Expired,,1.0,1.0,Unknown,78728.0,30.47014441,-97.68113391,Chargestore Llc,2020,2020,No
2020-09-28,2020-09-23,Building Permit,Residential,R- 435 Renovations/Remodel,Repair,Expired,10000.0,1.0,1.0,5,78745.0,30.21941637,-97.78971174,Sears Home Improvement Products Inc.,2020,2020,Yes
2020-09-03,2020-08-31,Plumbing Permit,Commercial,Commercial,Change Out,Final,,,,8,78746.0,30.24460459,-97.80573897,Southland Industries,2020,2020,No
2020-08-27,2020-06-26,Electrical Permit,Residential,R- 101 Single Family Houses,New,Final,,1.0,2.0,1,78660.0,30.40267557,-97.61325994,Landmark Electric,2020,2020,No
2020-08-28,2020-08-27,Electrical Permit,Residential,Residential,Repair,Final,,1.0,1.0,2,78744.0,30.14753115,-97.71870447,"In Charge Electrical Services, Llc",2020,2020,No
2020-09-10,2020-03-24,Electrical Permit,Commercial,"C- 437 Addn, Alter, Convn-NonRes",Addition and Remodel,Final,,2.0,1.0,9,78704.0,30.25044546,-97.75450337,Ampology Electrical Services Llc,2020,2020,No
2020-09-28,2020-07-09,Building Permit,Residential,R- 102 Secondary Apartment,New,Final,300000.0,1.0,2.0,5,78745.0,30.22360818,-97.78184845,,2020,2020,Yes
2020-09-10,2020-09-09,Building Permit,Residential,R- 435 Renovations/Remodel,Repair,Final,6118.0,1.0,1.0,10,78731.0,30.33970397,-97.76542545,Home Depot Usa Inc,2020,2020,Yes
2020-09-15,2020-09-01,Mechanical Permit,Residential,Residential,Change Out,Final,,,,6,78759.0,30.42119544,-97.78787472,,2020,2020,No
2020-08-28,2020-02-21,Building Permit,Residential,R- 101 Single Family Houses,New,Final,0.0,1.0,2.0,6,78750.0,30.4449835,-97.79832152,Dfh Coventry Llc Dba Coventry Homes,2020,2020,No
2020-09-03,2020-07-16,Electrical Permit,Residential,Residential,Upgrade,Final,,1.0,1.0,6,78717.0,30.49036829,-97.75297057,,2020,2020,No
2020-09-10,2020-06-19,Building Permit,Commercial,C-1000 Commercial Remodel,Remodel,Final,,1.0,8.0,10,78705.0,30.30559937,-97.7465252,Rogers-O'Brien Construction Co. Ltd **Main**,2020,2020,No
2020-09-25,2020-05-01,Plumbing Permit,Residential,Residential,Irrigation,Final,,,,2,78747.0,30.13485165,-97.76813929,,2020,2020,No
2020-09-28,2020-09-21,Mechanical Permit,Residential,Residential,Change Out,Final,,,,6,78717.0,30.48574078,-97.7642856,,2020,2020,No
2020-08-28,2020-08-27,Plumbing Permit,Residential,Residential,Irrigation,Expired,,,,10,78731.0,30.35579233,-97.76798141,,2020,2020,No
2020-09-17,2020-06-11,Electrical Permit,Residential,R- 101 Single Family Houses,New,Final,,1.0,2.0,1,78660.0,30.39904824,-97.61341305,Landmark Electric,2020,2020,No
2020-09-25,2020-09-24,Plumbing Permit,Residential,Residential,Repair,Final,,1.0,1.0,Unknown,78746.0,30.28563372,-97.84382448,,2020,2020,No
2020-09-28,2020-08-11,Plumbing Permit,Residential,R- 101 Single Family Houses,New,Final,,1.0,2.0,8,78652.0,30.16958431,-97.92071827,,2020,2020,No
2020-09-03,2020-09-01,Mechanical Permit,Residential,Residential,Change Out,Final,,,,10,78750.0,30.37628638,-97.78834324,"Sa&H Western Holdings, Llc",2020,2020,No
2020-09-04,2020-09-02,Mechanical Permit,Residential,Residential,Change Out,Expired,,,,7,78727.0,30.42922927,-97.68751572,,2020,2020,No
2020-09-23,2019-12-12,Building Permit,Residential,R- 434 Addition & Alterations,Addition and Remodel,Final,1.0,1.0,2.0,3,78741.0,30.23700199,-97.73098255,Rosemary Follis Real Estate,2020,2020,Yes
2020-09-11,2020-09-08,Plumbing Permit,Residential,Residential,Repair,Final,,1.0,0.0,7,78727.0,30.42161447,-97.69785806,,2020,2020,No
2020-09-18,2020-09-16,Mechanical Permit,Residential,Residential,Change Out,Final,,,,10,78750.0,30.38210024,-97.79096233,,2020,2020,No
2020-09-15,2020-09-02,Plumbing Permit,Residential,Residential,Change Out,Final,,,,6,78750.0,30.43436069,-97.79562377,Plumb Masters Llc,2020,2020,No
2020-09-17,2020-09-03,Building Permit,Residential,R- 101 Single Family Houses,New,Final,290000.0,1.0,1.0,7,78660.0,30.43849948,-97.6557512,Blackburn Communities,2020,2020,Yes
2020-08-31,2020-06-01,Building Permit,Commercial,C-1000 Commercial Remodel,Remodel,Final,,6.0,2.0,2,78744.0,30.1996283,-97.73520938,"Legacy Construction Sercives, Llc",2020,2020,No
2020-09-02,2020-07-01,Electrical Permit,Commercial,C-1000 Commercial Remodel,Remodel,Final,,1.0,1.0,5,78704.0,30.24837644,-97.77118674,Mercury Electric Company Inc,2020,2020,No
2020-09-03,2020-09-02,Building Permit,Residential,R- 101 Single Family Houses,New,Final,290000.0,1.0,1.0,7,78660.0,30.43814556,-97.65500241,Blackburn Communities,2020,2020,Yes
2020-09-18,2020-09-15,Mechanical Permit,Residential,Residential,Change Out,Final,,,,Unknown,78746.0,30.27631354,-97.83466638,Mccullough Heating & Air,2020,2020,No
2020-08-31,2020-06-04,Plumbing Permit,Residential,R- 101 Single Family Houses,New,Final,,1.0,2.0,1,78660.0,30.39913521,-97.61362318,Christianson Plumbing,2020,2020,No
2020-08-31,2020-08-31,Plumbing Permit,Residential,Residential,New,Final,,1.0,1.0,Unknown,78744.0,30.16820555,-97.6973936,Victory Plumbing Company,2020,2020,No
2020-08-28,2020-07-16,Electrical Permit,Residential,R- 101 Single Family Houses,New,Final,,1.0,2.0,5,78748.0,30.16263466,-97.81982432,,2020,2020,No
2020-09-01,2020-07-14,Building Permit,Commercial,C-1000 Commercial Remodel,Remodel,Final,,0.0,1.0,7,78758.0,30.37775373,-97.72880831,Italex Builders Inc ***Main,2020,2020,No
2020-08-31,2020-08-27,Electrical Permit,Residential,Residential,Repair,Expired,,1.0,1.0,2,78744.0,30.1584769,-97.7250136,"In Charge Electrical Services, Llc",2020,2020,No
2020-09-28,2019-10-16,Mechanical Permit,Residential,R- 101 Single Family Houses,New,Final,,1.0,2.0,9,78723.0,30.29943274,-97.69576506,,2020,2020,No
2020-09-23,2020-06-01,Mechanical Permit,Residential,R- 102 Secondary Apartment,New,Final,,1.0,1.0,3,78745.0,30.22183613,-97.77491206,Capital One Enterprises,2020,2020,No
2020-09-19,2020-04-29,Driveway / Sidewalks,Residential,Res. Driveway & Sidewalk,New,Final,,,,1,78660.0,30.39937042,-97.61278207,D R Horton Homes,2020,2020,No
2020-09-18,2020-09-14,Mechanical Permit,Residential,Residential,Change Out,Final,,,,3,78745.0,30.21693094,-97.78090694,,2020,2020,No
2020-09-18,2020-09-10,Mechanical Permit,Residential,Residential,Change Out,Final,,,,8,78735.0,30.26154476,-97.84301356,,2020,2020,No
2020-09-28,2019-02-08,Mechanical Permit,Residential,R- 434 Addition & Alterations,Addition and Remodel,Final,,1.0,2.0,10,78703.0,30.30561878,-97.75527002,New Results Of Austin,2020,2020,No
2020-09-21,2020-06-09,Building Permit,Residential,R- 329 Res Structures Other Than Bldg,New,Final,1.0,0.0,0.0,10,78731.0,30.34051915,-97.76108817,Hive House,2020,2020,Yes
2020-09-03,2020-07-14,Building Permit,Residential,R- 101 Single Family Houses,New,Final,0.0,1.0,2.0,2,78744.0,30.14963827,-97.71697337,"Pacesetter Homes, Llc",2020,2020,No
2020-09-28,2020-07-01,Electrical Permit,Residential,R- 329 Res Structures Other Than Bldg,New,Final,,1.0,0.0,10,78730.0,30.37606648,-97.84909958,Economy Electric,2020,2020,No
2020-09-04,2020-04-16,Plumbing Permit,Residential,R- 101 Single Family Houses,New,Final,,1.0,1.0,2,78744.0,30.14712999,-97.72168686,Mustang Plumbing,2020,2020,No
2020-09-22,2020-02-26,Electrical Permit,Residential,R- 101 Single Family Houses,New,Final,,1.0,2.0,5,78704.0,30.25034021,-97.77077666,M-1 Electric,2020,2020,No
2020-09-03,2020-09-01,Electrical Permit,Residential,Residential,Repair,Final,,1.0,1.0,7,78660.0,30.43873175,-97.65488772,,2020,2020,No
2020-08-28,2020-06-24,Electrical Permit,Residential,R- 101 Single Family Houses,New,Final,,1.0,2.0,1,78660.0,30.4027611,-97.61418089,Landmark Electric,2020,2020,No
2020-08-31,2020-06-11,Electrical Permit,Residential,R- 434 Addition & Alterations,Addition and Remodel,Final,,1.0,0.0,8,78735.0,30.25690251,-97.83144936,"Solid Base Electric, Llc",2020,2020,No
2020-09-02,2020-08-31,Electrical Permit,Residential,Residential,Repair,Final,,1.0,1.0,5,78745.0,30.22457271,-97.79551103,Ac Electric,2020,2020,No
2020-09-22,2020-09-15,Mechanical Permit,Residential,Residential,Change Out,Final,,,,8,78736.0,30.23633266,-97.89835833,American Residential Services (Ars),2020,2020,No
2020-09-01,2020-03-02,Plumbing Permit,Commercial,C-1000 Commercial Remodel,Remodel,Final,,1.0,2.0,4,78753.0,30.35444794,-97.68546322,Premier Plumbing Services,2020,2020,No
2020-09-16,2020-09-15,Electrical Permit,Residential,Residential,Repair,Final,,1.0,1.0,9,78704.0,30.24443795,-97.73879974,Adg Electrical Services Llc,2020,2020,No
2020-09-15,2020-09-14,Plumbing Permit,Residential,Residential,Irrigation,Final,,,,6,78717.0,30.47531433,-97.78222476,,2020,2020,No
2020-09-21,2020-09-17,Plumbing Permit,Commercial,Commercial,Repair,Final,,,1.0,9,78723.0,,,,2020,2020,No
2020-09-21,2020-04-15,Electrical Permit,Residential,R- 102 Secondary Apartment,New,Final,,1.0,2.0,9,78704.0,30.24179168,-97.74462331,Bolder Electric Solutions,2020,2020,No
2020-09-21,2020-09-18,Electrical Permit,Residential,Residential,Upgrade,Expired,,1.0,1.0,7,78756.0,30.32272344,-97.73512217,Duhon Electric,2020,2020,No
2020-09-02,2020-09-01,Plumbing Permit,Residential,Residential,Irrigation,Final,,,,1,78724.0,30.2886631,-97.64340231,,2020,2020,No
2020-09-18,2020-09-15,Plumbing Permit,Residential,R- 101 Single Family Houses,New,Final,,1.0,1.0,2,78747.0,30.13528251,-97.76233745,Victory Plumbing Company,2020,2020,No
2020-09-03,2020-08-31,Electrical Permit,Commercial,Commercial,Repair,Final,,1.0,1.0,1,78722.0,30.28470882,-97.70977549,Meierhofer Electric Llc,2020,2020,No
2020-09-08,2020-07-29,Electrical Permit,Residential,R- 329 Res Structures Other Than Bldg,New,Final,,1.0,0.0,3,78702.0,30.25488886,-97.7246965,"Solid Base Electric, Llc",2020,2020,No
2020-09-11,2020-07-08,Electrical Permit,Residential,R- 329 Res Structures Other Than Bldg,New,Final,,1.0,1.0,8,78746.0,,,Wimberley Electric,2020,2020,No
2020-09-24,2020-09-21,Mechanical Permit,Residential,Residential,Change Out,Final,,,,2,78745.0,30.21077834,-97.79112984,Service Wizard Llc,2020,2020,No
2020-08-28,2020-06-02,Driveway / Sidewalks,Residential,Res. Driveway & Sidewalk,New,Final,,,,1,78724.0,30.32083158,-97.65416277,Kb Home,2020,2020,No
2020-08-28,2020-06-29,Driveway / Sidewalks,Residential,Res. Driveway & Sidewalk,New,Final,,,,1,78724.0,30.3209231,-97.6556471,Kb Home,2020,2020,No
2020-09-14,2019-11-20,Mechanical Permit,Residential,R- 102 Secondary Apartment,New,Final,,1.0,2.0,7,78756.0,30.32942842,-97.73849895,,2020,2020,No
2020-09-17,2020-05-20,Electrical Permit,Residential,R- 101 Single Family Houses,New,Final,,1.0,2.0,1,78724.0,30.32088474,-97.65618078,"Austin Lanehart Electric Co., Inc.",2020,2020,No
2020-09-18,2020-09-16,Plumbing Permit,Residential,Residential,Irrigation,Final,,,,Unknown,78728.0,30.46525965,-97.68739622,,2020,2020,No
2020-09-20,2020-09-15,Electrical Permit,Residential,Residential,Auxiliary Power,Final,,1.0,1.0,Unknown,78738.0,30.3146601,-97.91318891,Longhorn Solar,2020,2020,No
2020-09-23,2020-08-24,Building Permit,Residential,R- 435 Renovations/Remodel,Repair,Expired,16198.0,1.0,1.0,8,78749.0,30.22589074,-97.83710781,Power Hrg,2020,2020,Yes
2020-09-17,2020-07-21,Plumbing Permit,Residential,R- 101 Single Family Houses,New,Final,,1.0,3.0,6,78717.0,30.47645106,-97.78254395,Christianson Plumbing,2020,2020,No
2020-09-25,2020-07-10,Plumbing Permit,Residential,Residential,Repair,Final,,1.0,1.0,7,78757.0,30.33712319,-97.7282913,Talos Plumbing Llc Dba Neighborhood Plumbing And Drain,2020,2020,No
2020-09-24,2019-10-23,Plumbing Permit,Residential,Residential,Irrigation,Final,,,,7,78731.0,30.32102162,-97.75190063,,2020,2020,No
2020-09-28,2020-08-19,Building Permit,Residential,R- 435 Renovations/Remodel,Repair,Final,12803.0,1.0,1.0,8,78749.0,30.21134139,-97.88768681,P.I. Austin Dba Accolade Exteriors Tx,2020,2020,Yes
2020-09-18,2020-08-27,Electrical Permit,Residential,Residential,Auxiliary Power,Final,,1.0,1.0,Unknown,78724.0,30.2607963,-97.58432501,,2020,2020,No
2020-09-10,2020-06-03,Plumbing Permit,Commercial,C-1000 Commercial Remodel,Remodel,Final,,1.0,1.0,8,78749.0,30.18419472,-97.85001838,Cross Plumbing,2020,2020,No
2020-09-10,2020-05-06,Plumbing Permit,Residential,Residential,Irrigation,Final,,,,1,78653.0,,,,2020,2020,No
2020-09-02,2020-08-27,Mechanical Permit,Residential,R- 435 Renovations/Remodel,Repair,Final,,1.0,1.0,10,78703.0,30.29733559,-97.76366535,,2020,2020,No
2020-09-03,2020-09-01,Mechanical Permit,Residential,Residential,Change Out,Expired,,,,7,78727.0,30.42674031,-97.72203525,,2020,2020,No
2020-09-16,2020-08-04,Electrical Permit,Residential,R- 101 Single Family Houses,New,Final,,1.0,2.0,8,78652.0,30.17092393,-97.92073231,"In Charge Electrical Services, Llc",2020,2020,No
2020-08-27,2019-02-20,Electrical Permit,Residential,R- 434 Addition & Alterations,Addition and Remodel,Final,,1.0,2.0,4,78753.0,30.34916831,-97.698737,Bee Electric,2020,2020,No
2020-09-21,2020-09-17,Plumbing Permit,Residential,Residential,Repair,Final,,1.0,1.0,4,78757.0,30.36185942,-97.7219111,Capital City Plumbing And Drain,2020,2020,No
2020-09-10,2020-03-25,Plumbing Permit,Residential,Residential,Irrigation,Final,,,,1,78754.0,30.35710938,-97.66551125,,2020,2020,No
2020-09-03,2020-09-02,Electrical Permit,Residential,Residential,Repair,Final,,1.0,1.0,Unknown,78617.0,30.16256866,-97.6350268,"Austin Lanehart Electric Co., Inc.",2020,2020,No
2020-09-22,2020-09-21,Plumbing Permit,Residential,Residential,Irrigation,Final,,,,8,78735.0,30.24810024,-97.82772083,,2020,2020,No
2020-09-02,2020-02-26,Building Permit,Residential,R- 434 Addition & Alterations,Addition and Remodel,Final,1.0,0.0,0.0,9,78751.0,30.30336182,-97.73028349,Renaissance Contracting Llc,2020,2020,Yes
2020-09-22,2020-06-05,Plumbing Permit,Residential,R- 101 Single Family Houses,New,Final,,1.0,2.0,5,78748.0,30.130641,-97.81130657,,2020,2020,No
2020-09-15,2020-04-09,Plumbing Permit,Residential,R- 101 Single Family Houses,New,Final,,1.0,2.0,10,78731.0,30.36506822,-97.78587038,,2020,2020,No
2020-09-17,2020-09-01,Building Permit,Residential,R- 645 Demolition One Family Homes,Demolition,Final,0.0,1.0,1.0,7,78757.0,30.33304153,-97.72395623,Habitat Haus Llc,2020,2020,No
2020-09-03,2020-02-28,Electrical Permit,Commercial,C-1001 Commercial Finish Out,Remodel,Final,,1.0,1.0,4,78752.0,30.32574912,-97.71391613,Weifield Group Contracting Texas Llc,2020,2020,No
2020-09-16,2020-07-01,Electrical Permit,Residential,R- 101 Single Family Houses,New,Final,,1.0,1.0,2,78744.0,30.14685218,-97.71670384,"Ies Residential, Inc.",2020,2020,No
2020-09-28,2020-09-08,Building Permit,Commercial,C-1000 Commercial Remodel,Remodel,Final,,0.0,1.0,9,78701.0,30.27011324,-97.7475521,Reconstruction Experts,2020,2020,No
2020-09-04,2020-09-01,Mechanical Permit,Residential,Residential,Change Out,Final,,,,7,78757.0,30.36953751,-97.73025454,Mccullough Heating & Air,2020,2020,No
2020-09-25,2020-08-03,Plumbing Permit,Residential,R- 101 Single Family Houses,New,Final,,1.0,2.0,7,78660.0,30.43785128,-97.65408056,Mustang Plumbing,2020,2020,No
2020-09-25,2020-09-23,Plumbing Permit,Residential,Residential,Irrigation,Final,,,,1,78653.0,,,,2020,2020,No
2020-09-17,2020-07-16,Building Permit,Residential,R-2001 Relocation Residential,Relocation,Final,0.0,1.0,1.0,5,78745.0,30.22472606,-97.78163523,Brown & Sons House Movers,2020,2020,No
2020-09-14,2020-09-11,Electrical Permit,Residential,Residential,Repair,Expired,,1.0,1.0,8,78749.0,,,,2020,2020,No
2020-09-24,2020-09-22,Building Permit,Residential,R- 101 Single Family Houses,New,Final,254990.0,1.0,2.0,2,78747.0,,,"Milestone Community Builders, Llc(Main)",2020,2020,Yes
2020-08-31,2020-08-28,Electrical Permit,Residential,Residential,New,Final,,1.0,1.0,Unknown,78738.0,30.31781549,-97.96969162,"Austin Lanehart Electric Co., Inc.",2020,2020,No
2020-09-28,2018-05-14,Building Permit,Commercial,C-1000 Commercial Remodel,Remodel,Expired,,1.0,1.0,7,78758.0,30.39934526,-97.724535,Steve Hoegger & Associates,2020,2020,No
2020-09-02,2020-09-01,Plumbing Permit,Residential,Residential,Irrigation,Final,,,,1,78724.0,30.33783069,-97.58010362,,2020,2020,No
2020-09-22,2020-09-21,Electrical Permit,Residential,Residential,Repair,Final,,1.0,1.0,Unknown,78725.0,30.23463296,-97.58849703,"Ies Residential, Inc.",2020,2020,No
2020-09-10,2020-09-04,Electrical Permit,Residential,Residential,Repair,Final,,1.0,1.0,Unknown,78732.0,30.38832208,-97.88142459,"In Charge Electrical Services, Llc",2020,2020,No
2020-09-29,2020-04-03,Mechanical Permit,Residential,R- 101 Single Family Houses,New,Final,,1.0,2.0,2,78744.0,30.15469742,-97.71609585,,2020,2020,No
2020-09-28,2020-09-19,Plumbing Permit,Residential,Residential,Irrigation,Final,,,,9,78703.0,30.27581655,-97.75870867,,2020,2020,No
2020-09-16,2020-01-15,Plumbing Permit,Residential,Residential,Repair,Final,,1.0,2.0,9,78705.0,30.2901457,-97.75104988,Master Touch Plumbing,2020,2020,No
2020-09-03,2020-02-26,Plumbing Permit,Commercial,C- 105 Five or More Family Bldgs,New,Final,,36.0,3.0,1,78724.0,,,J & D Vision Plumbing,2020,2020,No
2020-09-09,2020-09-08,Mechanical Permit,Residential,Residential,Change Out,Final,,,,7,78757.0,30.34914729,-97.72434506,"Faught Service Company, Inc.",2020,2020,No
2020-08-27,2020-08-27,Electrical Permit,Residential,Residential,Upgrade,Final,,1.0,1.0,Unknown,78746.0,,,Solomon Electrical Contracting Llc,2020,2020,No
2020-09-30,2020-03-17,Plumbing Permit,Residential,Residential,Repair,Final,,0.0,1.0,3,78741.0,30.2434245,-97.69216944,Rod Plumbing,2020,2020,No
2020-09-23,2020-09-21,Mechanical Permit,Residential,Residential,Change Out,Final,,,,6,78729.0,30.44532631,-97.76671529,"Sa&H Western Holdings, Llc",2020,2020,No
2020-09-02,2020-08-31,Electrical Permit,Residential,Residential,Upgrade,Final,,1.0,1.0,10,78731.0,30.36087383,-97.75503315,,2020,2020,No
2020-09-28,2020-08-26,Building Permit,Residential,R- 101 Single Family Houses,New,Final,199070.0,1.0,2.0,1,78754.0,30.3507672,-97.60266951,Rsi Communities (Do Not Use),2020,2020,Yes
2020-09-25,2020-09-17,Plumbing Permit,Residential,Residential,Repair,Final,,1.0,0.0,1,78723.0,30.28959212,-97.67196021,,2020,2020,No
2020-09-14,2020-09-11,Plumbing Permit,Residential,Residential,Repair,Final,,1.0,0.0,Unknown,78652.0,30.12472659,-97.81850341,Benjamin Franklin Plumbing,2020,2020,No
2020-09-10,2020-09-10,Electrical Permit,Commercial,Sign Permit,Wall,Final,,,,8,78735.0,30.25596029,-97.8682549,,2020,2020,No
2020-09-21,2020-09-16,Building Permit,Commercial,C- 329 Com Structures Other Than Bldg,New,VOID,35000000.0,1.0,1.0,6,78717.0,,,,2020,2020,Yes
2020-09-15,2019-11-22,Plumbing Permit,Commercial,C- 327 Stores & Customer Services,New,Final,,1.0,1.0,8,78737.0,,,Gulf States Plumbing & Mech Inc,2020,2020,No
2020-09-01,2020-08-27,Electrical Permit,Residential,Residential,Upgrade,Final,,1.0,1.0,6,78750.0,30.43318715,-97.80751875,"Tesla Energy Operations, Inc.",2020,2020,No
2020-09-23,2019-02-11,Plumbing Permit,Commercial,"C- 213 Hotels, Motels, & Tourist Cabins",New,Final,,1.0,1.0,4,78758.0,30.39113101,-97.71284738,Enhanced Construction Inc,2020,2020,No
2020-09-18,2020-09-08,Mechanical Permit,Residential,Residential,Repair,Final,,0.0,0.0,1,78724.0,30.29222184,-97.65192067,"Air Pro, Inc.",2020,2020,No
2020-09-17,2020-09-16,Mechanical Permit,Residential,Residential,Change Out,Final,,,,2,78744.0,30.19222178,-97.73440175,"Stan'S Heating, Air, Plumbing, & Electrical",2020,2020,No
2020-09-29,2020-02-20,Plumbing Permit,Residential,Residential,Irrigation,Final,,,,1,78660.0,30.39165853,-97.6129267,,2020,2020,No
2020-09-24,2020-08-31,Plumbing Permit,Residential,R- 101 Single Family Houses,New,Final,,1.0,2.0,2,78747.0,30.13830964,-97.76146904,Victory Plumbing Company,2020,2020,No
2020-08-28,2019-11-08,Mechanical Permit,Commercial,C- 105 Five or More Family Bldgs,New,Final,,5.0,4.0,10,78731.0,30.31477029,-97.75300303,,2020,2020,No
2020-08-27,2020-05-13,Driveway / Sidewalks,Residential,Res. Driveway,New,Final,,,,5,78745.0,30.22151848,-97.78809507,"S&L Land Design Consultants, Llc",2020,2020,No
2020-08-31,2020-07-20,Mechanical Permit,Residential,R- 434 Addition & Alterations,Addition and Remodel,Final,,1.0,2.0,8,78749.0,30.21600454,-97.87684305,Minter Air & Refrigeration,2020,2020,No
2020-09-28,2020-06-11,Driveway / Sidewalks,Residential,Res. Driveway & Sidewalk,New,Final,,,,1,78660.0,30.398603,-97.6132987,D R Horton Homes,2020,2020,No
2020-09-21,2020-09-16,Electrical Permit,Commercial,Sign Permit,Wall,Expired,,,,10,78759.0,30.42947874,-97.76176404,,2020,2020,No
2020-08-31,2020-08-03,Building Permit,Residential,R- 101 Single Family Houses,New,Final,1.0,1.0,1.0,1,78653.0,,,Gfo Home***Main***,2020,2020,Yes
2020-09-24,2020-09-24,Electrical Permit,Residential,Residential,New,Final,,1.0,1.0,Unknown,78724.0,30.2619407,-97.57614321,"Ies Residential, Inc.",2020,2020,No
2020-09-02,2020-08-13,Building Permit,Residential,R- 645 Demolition One Family Homes,Demolition,Final,0.0,1.0,1.0,4,78753.0,30.34516327,-97.70259778,"Edrs, Inc.",2020,2020,No
2020-09-25,2020-09-01,Plumbing Permit,Residential,R- 101 Single Family Houses,New,Final,,1.0,1.0,1,78653.0,,,Mustang Plumbing,2020,2020,No
2020-08-28,2020-03-13,Plumbing Permit,Commercial,C-1001 Commercial Finish Out,Remodel,Final,,1.0,1.0,6,78727.0,30.4296924,-97.73658669,"Butler Plumbing, Inc.",2020,2020,No
2020-09-10,2020-08-04,Mechanical Permit,Residential,Residential,Repair,Final,,0.0,0.0,1,78724.0,30.29222184,-97.65192067,Velocity Heating & Air Llc,2020,2020,No
2020-09-10,2020-08-24,Electrical Permit,Commercial,Sign Permit,Wall,Expired,,,,3,78745.0,30.20163118,-97.76935196,,2020,2020,No
2020-09-17,2020-05-27,Building Permit,Commercial,C-1000 Commercial Remodel,Remodel,Final,,0.0,1.0,5,78745.0,30.20187907,-97.80505517,"Trimbuilt Construction, Inc.",2020,2020,No
2020-09-15,2020-06-11,Driveway / Sidewalks,Commercial,"Com. Sidewalk, Curb, Gutter",New,Expired,,,,Unknown,,,,,2020,2020,No
2020-09-11,2020-09-04,Mechanical Permit,Residential,Residential,Change Out,Final,,,,2,78748.0,30.17688103,-97.78905553,,2020,2020,No
2020-09-18,2020-09-16,Plumbing Permit,Residential,Residential,Irrigation,Final,,,,1,78724.0,30.30774459,-97.6298992,,2020,2020,No
2020-09-10,2020-09-09,Electrical Permit,Commercial,Sign Permit,Freestanding,Final,,,,7,78759.0,30.39092459,-97.74236106,,2020,2020,No
2020-09-22,2020-09-22,Plumbing Permit,Commercial,Commercial,Repair,Final,,,0.0,7,78660.0,30.43295031,-97.65382958,Cedar Park Plumbing Heating & Air Inc,2020,2020,No
2020-09-24,2020-09-16,Mechanical Permit,Residential,Residential,Change Out,Final,,,,7,78757.0,30.34916531,-97.72063744,"Stan'S Heating, Air, Plumbing, & Electrical",2020,2020,No
2020-09-25,2020-04-21,Plumbing Permit,Residential,Residential,Irrigation,Final,,,,2,78747.0,30.15511989,-97.75738854,,2020,2020,No
2020-09-28,2020-09-23,Building Permit,Commercial,C-1000 Commercial Remodel,Remodel,Expired,,1.0,1.0,3,78741.0,30.23256094,-97.73196691,Arc Group Usa,2020,2020,No
2020-09-28,2020-08-13,Electrical Permit,Residential,R- 101 Single Family Houses,New,Final,,1.0,2.0,7,78753.0,30.40740201,-97.64594994,"In Charge Electrical Services, Llc",2020,2020,No
2020-09-24,2020-09-14,Mechanical Permit,Commercial,Commercial,Change Out,Final,,,,9,78705.0,30.28907852,-97.72618741,Southland Industries,2020,2020,No
2020-09-23,2020-09-17,Electrical Permit,Residential,Residential,Special Inspections Program,Final,,,,1,78752.0,30.32739064,-97.68164976,Grayzer Electric Llc,2020,2020,No
2020-08-28,2020-01-28,Plumbing Permit,Commercial,C- 104 Three & Four Family Bldgs,New,Final,,3.0,2.0,6,78717.0,30.4809672,-97.80172818,Mechanical Systems,2020,2020,No
2020-09-17,2020-09-16,Plumbing Permit,Residential,Residential,Repair,Final,,1.0,1.0,1,78753.0,30.37875825,-97.66143874,Jmr Services,2020,2020,No
2020-08-31,2020-08-28,Plumbing Permit,Commercial,Commercial,Repair,Final,,,0.0,1,78754.0,30.33832187,-97.66222891,Startech Service Llc,2020,2020,No
2020-09-03,2020-08-24,Building Permit,Commercial,C-1000 Commercial Remodel,Remodel,Final,,1.0,3.0,7,78758.0,,,Reliable Roofing Of Texas Inc,2020,2020,No
2020-08-27,2020-08-27,Electrical Permit,Residential,Residential,Repair,Final,,1.0,1.0,4,78757.0,30.3600968,-97.71868894,Landmark Electric,2020,2020,No
2020-09-23,2020-07-29,Building Permit,Residential,R- 645 Demolition One Family Homes,Demolition,Final,0.0,1.0,1.0,9,78704.0,30.25092309,-97.74232566,Urban Atx Development Llc,2020,2020,No
2020-09-14,2020-09-03,Electrical Permit,Commercial,Commercial,Special Inspections Program,Final,,,,6,78727.0,30.43077926,-97.74287024,,2020,2020,No
2020-09-16,2020-09-15,Plumbing Permit,Residential,Residential,Irrigation,Final,,,,2,78744.0,30.1464839,-97.71698596,,2020,2020,No
2020-09-10,2020-05-26,Electrical Permit,Residential,R- 101 Single Family Houses,New,Final,,1.0,2.0,1,78721.0,,,Edumar Electric,2020,2020,No
2020-09-23,2020-09-21,Electrical Permit,Residential,Residential,Repair,Final,,1.0,1.0,1,78653.0,30.29717463,-97.55427748,Pecan Street Inc,2020,2020,No
2020-08-31,2020-08-28,Electrical Permit,Residential,Residential,Repair,Expired,,1.0,1.0,Unknown,78617.0,30.1622897,-97.63444904,"Austin Lanehart Electric Co., Inc.",2020,2020,No
2020-09-25,2020-07-01,Driveway / Sidewalks,Residential,Res. Driveway & Sidewalk,New,Final,,,,1,78660.0,30.40117018,-97.61347693,D R Horton Homes,2020,2020,No
2020-09-01,2020-05-14,Mechanical Permit,Residential,R- 101 Single Family Houses,New,Final,,1.0,1.0,1,78660.0,30.40021282,-97.61385614,Christianson Plumbing & Air Co,2020,2020,No
2020-09-18,2020-09-14,Mechanical Permit,Residential,Residential,Change Out,Final,,,,2,78745.0,30.2061674,-97.79202697,,2020,2020,No
2020-08-27,2020-03-30,Mechanical Permit,Commercial,C-1000 Commercial Remodel,Remodel,Expired,,1.0,1.0,10,78705.0,30.30490831,-97.74539945,Dynamic Systems Inc,2020,2020,No
2020-09-09,2020-07-29,Plumbing Permit,Residential,R- 329 Res Structures Other Than Bldg,New,Final,,1.0,0.0,6,78717.0,30.50491732,-97.75733886,,2020,2020,No
2020-09-22,2020-08-17,Electrical Permit,Commercial,C-1000 Commercial Remodel,Remodel,Final,,0.0,10.0,6,78729.0,30.46422112,-97.79410068,Navejas Electric Llc,2020,2020,No
2020-09-22,2020-09-21,Mechanical Permit,Residential,Residential,Change Out,Expired,,,,5,78744.0,30.16115004,-97.78204142,Abc Home And Commercial Services,2020,2020,No
2020-09-15,2020-07-30,Building Permit,Residential,R- 329 Res Structures Other Than Bldg,New,Expired,80000.0,1.0,1.0,8,78739.0,30.17155009,-97.90773283,The Shrum Company,2020,2020,Yes
2020-09-23,2020-05-14,Driveway / Sidewalks,Residential,Res. Driveway & Sidewalk,New,Final,,,,1,78660.0,30.40039489,-97.61349246,D R Horton Homes,2020,2020,No
2020-09-03,2020-07-09,Electrical Permit,Residential,Residential,Auxiliary Power,Final,,1.0,1.0,1,78653.0,30.29888061,-97.55532506,Alba Energy Llc,2020,2020,No
2020-09-23,2020-06-03,Plumbing Permit,Commercial,C-1000 Commercial Remodel,Remodel,Final,,1.0,1.0,5,78745.0,30.22867205,-97.80448049,Lakeway Plumbing Co.,2020,2020,No
2020-09-17,2019-10-18,Driveway / Sidewalks,Residential,Res. Driveway,New,Final,,,,9,78741.0,30.23888051,-97.73491356,,2020,2020,No
2020-09-15,2019-12-30,Plumbing Permit,Residential,R- 329 Res Structures Other Than Bldg,New,Final,,0.0,0.0,5,78704.0,30.25204436,-97.79115534,Rod Plumbing,2020,2020,No
2020-09-16,2020-07-08,Plumbing Permit,Residential,R- 329 Res Structures Other Than Bldg,New,Final,,1.0,1.0,10,78731.0,30.36737144,-97.76030221,P & P Plumbing,2020,2020,No
2020-09-15,2020-09-15,Electrical Permit,Commercial,Sign Permit,Wall,Final,,,,2,78748.0,30.16756466,-97.79121258,,2020,2020,No
2020-09-24,2020-08-11,Mechanical Permit,Residential,Residential,Change Out,Final,,,,4,78758.0,30.37050143,-97.71383614,American Conservation & Air,2020,2020,No
2020-09-13,2020-07-17,Electrical Permit,Residential,R- 329 Res Structures Other Than Bldg,New,Final,,1.0,1.0,8,78739.0,30.191275,-97.89818633,Economy Electric,2020,2020,No
2020-09-08,2020-09-08,Mechanical Permit,Residential,Residential,Repair,Final,,1.0,1.0,4,78758.0,30.37717069,-97.70857006,Totally Cool,2020,2020,No
2020-09-18,2020-03-03,Mechanical Permit,Residential,R- 101 Single Family Houses,New,Final,,1.0,2.0,1,78724.0,30.2948105,-97.64223576,,2020,2020,No
2020-09-15,2020-09-02,Electrical Permit,Residential,Residential,New,Final,,1.0,1.0,Unknown,78724.0,30.26263294,-97.58775801,Landmark Electric,2020,2020,No
2020-08-31,2020-08-31,Electrical Permit,Residential,Residential,New,Final,,1.0,1.0,Unknown,78660.0,30.42355026,-97.65215811,"Austin Lanehart Electric Co., Inc.",2020,2020,No
2020-09-17,2020-09-03,Electrical Permit,Residential,Residential,Repair,Final,,1.0,1.0,Unknown,78733.0,30.30686379,-97.88526923,,2020,2020,No
2020-09-21,2020-05-05,Mechanical Permit,Residential,R- 101 Single Family Houses,New,Final,,1.0,2.0,7,78757.0,30.33699804,-97.73025423,,2020,2020,No
2020-09-24,2020-02-26,Mechanical Permit,Residential,R- 434 Addition & Alterations,Addition and Remodel,Final,,0.0,0.0,9,78751.0,30.30336182,-97.73028349,Austin A/C Works,2020,2020,No
2020-09-01,2020-05-15,Electrical Permit,Commercial,C- 105 Five or More Family Bldgs,New,Final,,33.0,3.0,4,78723.0,,,Ari-Tex Electric Inc.,2020,2020,No
2020-08-28,2020-02-28,Mechanical Permit,Residential,R- 101 Single Family Houses,New,Final,,1.0,1.0,1,78721.0,,,Intelligent Air Services,2020,2020,No
2020-09-01,2020-05-06,Driveway / Sidewalks,Residential,Res. Driveway & Sidewalk,New,Final,,,,1,78653.0,,,Brohn Homes,2020,2020,No
2020-09-28,2020-07-24,Mechanical Permit,Residential,R- 101 Single Family Houses,New,Final,,1.0,1.0,1,78653.0,,,Air Temp Solutions,2020,2020,No
2020-09-10,2020-07-06,Plumbing Permit,Residential,Residential,Irrigation,Final,,,,2,78744.0,30.14753115,-97.71870447,,2020,2020,No
2020-08-25,2020-06-04,Building Permit,Residential,R- 438 Residential Garage/Carport Addn,New,Final,0.0,1.0,1.0,5,78704.0,30.25919626,-97.76514614,"Greater Austin Builders, Llc **Main**",2020,2020,No
2020-09-01,2020-08-14,Building Permit,Commercial,C-1000 Commercial Remodel,Remodel,Final,,1.0,2.0,2,78719.0,,,T&G Corporation Dba Florida T&G Corporation Texas Division Inc,2020,2020,No
2020-08-28,2020-01-28,Plumbing Permit,Commercial,C - Medical Gas,Remodel,Expired,,0.0,1.0,5,78745.0,30.22932841,-97.80150829,,2020,2020,No
2020-09-10,2020-09-09,Building Permit,Residential,R- 435 Renovations/Remodel,Repair,Final,19908.0,1.0,1.0,8,78748.0,30.1583615,-97.85497999,Home Depot Usa Inc,2020,2020,Yes
2020-09-22,2020-09-22,Electrical Permit,Residential,Residential,New,Final,,1.0,1.0,Unknown,78724.0,30.26250296,-97.57491997,"Ies Residential, Inc.",2020,2020,No
2020-09-21,2020-08-03,Mechanical Permit,Residential,R- 101 Single Family Houses,New,Final,,1.0,1.0,1,78724.0,30.30608637,-97.64705012,Elite Heating And Air Conditioning Llc,2020,2020,No
2020-09-22,2020-09-03,Mechanical Permit,Residential,Residential,Change Out,Expired,,,,7,78757.0,30.3504609,-97.746968,Smart Air Service Co.,2020,2020,No
2020-09-15,2019-06-27,Plumbing Permit,Residential,Residential,Repair,Final,,1.0,2.0,9,78705.0,30.28990613,-97.7336223,Cox Plumbing Company,2020,2020,No
2020-09-18,2020-06-09,Plumbing Permit,Residential,R- 101 Single Family Houses,New,Final,,1.0,2.0,3,78741.0,30.23022784,-97.69788942,Art G Plumbing,2020,2020,No
2020-08-27,2020-03-18,Plumbing Permit,Residential,R- 101 Single Family Houses,New,Final,,1.0,2.0,3,78745.0,30.21942526,-97.77744927,Deleon'S Plumbing,2020,2020,No
2020-09-17,2020-07-01,Electrical Permit,Residential,R- 329 Res Structures Other Than Bldg,New,Final,,1.0,1.0,8,78739.0,30.17244554,-97.91275898,Generation Next Electric,2020,2020,No
2020-08-31,2020-06-24,Mechanical Permit,Residential,R- 101 Single Family Houses,New,Final,,1.0,2.0,2,78744.0,30.15852999,-97.72411016,,2020,2020,No
2020-09-03,2020-07-06,Mechanical Permit,Residential,R- 101 Single Family Houses,New,Final,,1.0,2.0,1,78653.0,,,"Stan'S Heating, Air, Plumbing, & Electrical",2020,2020,No
2020-09-24,2020-09-22,Plumbing Permit,Residential,Residential,Repair,Final,,0.0,1.0,5,78745.0,,,Ezg Services,2020,2020,No
2020-09-21,2020-09-16,Building Permit,Commercial,C- 329 Com Structures Other Than Bldg,New,VOID,35000000.0,1.0,1.0,6,78717.0,,,,2020,2020,Yes
2020-09-04,2020-09-04,Building Permit,Residential,R- 435 Renovations/Remodel,Repair,Final,6790.0,1.0,1.0,3,78704.0,30.23421412,-97.75032505,Renewal By Andersen,2020,2020,Yes
2020-09-16,2020-03-16,Building Permit,Commercial,C- 105 Five or More Family Bldgs,New,Final,25000000.0,6.0,1.0,1,78722.0,,,"Skybeck Construction, Llc",2020,2020,Yes
2020-09-17,2020-09-16,Building Permit,Residential,R- 435 Renovations/Remodel,Repair,Final,13124.0,1.0,1.0,7,78727.0,30.42540927,-97.67967038,Renewal By Andersen,2020,2020,Yes
2020-09-25,2020-06-29,Building Permit,Residential,R- 101 Single Family Houses,New,Final,1.0,1.0,2.0,9,78751.0,30.31085894,-97.72607129,,2020,2020,Yes
2020-09-25,2020-09-23,Mechanical Permit,Residential,Residential,Change Out,Final,,,,10,78759.0,30.38910659,-97.76341815,"Faught Service Company, Inc.",2020,2020,No
2020-09-28,2020-07-24,Mechanical Permit,Residential,R- 101 Single Family Houses,New,Final,,1.0,2.0,1,78653.0,,,Air Temp Solutions,2020,2020,No
2020-09-25,2020-09-24,Plumbing Permit,Residential,Residential,Irrigation,Final,,,,2,78744.0,30.15926411,-97.72517909,,2020,2020,No
2020-08-03,2020-07-31,Mechanical Permit,Residential,Residential,Change Out,Final,,,,10,78703.0,30.30778067,-97.7654159,,2020,2020,No
2020-08-07,2020-05-27,Mechanical Permit,Residential,R- 101 Single Family Houses,New,Final,,1.0,1.0,2,78747.0,,,,2020,2020,No
2020-09-29,2020-07-29,Electrical Permit,Residential,R- 101 Single Family Houses,New,Final,,1.0,2.0,1,78754.0,30.3726981,-97.6550596,Landmark Electric,2020,2020,No
2020-09-25,2020-09-04,Electrical Permit,Residential,R- 101 Single Family Houses,New,Final,,1.0,2.0,5,78748.0,30.16217033,-97.81942811,,2020,2020,No
2020-09-17,2020-09-15,Plumbing Permit,Residential,Residential,New,Final,,1.0,1.0,Unknown,78617.0,30.16246122,-97.6347576,Victory Plumbing Company,2020,2020,No
2020-09-09,2020-07-01,Building Permit,Residential,R- 101 Single Family Houses,New,Final,0.0,1.0,3.0,3,78704.0,,,"Austin Newcastle Homes, Lp",2020,2020,No
2020-09-04,2019-04-22,Mechanical Permit,Residential,R- 434 Addition & Alterations,Addition and Remodel,Final,,1.0,1.0,1,78723.0,30.29728266,-97.68299995,Krd Mechanical,2020,2020,No
2020-09-11,2020-09-11,Plumbing Permit,Residential,Residential,New,Final,,1.0,1.0,Unknown,78728.0,30.46271476,-97.6780333,Victory Plumbing Company,2020,2020,No
2020-09-02,2020-08-18,Mechanical Permit,Residential,R- 435 Renovations/Remodel,Repair,Expired,,1.0,1.0,2,78617.0,30.16871273,-97.61667984,H F Mechanical,2020,2020,No
2020-09-14,2020-04-15,Driveway / Sidewalks,Residential,Res. Driveway,New,Final,,,,3,78704.0,,,South Austin Development Group Llc (Main),2020,2020,No
2020-09-01,2020-08-31,Plumbing Permit,Residential,Residential,Irrigation,Final,,,,1,78653.0,,,,2020,2020,No
2020-09-03,2020-05-29,Building Permit,Residential,R- 434 Addition & Alterations,Addition and Remodel,Expired,1.0,1.0,2.0,9,78723.0,30.29110195,-97.69550148,Mckay Vassaur Custom Builders ***Main***,2020,2020,Yes
2020-09-10,2019-10-18,Building Permit,Residential,R- 101 Single Family Houses,New,Final,0.0,1.0,2.0,5,78704.0,30.25836726,-97.76948326,Atx Pro Builders,2020,2020,No
2020-09-21,2020-09-17,Plumbing Permit,Residential,Residential,Change Out,Expired,,,,2,78747.0,30.15041534,-97.73920317,,2020,2020,No
2020-09-17,2020-09-16,Mechanical Permit,Residential,Residential,Change Out,Final,,,,10,78731.0,30.36993789,-97.7815232,A-Plus Energy Management,2020,2020,No
2020-09-27,2020-09-24,Mechanical Permit,Residential,Residential,Change Out,Final,,,,2,78744.0,30.19112549,-97.73242399,More Than Ac P-Llc,2020,2020,No
2020-09-16,2020-03-16,Building Permit,Commercial,C- 105 Five or More Family Bldgs,New,Final,25000000.0,80.0,4.0,1,78722.0,,,"Skybeck Construction, Llc",2020,2020,Yes
2020-09-01,2020-08-25,Mechanical Permit,Residential,Residential,Change Out,Expired,,,,5,78704.0,30.23499431,-97.78460418,American Residential Services (Ars),2020,2020,No
2020-09-21,2020-07-17,Mechanical Permit,Commercial,C-1000 Commercial Remodel,Remodel,Final,,1.0,1.0,8,78746.0,,,Gemini Mechanical Services Inc.,2020,2020,No
2020-09-30,2020-09-28,Plumbing Permit,Residential,Residential,Irrigation,Final,,,,1,78724.0,30.28871758,-97.64390153,,2020,2020,No
2020-09-09,2018-08-31,Plumbing Permit,Residential,R- 434 Addition & Alterations,Addition and Remodel,Final,,1.0,1.0,7,78756.0,30.32732614,-97.73410415,Peanut Plumbing Llc,2020,2020,No
2020-08-28,2020-08-07,Building Permit,Commercial,C-1000 Commercial Remodel,Repair,Final,6927.0,1.0,1.0,7,78753.0,30.41009134,-97.66781163,Erw Site Solution ***Main***,2020,2020,Yes
2020-09-02,2020-09-01,Building Permit,Residential,R- 101 Single Family Houses,New,Final,254990.0,1.0,1.0,2,78747.0,30.13452502,-97.76364856,"Milestone Community Builders, Llc(Main)",2020,2020,Yes
2020-08-28,2020-08-14,Building Permit,Residential,R- 435 Renovations/Remodel,Repair,Final,39919.0,1.0,1.0,2,78747.0,30.14385529,-97.76741304,"Advanced Foundation Repair, Lp",2020,2020,Yes
2020-09-21,2020-09-17,Mechanical Permit,Residential,Residential,Change Out,Final,,,,10,78731.0,30.34794406,-97.7793398,,2020,2020,No
2020-09-29,2020-09-03,Building Permit,Residential,R- 329 Res Structures Other Than Bldg,New,Final,100.0,1.0,1.0,8,78748.0,30.16170928,-97.84990933,"Cody Pools, Inc. **Main",2020,2020,Yes
2020-09-08,2020-09-04,Electrical Permit,Residential,Residential,Upgrade,Final,,1.0,1.0,8,78749.0,30.21439461,-97.83626171,Max Electric Services Llc,2020,2020,No
2020-08-28,2020-08-28,Plumbing Permit,Residential,Residential,Irrigation,Expired,,,,9,78751.0,,,,2020,2020,No
2020-09-21,2020-02-28,Building Permit,Commercial,C- 329 Com Structures Other Than Bldg,New,Final,35000000.0,1.0,1.0,6,78717.0,,,Oht Construction Llc ***Main***,2020,2020,Yes
2020-09-04,2020-08-06,Building Permit,Residential,R- 102 Secondary Apartment,New,Final,1.0,1.0,2.0,4,78752.0,30.33130679,-97.69589877,Big Castle Llc,2020,2020,Yes
2020-09-25,2020-03-10,Plumbing Permit,Residential,Residential,Irrigation,Final,,,,5,78748.0,30.16291102,-97.81765225,,2020,2020,No
2020-09-21,2018-10-17,Building Permit,Residential,R- 102 Secondary Apartment,New,Final,150000.0,1.0,2.0,3,78702.0,30.25521925,-97.73188235,Okapi Texas Llc,2020,2020,Yes
2020-09-15,2020-05-19,Building Permit,Commercial,C-1000 Commercial Remodel,Remodel,Final,,0.0,1.0,7,78757.0,30.35958051,-97.73741184,Ward Contracting Llc,2020,2020,No
2020-09-04,2020-09-02,Mechanical Permit,Residential,Residential,Change Out,Expired,,,,10,78750.0,30.37967591,-97.79409055,,2020,2020,No
2020-09-10,2019-10-18,Building Permit,Residential,R- 329 Res Structures Other Than Bldg,New,Final,0.0,0.0,0.0,5,78704.0,30.25836726,-97.76948326,Atx Pro Builders,2020,2020,No
2020-09-21,2019-06-27,Plumbing Permit,Residential,R- 101 Single Family Houses,New,Final,,1.0,2.0,2,78747.0,30.15301921,-97.7557767,,2020,2020,No
2020-08-27,2020-07-02,Plumbing Permit,Residential,R- 101 Single Family Houses,New,Final,,1.0,2.0,1,78660.0,30.40013194,-97.61484203,Christianson Plumbing,2020,2020,No
2020-08-28,2020-01-21,Mechanical Permit,Residential,R- 101 Single Family Houses,New,Final,,1.0,2.0,5,78745.0,30.22286844,-97.77757668,,2020,2020,No
2020-09-14,2020-06-01,Plumbing Permit,Commercial,C-1000 Commercial Remodel,Remodel,Final,,6.0,2.0,2,78744.0,30.1996283,-97.73520938,Flint & Associates Llc,2020,2020,No
2020-08-31,2020-03-26,Plumbing Permit,Residential,R- 329 Res Structures Other Than Bldg,New,Final,,1.0,0.0,8,78746.0,30.27570993,-97.82235887,Lynch Plumbing Llc,2020,2020,No
2020-09-10,2020-07-20,Mechanical Permit,Commercial,C-1000 Commercial Remodel,Remodel,Final,,1.0,1.0,9,78705.0,30.28953364,-97.7516589,Orchard Mechanical,2020,2020,No
2020-09-28,2020-09-18,Building Permit,Residential,R- 435 Renovations/Remodel,Repair,Expired,33985.0,1.0,1.0,10,78731.0,30.35885809,-97.78670675,Renewal By Andersen,2020,2020,Yes
2020-09-23,2020-04-01,Electrical Permit,Residential,R- 101 Single Family Houses,New,Final,,1.0,2.0,7,78758.0,30.39475764,-97.69762133,,2020,2020,No
2020-09-01,2020-03-02,Plumbing Permit,Commercial,C-1000 Commercial Remodel,Remodel,Final,,1.0,2.0,4,78753.0,30.35444794,-97.68546322,Premier Plumbing Services,2020,2020,No
2020-09-08,2020-09-04,Electrical Permit,Residential,Residential,Repair,Expired,,1.0,1.0,2,78744.0,,,"In Charge Electrical Services, Llc",2020,2020,No
2020-09-14,2019-04-03,Mechanical Permit,Residential,R- 434 Addition & Alterations,Addition and Remodel,Final,,1.0,2.0,10,78703.0,30.29628772,-97.75093942,Air-Rite By Design Inc,2020,2020,No
2020-09-15,2017-04-07,Electrical Permit,Residential,R- 101 Single Family Houses,New,Final,,1.0,2.0,9,78703.0,30.27608233,-97.75824845,Conquest Electrical Contracting Llc,2020,2020,No
2020-09-16,2020-09-14,Mechanical Permit,Commercial,Commercial,Change Out,Final,,,,6,78729.0,30.44076734,-97.76457034,"Stan'S Heating, Air, Plumbing, & Electrical",2020,2020,No
2020-09-10,2020-09-04,Electrical Permit,Residential,Residential,Repair,Final,,1.0,1.0,Unknown,78744.0,30.16877986,-97.69656761,"In Charge Electrical Services, Llc",2020,2020,No
2020-09-19,2020-04-29,Driveway / Sidewalks,Residential,Res. Driveway & Sidewalk,New,Final,,,,1,78660.0,30.39943004,-97.61312941,D R Horton Homes,2020,2020,No
2020-09-17,2019-04-17,Building Permit,Commercial,C-1000 Commercial Remodel,Remodel,Expired,,0.0,3.0,3,78741.0,30.24193734,-97.72360824,Oden Hughes Llc Dba Cactus Rose Oh Delta Llc,2020,2020,No
2020-09-02,2020-07-21,Building Permit,Residential,R- 434 Addition & Alterations,Addition and Remodel,Final,100000.0,1.0,1.0,3,78745.0,30.21731853,-97.77813838,Elliott Construction Co.,2020,2020,Yes
2020-09-16,2020-09-16,Electrical Permit,Residential,Residential,New,Final,,1.0,1.0,Unknown,78724.0,,,"Ies Residential, Inc.",2020,2020,No
2020-09-24,2020-09-11,Building Permit,Commercial,C- 649 Demolition All Other Bldgs Com,Demolition,Final,0.0,1.0,1.0,7,78757.0,30.3403155,-97.73055156,Bartlett Cocke General Contractors (Main),2020,2020,No
2020-09-22,2020-08-26,Mechanical Permit,Residential,Residential,Change Out,Final,,,,6,78759.0,30.41209215,-97.77889369,Abc Home And Commercial Services,2020,2020,No
2020-08-28,2020-08-24,Electrical Permit,Residential,Residential,New,Final,,1.0,1.0,Unknown,78617.0,30.16397957,-97.63385111,"Austin Lanehart Electric Co., Inc.",2020,2020,No
2020-09-14,2020-09-11,Building Permit,Residential,R- 435 Renovations/Remodel,Repair,Final,13650.0,1.0,1.0,2,78745.0,30.18831593,-97.78638635,Level Best Foundation Repair Inc,2020,2020,Yes
2020-09-01,2020-09-01,Plumbing Permit,Residential,Residential,Irrigation,Expired,,,,7,78731.0,30.32818563,-97.75241597,,2020,2020,No
2020-09-15,2020-06-22,Electrical Permit,Residential,R- 329 Res Structures Other Than Bldg,New,Final,,1.0,0.0,10,78731.0,30.32811561,-97.76756324,"Solid Base Electric, Llc",2020,2020,No
2020-09-05,2020-07-17,Driveway / Sidewalks,Residential,Res. Driveway & Sidewalk,New,Final,,,,1,78653.0,,,Brohn Homes,2020,2020,No
2020-09-22,2020-07-08,Electrical Permit,Commercial,C-1000 Commercial Remodel,Remodel,Final,,1.0,1.0,8,78746.0,30.25405487,-97.80018198,Neyland Electrical Services Llc,2020,2020,No
2020-08-28,2020-07-01,Electrical Permit,Residential,R- 101 Single Family Houses,New,Final,,1.0,2.0,2,78744.0,30.15894883,-97.72374438,"In Charge Electrical Services, Llc",2020,2020,No
2020-08-31,2019-09-03,Driveway / Sidewalks,Commercial,Com. Driveway,New,Final,,,,Unknown,,,,The Nrp Group Llc,2020,2020,No
2020-09-04,2019-10-02,Electrical Permit,Residential,R- 101 Single Family Houses,New,Final,,1.0,2.0,1,78754.0,30.37307369,-97.65526487,Landmark Electric,2020,2020,No
2020-09-14,2020-06-17,Electrical Permit,Residential,R- 101 Single Family Houses,New,Final,,1.0,1.0,1,78660.0,30.39937606,-97.61421607,Landmark Electric,2020,2020,No
2020-09-21,2020-01-08,Plumbing Permit,Residential,Residential,Irrigation,Final,,,,8,78652.0,30.17277935,-97.92155644,,2020,2020,No
2020-09-30,2018-11-29,Electrical Permit,Residential,R- 101 Single Family Houses,New,Final,,1.0,3.0,4,78758.0,30.38312057,-97.69988723,5G Electrical Services,2020,2020,No
2020-09-25,2020-08-07,Mechanical Permit,Residential,R- 101 Single Family Houses,New,Final,,1.0,1.0,7,78660.0,30.43632252,-97.65120605,Texas Comfort Air,2020,2020,No
2020-09-15,2020-09-14,Electrical Permit,Residential,Residential,Auxiliary Power,Final,,1.0,1.0,10,78730.0,30.35961446,-97.8033847,Cam Solar Inc.,2020,2020,No
2020-09-02,2020-07-30,Mechanical Permit,Residential,Residential,Change Out,VOID,,,,10,78731.0,30.33116755,-97.77922589,Smart Air Service Co.,2020,2020,No
2020-09-01,2020-05-06,Mechanical Permit,Residential,R- 101 Single Family Houses,New,Final,,1.0,2.0,1,78660.0,30.40035088,-97.61297334,Christianson Plumbing & Air Co,2020,2020,No
2020-09-08,2020-06-08,Electrical Permit,Commercial,C- 325 Public Works & Utilities Bldgs,New,Final,,1.0,1.0,8,78735.0,30.23744437,-97.83864629,Beckett Electrical Services,2020,2020,No
2020-09-15,2020-06-01,Electrical Permit,Commercial,C- 329 Com Structures Other Than Bldg,New,Final,,1.0,1.0,2,78744.0,30.1996283,-97.73520938,Agape Electric Ltd,2020,2020,No
2020-09-09,2020-06-25,Mechanical Permit,Commercial,C-1000 Commercial Remodel,Remodel,Final,,1.0,2.0,9,78701.0,,,Mc Systems Llc,2020,2020,No
2020-09-18,2020-09-17,Electrical Permit,Residential,Residential,Upgrade,Final,,1.0,1.0,6,78750.0,30.44254612,-97.79175468,Lpz Electric Llc,2020,2020,No
2020-09-03,2020-08-18,Plumbing Permit,Residential,R- 101 Single Family Houses,New,Final,,1.0,1.0,2,78744.0,,,Victory Plumbing Company,2020,2020,No
2020-09-12,2020-03-02,Electrical Permit,Commercial,C-1000 Commercial Remodel,Remodel,Final,,1.0,2.0,4,78753.0,30.35444794,-97.68546322,Crown Electric,2020,2020,No
2020-09-18,2020-08-02,Mechanical Permit,Residential,R- 101 Single Family Houses,New,Final,,1.0,2.0,6,78717.0,30.50380158,-97.74807494,,2020,2020,No
2020-09-08,2020-09-08,Plumbing Permit,Residential,Residential,Change Out,Final,,,,8,78748.0,30.15517375,-97.85724224,Ezg Services,2020,2020,No
2020-09-29,2020-09-28,Electrical Permit,Commercial,Sign Permit,Wall,Final,,,,9,78701.0,30.28224941,-97.74668193,,2020,2020,No
2020-09-16,2020-09-14,Electrical Permit,Residential,Residential,Special Inspections Program,Expired,,,,7,78757.0,30.34980729,-97.72894134,Smart Charge Residental Llc,2020,2020,No
2020-09-14,2020-07-06,Plumbing Permit,Commercial,C-1000 Commercial Remodel,Remodel,Final,,1.0,1.0,10,78759.0,30.40225328,-97.7494527,Nuflo Plumbing,2020,2020,No
2020-09-14,2020-07-17,Building Permit,Residential,R- 101 Single Family Houses,New,Final,0.0,1.0,2.0,7,78757.0,30.33985641,-97.72555394,Evok Homes Llc,2020,2020,No
2020-09-14,2019-10-03,Plumbing Permit,Residential,Residential,Irrigation,Final,,,,7,78757.0,30.33636046,-97.75122702,,2020,2020,No
2020-09-28,2020-09-27,Electrical Permit,Residential,Residential,Upgrade,Final,,1.0,1.0,2,78744.0,30.18533638,-97.7652731,Edumar Electric,2020,2020,No
2020-09-28,2020-09-25,Mechanical Permit,Residential,Residential,Change Out,Final,,,,8,78746.0,30.31042282,-97.78120773,"Faught Service Company, Inc.",2020,2020,No
2020-09-04,2020-09-03,Plumbing Permit,Residential,Residential,Repair,Expired,,1.0,0.0,Unknown,78729.0,30.45669948,-97.77569835,Liberty Hill Plumbing,2020,2020,No
2020-09-21,2020-09-16,Mechanical Permit,Residential,Residential,Change Out,Expired,,,,5,78748.0,30.17578974,-97.80588337,,2020,2020,No
2020-09-23,2020-09-16,Plumbing Permit,Residential,Residential,Repair,Final,,1.0,0.0,7,78727.0,30.42869095,-97.69383057,,2020,2020,No
2020-09-22,2020-08-20,Electrical Permit,Residential,R- 101 Single Family Houses,New,Final,,1.0,3.0,3,78741.0,30.21992177,-97.69599491,Aei Electric Llc,2020,2020,No
2020-09-17,2020-05-15,Driveway / Sidewalks,Residential,"Res. Driveway, Sidewalk, Curb, Gutter",New,Final,,,,7,78731.0,30.32664852,-97.75024729,Pecan Valley Homes Llc***Main***,2020,2020,No
2020-09-14,2020-09-11,Mechanical Permit,Residential,Residential,Change Out,Expired,,,,8,78735.0,30.24984545,-97.82709582,,2020,2020,No
2020-09-04,2020-05-06,Building Permit,Commercial,"C- 318 Amusement, Social & Rec Bldgs",New,Final,17105474.0,1.0,1.0,7,78753.0,30.40800693,-97.65212078,Harvey-Cleary Builders ***Main***,2020,2020,Yes
2020-08-31,2020-08-06,Electrical Permit,Residential,R- 435 Renovations/Remodel,Repair,Final,,1.0,1.0,3,78741.0,,,Moreno Electric,2020,2020,No
2020-09-22,2020-07-09,Electrical Permit,Residential,R- 434 Addition & Alterations,Addition and Remodel,Final,,1.0,0.0,5,78745.0,30.19692892,-97.80131568,I G Express Electric Co Llc,2020,2020,No
2020-09-01,2020-05-01,Electrical Permit,Residential,R- 329 Res Structures Other Than Bldg,New,Final,,0.0,0.0,7,78757.0,30.35614557,-97.74150345,Bethea Electric,2020,2020,No
2020-09-05,2020-05-07,Driveway / Sidewalks,Residential,Res. Driveway & Sidewalk,New,Final,,,,1,78653.0,,,Brohn Homes,2020,2020,No
2020-09-14,2020-09-10,Electrical Permit,Residential,Residential,Auxiliary Power,Final,,1.0,1.0,Unknown,78738.0,30.31824318,-97.97649036,Chargestore Llc,2020,2020,No
2020-09-11,2020-04-07,Electrical Permit,Commercial,C-1000 Commercial Remodel,Remodel,Final,,1.0,1.0,7,78753.0,30.41525799,-97.67013132,Swedlund Electric Inc.,2020,2020,No
2020-09-11,2020-09-08,Plumbing Permit,Residential,Residential,Repair,Final,,1.0,1.0,10,78731.0,30.37431119,-97.77132689,Peanut Plumbing Llc,2020,2020,No
2020-09-29,2019-11-14,Mechanical Permit,Residential,R- 102 Secondary Apartment,New,Final,,1.0,2.0,7,78756.0,30.32202627,-97.73777229,Bowien Mechanical Contractors,2020,2020,No
2020-09-23,2020-08-14,Mechanical Permit,Residential,R- 101 Single Family Houses,New,Final,,1.0,2.0,10,78703.0,30.29773196,-97.77992055,,2020,2020,No
2020-09-10,2020-05-06,Electrical Permit,Residential,R- 101 Single Family Houses,New,Final,,1.0,2.0,1,78724.0,30.29446043,-97.64167502,,2020,2020,No
2020-09-03,2020-04-24,Electrical Permit,Residential,R- 434 Addition & Alterations,Addition and Remodel,Final,,1.0,1.0,4,78752.0,30.32309842,-97.71691115,"Ivan Construction, Inc.",2020,2020,No
2020-09-09,2020-03-18,Driveway / Sidewalks,Residential,Res. Driveway & Sidewalk,New,Final,,,,6,78717.0,30.50255104,-97.74798146,Pulte Homes Of Texas L.P. Dba Pulte Group,2020,2020,No
2020-09-05,2020-07-17,Driveway / Sidewalks,Residential,Res. Driveway & Sidewalk,New,Final,,,,1,78653.0,,,Brohn Homes,2020,2020,No
2020-09-16,2019-08-06,Mechanical Permit,Commercial,C- 105 Five or More Family Bldgs,New,Final,,52.0,4.0,1,78723.0,,,L & S Mechanical Llc,2020,2020,No
2020-09-01,2019-10-16,Mechanical Permit,Residential,R- 101 Single Family Houses,New,Final,,1.0,2.0,9,78723.0,30.29937652,-97.69570638,,2020,2020,No
2020-09-16,2019-04-05,Plumbing Permit,Residential,Residential,Repair,Final,,0.0,2.0,7,78727.0,30.436561,-97.71510676,The Veach Company,2020,2020,No
2020-09-23,2020-09-21,Electrical Permit,Residential,R- 435 Renovations/Remodel,Repair,Final,,1.0,1.0,8,78746.0,30.28339783,-97.78588984,,2020,2020,No
2020-09-09,2020-09-08,Plumbing Permit,Residential,Residential,Change Out,Final,,,,6,78726.0,30.44008917,-97.82428135,Ez Flow Plumbing,2020,2020,No
2020-09-30,2020-09-02,Plumbing Permit,Residential,Residential,New,Final,,1.0,1.0,Unknown,78746.0,30.28042563,-97.8392055,Hattery Inc.,2020,2020,No
2020-09-21,2020-02-26,Building Permit,Residential,R- 101 Single Family Houses,New,Final,120000.0,1.0,2.0,4,78723.0,,,"Rivendale Homes Texas Llc/ Pavillian Communities Texas, Llc ***Main***",2020,2020,Yes
2020-08-30,2020-07-13,Electrical Permit,Residential,R- 329 Res Structures Other Than Bldg,New,Final,,1.0,0.0,10,78703.0,30.29620204,-97.78002125,Ds Electric Service,2020,2020,No
2020-08-28,2020-08-24,Electrical Permit,Residential,Residential,Upgrade,Final,,1.0,1.0,2,78617.0,30.16029841,-97.64962097,Chargestore Llc,2020,2020,No
2020-09-04,2020-08-27,Mechanical Permit,Residential,Residential,Change Out,Final,,,,8,78749.0,30.23240124,-97.84930462,Comfort Zone Heating & Cooling,2020,2020,No
2020-09-30,2020-08-25,Electrical Permit,Residential,R- 101 Single Family Houses,New,Final,,1.0,1.0,2,78744.0,30.14164404,-97.7174239,"In Charge Electrical Services, Llc",2020,2020,No
2020-09-29,2019-08-09,Electrical Permit,Commercial,C- 105 Five or More Family Bldgs,New,Final,,33.0,3.0,2,78747.0,30.15655616,-97.76152154,South Central Electric Llc,2020,2020,No
2020-09-29,2020-06-05,Building Permit,Residential,R- 434 Addition & Alterations,Addition and Remodel,Final,25000.0,1.0,2.0,3,78721.0,30.26784609,-97.68928967,,2020,2020,Yes
2020-09-21,2020-05-11,Plumbing Permit,Residential,R- 329 Res Structures Other Than Bldg,New,Final,,1.0,1.0,10,78730.0,30.36395459,-97.8605058,Abc Home & Commercial Service,2020,2020,No
2020-09-16,2020-06-10,Building Permit,Residential,R- 329 Res Structures Other Than Bldg,New,Expired,42622.0,0.0,1.0,2,78744.0,30.16067943,-97.71502233,"Gary'S Pool & Patio, Llc",2020,2020,Yes
2020-08-31,2020-07-09,Mechanical Permit,Commercial,C-1000 Commercial Remodel,Remodel,Final,,1.0,1.0,7,78758.0,30.39131301,-97.71839764,D3 Mechanical Llc,2020,2020,No
2020-09-09,2020-05-04,Electrical Permit,Commercial,C-1000 Commercial Remodel,Repair,Final,,1.0,1.0,6,78727.0,30.4262691,-97.75162714,,2020,2020,No
2020-09-23,2020-08-20,Plumbing Permit,Residential,R- 101 Single Family Houses,New,Final,,1.0,2.0,5,78748.0,30.16307319,-97.81960719,Victory Plumbing Company,2020,2020,No
2020-09-09,2020-07-20,Building Permit,Commercial,C-1000 Commercial Remodel,Remodel,Final,,1.0,1.0,9,78705.0,30.28953364,-97.7516589,Estes & Sinacori Builders,2020,2020,No
2020-09-30,2020-01-09,Mechanical Permit,Residential,R- 101 Single Family Houses,New,Final,,1.0,1.0,1,78724.0,30.30777618,-97.64644518,,2020,2020,No
2020-09-29,2020-09-28,Electrical Permit,Commercial,Sign Permit,Wall,Expired,,,,7,78758.0,30.3947183,-97.7228708,,2020,2020,No
2020-08-31,2020-08-11,Building Permit,Residential,R- 101 Single Family Houses,New,Final,286425.0,1.0,2.0,8,78652.0,30.16958431,-97.92071827,Lennar Homes Of Texas***Main***,2020,2020,Yes
2020-09-01,2019-09-06,Mechanical Permit,Commercial,C-1001 Commercial Finish Out,Remodel,Final,,1.0,1.0,9,78701.0,30.28009737,-97.74253445,Dynamic Systems Inc,2020,2020,No
2020-09-15,2020-03-18,Electrical Permit,Residential,R- 330  Accessory Use to Primary,New,Final,,1.0,1.0,3,78745.0,30.21942526,-97.77744927,Mcneely Electric Inc,2020,2020,No
2020-09-24,2020-06-10,Plumbing Permit,Residential,R- 329 Res Structures Other Than Bldg,New,Final,,1.0,1.0,8,78739.0,30.16971434,-97.89333611,Buffy'S Plumbing,2020,2020,No
2020-09-04,2020-09-02,Plumbing Permit,Residential,Residential,Change Out,Final,,,,9,78722.0,30.28617368,-97.71415979,,2020,2020,No
2020-09-25,2020-08-31,Mechanical Permit,Residential,R- 101 Single Family Houses,New,Final,,1.0,1.0,7,78660.0,30.4374072,-97.65349299,Texas Comfort Air,2020,2020,No
2020-09-30,2020-09-08,Electrical Permit,Commercial,Commercial,Repair,Final,,1.0,1.0,8,78735.0,30.23719853,-97.83915627,Beckett Electrical Services,2020,2020,No
2020-09-18,2020-06-09,Plumbing Permit,Residential,R- 102 Secondary Apartment,New,Final,,1.0,2.0,3,78741.0,30.23022784,-97.69788942,Art G Plumbing,2020,2020,No
2020-09-21,2020-06-11,Mechanical Permit,Residential,R- 101 Single Family Houses,New,Final,,1.0,1.0,1,78660.0,30.40093777,-97.61289332,Christianson Plumbing & Air Co,2020,2020,No
2020-09-24,2018-09-04,Electrical Permit,Commercial,Commercial,Repair,Final,,1.0,4.0,9,78704.0,30.25142497,-97.74865448,Keith Zars Pools,2020,2020,No
2020-09-25,2019-05-15,Driveway / Sidewalks,Residential,"Res. Driveway, Sidewalk, Curb, Gutter",Modification,Final,,,,10,78703.0,30.3040758,-97.75089585,,2020,2020,No
2020-09-03,2020-07-07,Plumbing Permit,Residential,R- 101 Single Family Houses,New,Final,,1.0,2.0,2,78744.0,30.14799553,-97.71881849,,2020,2020,No
2020-09-14,2020-09-14,Building Permit,Residential,R- 435 Renovations/Remodel,Repair,Final,16212.0,1.0,1.0,5,78704.0,30.25629133,-97.78232489,Renewal By Andersen,2020,2020,Yes
2020-09-04,2020-08-04,Building Permit,Commercial,C- 329 Com Structures Other Than Bldg,New,Final,23120.0,1.0,1.0,3,78702.0,30.26621233,-97.70345321,Bartlett Cocke General Contractors (Main),2020,2020,Yes
2020-09-24,2020-07-30,Plumbing Permit,Residential,R- 101 Single Family Houses,New,Final,,1.0,2.0,2,78744.0,30.15462236,-97.71740179,Victory Plumbing Company,2020,2020,No
2020-09-29,2020-08-31,Building Permit,Residential,R- 101 Single Family Houses,New,Final,293800.0,1.0,2.0,2,78744.0,30.14209242,-97.71715862,Brookfield Residential Texas Homes Llc,2020,2020,Yes
2020-09-16,2020-09-14,Electrical Permit,Residential,Residential,Repair,Final,,1.0,1.0,6,78717.0,30.47647972,-97.78246381,"In Charge Electrical Services, Llc",2020,2020,No
2020-08-28,2020-08-26,Mechanical Permit,Residential,Residential,Change Out,Final,,,,9,78701.0,30.27285825,-97.74769722,Centex Mechanical Inc.,2020,2020,No
2020-09-17,2019-12-11,Plumbing Permit,Residential,R- 434 Addition & Alterations,Addition and Remodel,Final,,1.0,2.0,9,78703.0,30.27668,-97.75350466,,2020,2020,No
2020-09-10,2020-09-07,Mechanical Permit,Residential,Residential,Change Out,Final,,,,4,78723.0,30.31019447,-97.70484758,Bunten A/C Service,2020,2020,No
2020-09-16,2020-09-14,Electrical Permit,Residential,Residential,Repair,Final,,1.0,1.0,1,78653.0,,,"Austin Lanehart Electric Co., Inc.",2020,2020,No
2020-09-04,2020-06-08,Plumbing Permit,Commercial,C- 325 Public Works & Utilities Bldgs,New,Final,,1.0,1.0,8,78735.0,30.23744437,-97.83864629,Lantz'S Lakeside Plumbing,2020,2020,No
2020-09-28,2020-09-25,Plumbing Permit,Residential,Residential,Irrigation,Final,,,,Unknown,78744.0,30.17065556,-97.69603214,,2020,2020,No
2020-09-21,2020-08-18,Driveway / Sidewalks,Residential,Res. Driveway & Sidewalk,New,Final,,,,2,78744.0,,,Lennar Homes Of Texas***Main***,2020,2020,No
2020-09-10,2020-05-13,Plumbing Permit,Residential,Residential,Irrigation,Final,,,,1,78653.0,,,,2020,2020,No
2020-09-29,2020-09-28,Electrical Permit,Residential,Residential,Repair,Final,,1.0,1.0,7,78753.0,30.40740201,-97.64594994,"In Charge Electrical Services, Llc",2020,2020,No
2020-08-31,2020-02-26,Electrical Permit,Commercial,C- 105 Five or More Family Bldgs,New,Final,,36.0,3.0,1,78724.0,,,"Msf Electric, Inc.",2020,2020,No
2020-09-03,2020-09-01,Building Permit,Residential,R- 101 Single Family Houses,New,Final,234300.0,1.0,2.0,8,78652.0,30.17160467,-97.9202247,Lennar Homes Of Texas***Main***,2020,2020,Yes
2020-09-01,2020-08-19,Plumbing Permit,Residential,Residential,Repair,Final,,0.0,0.0,7,78757.0,30.36350238,-97.73319581,The Veach Company,2020,2020,No
2020-09-03,2020-07-23,Building Permit,Residential,R- 101 Single Family Houses,New,Final,224475.0,1.0,2.0,1,78660.0,30.40078014,-97.6138909,D R Horton Homes,2020,2020,Yes
2020-09-18,2020-09-16,Building Permit,Residential,R- 437 Residential Boat Dock,New,Final,50000.0,,,10,78746.0,,,Sheeprock Limited Llc,2020,2020,Yes
2020-09-02,2020-01-14,Plumbing Permit,Residential,Residential,Irrigation,Final,,,,2,78744.0,30.14921918,-97.71786448,,2020,2020,No
2020-09-25,2020-08-17,Mechanical Permit,Commercial,C-1000 Commercial Remodel,Remodel,Final,,1.0,1.0,9,78751.0,30.30046387,-97.71965158,"Deem, Llc",2020,2020,No
2020-09-29,2020-07-22,Plumbing Permit,Residential,Residential,Change Out,Final,,,,4,78758.0,30.36209413,-97.70351563,Abc Home & Commercial Service,2020,2020,No
2020-09-08,2020-09-01,Plumbing Permit,Residential,Residential,Repair,Expired,,1.0,1.0,4,78758.0,30.35491652,-97.71000338,Casino Plumbing Company,2020,2020,No
2020-09-19,2020-05-06,Driveway / Sidewalks,Residential,Res. Driveway & Sidewalk,New,Final,,,,1,78660.0,30.40024025,-97.61294473,D R Horton Homes,2020,2020,No
2020-09-28,2018-05-14,Building Permit,Commercial,C-1000 Commercial Remodel,Remodel,Final,,1.0,1.0,7,78758.0,30.39934526,-97.724535,Steve Hoegger & Associates,2020,2020,No
2020-09-14,2020-09-03,Electrical Permit,Commercial,Commercial,Special Inspections Program,Final,,,,6,78727.0,30.43137825,-97.74706906,,2020,2020,No
2020-09-04,2020-09-02,Electrical Permit,Residential,Residential,Special Inspections Program,Final,,,,5,78748.0,30.18861262,-97.8408695,Grayzer Electric Llc,2020,2020,No
2020-09-02,2020-08-18,Building Permit,Commercial,C- 329 Com Structures Other Than Bldg,New,Final,3564.0,1.0,0.0,6,78729.0,,,Harvey-Cleary Builders ***Main***,2020,2020,Yes
2020-09-10,2020-08-27,Plumbing Permit,Residential,Residential,Repair,Expired,,1.0,0.0,9,78751.0,30.30644428,-97.71930259,,2020,2020,No
2020-09-14,2020-05-13,Mechanical Permit,Residential,R- 101 Single Family Houses,New,Final,,1.0,1.0,1,78724.0,30.30694171,-97.64534311,,2020,2020,No
2020-09-29,2020-09-22,Plumbing Permit,Residential,Residential,Irrigation,Final,,,,5,78704.0,,,,2020,2020,No
2020-09-01,2020-08-18,Driveway / Sidewalks,Residential,Res. Driveway,Modification,VOID,,,,10,78731.0,30.33731897,-97.78262698,,2020,2020,No
2020-09-22,2020-09-21,Electrical Permit,Residential,Residential,Repair,Final,,1.0,1.0,Unknown,78724.0,30.31792081,-97.61830267,Allen Bebee Electric,2020,2020,No
2020-09-02,2020-08-19,Electrical Permit,Residential,Residential,Upgrade,Final,,1.0,1.0,1,78721.0,30.27124602,-97.68039716,"J.S. Electric, Inc.",2020,2020,No
2020-09-15,2020-09-10,Electrical Permit,Residential,Residential,Upgrade,Final,,1.0,1.0,9,78722.0,30.29147481,-97.71246931,Edumar Electric,2020,2020,No
2020-09-14,2020-08-17,Building Permit,Residential,R- 329 Res Structures Other Than Bldg,New,Final,1000.0,1.0,1.0,5,78747.0,30.15118194,-97.78695975,Are Pools And Spa Llc,2020,2020,Yes
2020-09-03,2020-08-20,Mechanical Permit,Residential,Residential,Change Out,Expired,,,,9,78705.0,30.29440348,-97.73107341,Quality Living Services,2020,2020,No
2020-09-25,2020-03-12,Building Permit,Residential,R- 434 Addition & Alterations,Addition and Remodel,Final,80000.0,1.0,2.0,10,78703.0,30.29200478,-97.76226066,Lyte Custom Homes,2020,2020,Yes
2020-09-09,2020-05-28,Plumbing Permit,Residential,R- 329 Res Structures Other Than Bldg,New,Final,,1.0,1.0,5,78704.0,30.24855705,-97.77968132,Xenon'S & More Plumbing,2020,2020,No
2020-09-28,2020-07-29,Building Permit,Residential,R- 434 Addition & Alterations,Addition and Remodel,Final,80000.0,1.0,1.0,5,78745.0,30.20737845,-97.81210867,Contract Remodeling Svcs,2020,2020,Yes
2020-08-28,2020-07-30,Building Permit,Residential,R- 101 Single Family Houses,New,Final,236000.0,1.0,2.0,2,78744.0,30.15460221,-97.71762704,Brookfield Residential Texas Homes Llc,2020,2020,Yes
2020-09-22,2020-08-25,Building Permit,Commercial,C-1000 Commercial Remodel,Remodel,Final,,1.0,1.0,7,78758.0,,,Hitt Contracting,2020,2020,No
2020-08-31,2020-06-01,Building Permit,Commercial,C-1000 Commercial Remodel,Remodel,Final,,6.0,2.0,2,78744.0,30.1996283,-97.73520938,"Legacy Construction Sercives, Llc",2020,2020,No
2020-09-28,2020-09-25,Plumbing Permit,Residential,Residential,Change Out,Final,,,,9,78703.0,30.27454939,-97.75341267,Christianson Plumbing,2020,2020,No
2020-09-19,2020-09-15,Plumbing Permit,Residential,Residential,Irrigation,Final,,,,2,78744.0,30.15902609,-97.72969874,,2020,2020,No
2020-09-25,2020-08-07,Mechanical Permit,Residential,Residential,Repair,Final,,0.0,0.0,1,78724.0,30.2869939,-97.64066626,Air Conductors Llc,2020,2020,No
2020-08-29,2020-03-12,Electrical Permit,Residential,R- 101 Single Family Houses,New,Final,,1.0,1.0,7,78756.0,30.32211107,-97.74196431,Supernova Electric,2020,2020,No
2020-09-22,2019-07-16,Electrical Permit,Commercial,C-1001 Commercial Finish Out,Remodel,Final,,1.0,1.0,2,78748.0,30.16924178,-97.78869324,,2020,2020,No
2020-09-14,2019-02-13,Electrical Permit,Commercial,C-1000 Commercial Remodel,Remodel,Final,,24.0,2.0,4,78752.0,30.32915471,-97.70400447,,2020,2020,No
2020-09-10,2020-07-27,Building Permit,Residential,R- 435 Renovations/Remodel,Repair,Expired,398.0,1.0,1.0,2,78744.0,30.20035038,-97.69226414,"Trinity Exterior Group, Lp *Main*",2020,2020,Yes
2020-09-21,2020-06-16,Electrical Permit,Residential,R- 101 Single Family Houses,New,Final,,1.0,2.0,1,78754.0,30.35253586,-97.60073881,"Austin Lanehart Electric Co., Inc.",2020,2020,No
2020-09-25,2020-08-28,Building Permit,Residential,R- 435 Renovations/Remodel,Repair,Final,50000.0,1.0,1.0,9,78722.0,30.28853309,-97.7146789,Valdez Remodeling & Weatherization Inc.**Main**,2020,2020,Yes
2020-08-27,2020-08-26,Building Permit,Residential,R- 435 Renovations/Remodel,Repair,Final,6000.0,1.0,1.0,5,78745.0,30.19980572,-97.83421345,Fix-All Handyman,2020,2020,Yes
2020-09-16,2020-09-15,Electrical Permit,Residential,Residential,Repair,Final,,1.0,1.0,9,78705.0,30.29538879,-97.72826408,Tierra Electric,2020,2020,No
2020-09-24,2020-09-11,Building Permit,Residential,R- 435 Renovations/Remodel,Repair,Final,14000.0,1.0,1.0,7,78727.0,30.41821529,-97.680519,Statewide Remodeling Of Austin *Main*,2020,2020,Yes
2020-08-31,2020-06-17,Building Permit,Residential,R- 329 Res Structures Other Than Bldg,New,Final,25400.0,1.0,1.0,9,78704.0,30.25891589,-97.75515789,Brunkenhoefer Construction,2020,2020,Yes
2020-08-27,2020-08-27,Electrical Permit,Residential,Residential,Repair,Final,,1.0,1.0,10,78703.0,30.29128194,-97.76859944,Bill Lewis Electric Inc.,2020,2020,No
2020-08-27,2020-06-09,Electrical Permit,Residential,R- 101 Single Family Houses,New,Final,,1.0,2.0,2,78744.0,30.1584769,-97.7250136,"In Charge Electrical Services, Llc",2020,2020,No
2020-09-08,2020-09-08,Electrical Permit,Commercial,Sign Permit,Wall,Final,,,,1,78754.0,,,,2020,2020,No
2020-09-15,2020-09-14,Plumbing Permit,Residential,Residential,Change Out,Final,,,,8,78749.0,30.20458355,-97.88162018,,2020,2020,No
2020-09-23,2020-06-11,Driveway / Sidewalks,Residential,Res. Driveway & Sidewalk,New,Final,,,,1,78660.0,30.40184825,-97.61328646,D R Horton Homes,2020,2020,No
2020-09-14,2019-11-20,Mechanical Permit,Residential,R- 102 Secondary Apartment,New,Final,,1.0,1.0,7,78756.0,30.32942842,-97.73849895,,2020,2020,No
2020-08-31,2020-03-30,Driveway / Sidewalks,Residential,Res. Driveway & Sidewalk,New,Final,,,,1,78754.0,30.35152891,-97.60059608,Rsi Communities (Do Not Use),2020,2020,No
2020-09-29,2020-09-28,Mechanical Permit,Residential,Residential,Change Out,Final,,,,5,78748.0,30.18232672,-97.8054433,Service Wizard Llc,2020,2020,No
2020-08-28,2020-08-27,Plumbing Permit,Residential,Residential,Repair,Final,,1.0,1.0,10,78759.0,30.41290836,-97.76398311,Hc Plumbing,2020,2020,No
2020-09-25,2020-09-24,Plumbing Permit,Residential,Residential,Irrigation,Final,,,,2,78617.0,,,,2020,2020,No
2020-09-17,2020-06-01,Building Permit,Residential,R- 434 Addition & Alterations,Addition and Remodel,Final,30000.0,1.0,1.0,7,78759.0,30.40234466,-97.73165325,Probuild Creations Llc,2020,2020,Yes
2020-09-23,2020-06-30,Plumbing Permit,Commercial,C-1000 Commercial Remodel,Remodel,Final,,1.0,1.0,9,78701.0,30.27608681,-97.74277834,Airco Mechanical,2020,2020,No
2020-09-28,2018-08-23,Electrical Permit,Commercial,C- 328 Commercial Other Nonresident Bldg,New,Final,,1.0,2.0,10,78731.0,30.3482687,-97.78570518,"Walker Engineering, Inc",2020,2020,No
2020-09-25,2019-05-10,Plumbing Permit,Residential,Residential,Irrigation,Final,,,,7,78757.0,,,,2020,2020,No
2020-09-17,2020-07-21,Building Permit,Residential,R- 435 Renovations/Remodel,Repair,Final,2100.0,1.0,1.0,9,78722.0,,,Castlerock Foundation Repair,2020,2020,Yes
2020-08-31,2020-07-13,Plumbing Permit,Commercial,C-1000 Commercial Remodel,Remodel,Final,,1.0,1.0,9,78704.0,30.25142497,-97.74865448,Pecan Street Plumbing,2020,2020,No
2020-09-24,2020-09-23,Electrical Permit,Residential,Residential,Repair,Final,,1.0,1.0,Unknown,78724.0,,,"Ies Residential, Inc.",2020,2020,No
2020-09-02,2019-03-18,Plumbing Permit,Commercial,C- 329 Com Structures Other Than Bldg,New,Final,,0.0,0.0,9,78704.0,30.25263735,-97.74781101,Davey Plumbing,2020,2020,No
2020-09-10,2020-09-03,Electrical Permit,Commercial,Commercial,Repair,Final,,1.0,1.0,4,78753.0,30.35524555,-97.69533933,"Texstar Enterprises, Inc",2020,2020,No
2020-09-15,2020-06-29,Plumbing Permit,Residential,R- 101 Single Family Houses,New,Final,,1.0,2.0,2,78744.0,,,,2020,2020,No
2020-09-17,2020-07-09,Electrical Permit,Residential,R- 329 Res Structures Other Than Bldg,New,Final,,1.0,1.0,10,78731.0,30.36455283,-97.78733979,Bethea Electric,2020,2020,No
2020-09-03,2020-09-02,Electrical Permit,Residential,Residential,Repair,Final,,1.0,1.0,1,78653.0,,,"Austin Lanehart Electric Co., Inc.",2020,2020,No
2020-09-17,2020-09-16,Building Permit,Residential,R- 437 Residential Boat Dock,New,Final,150000.0,,,10,78733.0,30.32745041,-97.84488554,What'S Up Dock,2020,2020,Yes
2020-09-16,2019-07-03,Building Permit,Residential,R- 102 Secondary Apartment,New,Final,1.0,1.0,2.0,3,78704.0,30.23182671,-97.76289666,Bloom Design Build,2020,2020,Yes
2020-09-01,2020-08-31,Electrical Permit,Residential,Residential,New,Final,,1.0,1.0,Unknown,78733.0,30.34515957,-97.85981433,Palomino Electric,2020,2020,No
2020-09-22,2020-08-14,Driveway / Sidewalks,Commercial,"Com. Driveway,Sidewalk,Curb,Gutter",Modification,Final,,,,Unknown,,,,,2020,2020,No
2020-08-27,2020-08-20,Building Permit,Residential,R- 101 Single Family Houses,New,Final,211990.0,1.0,2.0,1,78723.0,30.29496452,-97.67531748,Rsi Communities (Do Not Use),2020,2020,Yes
2020-09-18,2020-09-17,Electrical Permit,Residential,Residential,Repair,Final,,1.0,1.0,7,78660.0,30.44105452,-97.66181924,,2020,2020,No
2020-09-14,2020-09-10,Plumbing Permit,Residential,Residential,Change Out,Final,,,,7,78757.0,30.34641993,-97.72520526,Cold Is On The Right,2020,2020,No
2020-09-23,2020-05-04,Mechanical Permit,Residential,R- 101 Single Family Houses,New,Final,,1.0,1.0,7,78660.0,30.43843235,-97.65530233,Texas Comfort Air,2020,2020,No
2020-08-31,2020-08-28,Electrical Permit,Residential,Residential,Repair,Final,,1.0,1.0,10,78759.0,30.42307654,-97.7624807,Horus Partners,2020,2020,No
2020-09-18,2020-07-01,Mechanical Permit,Residential,R- 101 Single Family Houses,New,Final,,1.0,2.0,6,78717.0,30.5013735,-97.74686964,,2020,2020,No
2020-09-08,2020-05-01,Plumbing Permit,Commercial,C-1000 Commercial Remodel,Remodel,Final,,1.0,1.0,10,78746.0,30.30450395,-97.82761937,Cedar Park Plumbing Heating & Air Inc,2020,2020,No
2020-09-25,2020-06-22,Electrical Permit,Residential,R- 101 Single Family Houses,New,Final,,1.0,2.0,2,78744.0,30.15873962,-97.72454443,"In Charge Electrical Services, Llc",2020,2020,No
2020-08-28,2020-08-24,Mechanical Permit,Residential,Residential,Change Out,Final,,,,5,78748.0,30.15287759,-97.82744229,,2020,2020,No
2020-09-11,2019-12-03,Driveway / Sidewalks,Residential,Res. Driveway,New,Final,,,,10,78731.0,,,Jagor Construction,2020,2020,No
2020-09-21,2020-02-20,Mechanical Permit,Residential,R- 101 Single Family Houses,New,Final,,1.0,2.0,9,78723.0,30.29986316,-97.69690069,,2020,2020,No
2020-09-24,2020-09-23,Electrical Permit,Residential,Residential,Repair,Expired,,1.0,1.0,Unknown,78734.0,30.35057435,-97.95353449,"Ies Residential, Inc.",2020,2020,No
2020-09-16,2020-09-08,Plumbing Permit,Residential,Residential,Repair,Final,,1.0,1.0,1,78724.0,30.29222184,-97.65192067,,2020,2020,No
2020-09-18,2020-07-01,Building Permit,Residential,R- 101 Single Family Houses,New,Final,0.0,1.0,2.0,10,78703.0,30.30667517,-97.75295955,Waller Building Co.,2020,2020,No
2020-09-22,2019-12-20,Electrical Permit,Residential,R- 102 Secondary Apartment,New,Final,,1.0,2.0,3,78702.0,30.25672982,-97.73069478,"Ies Residential, Inc.",2020,2020,No
2020-09-11,2020-09-08,Building Permit,Residential,R- 435 Renovations/Remodel,Repair,Final,26067.0,1.0,1.0,7,78759.0,30.41590117,-97.71785122,Renewal By Andersen,2020,2020,Yes
2020-08-31,2020-06-01,Building Permit,Commercial,C-1000 Commercial Remodel,Remodel,Final,,4.0,2.0,2,78744.0,30.1996283,-97.73520938,"Legacy Construction Sercives, Llc",2020,2020,No
2020-08-27,2020-06-29,Plumbing Permit,Residential,Residential,Repair,Final,,1.0,2.0,5,78747.0,30.14800664,-97.77709085,Make It Drain Llc,2020,2020,No
2020-09-01,2020-03-11,Mechanical Permit,Residential,Residential,Repair,Final,,0.0,0.0,5,78745.0,30.19099977,-97.79786503,"Air Pro, Inc.",2020,2020,No
2020-09-15,2020-09-14,Plumbing Permit,Residential,Residential,Irrigation,Final,,,,9,78704.0,30.24354261,-97.74171592,,2020,2020,No
2020-08-27,2019-06-25,Plumbing Permit,Commercial,Commercial,Fireline,Final,,,,9,78701.0,30.26763064,-97.74596464,"Tri Star Utilities, Inc.",2020,2020,No
2020-09-09,2020-08-24,Building Permit,Residential,R- 435 Renovations/Remodel,Repair,Final,20000.0,1.0,1.0,Unknown,78746.0,30.28800337,-97.83289013,Double Q Builder,2020,2020,Yes
2020-09-28,2020-03-25,Building Permit,Residential,R- 435 Renovations/Remodel,Repair,Final,7000.0,1.0,1.0,5,78745.0,30.18763985,-97.81421297,Energy One Windows Of Austin,2020,2020,Yes
2020-08-31,2020-08-28,Plumbing Permit,Residential,Residential,Repair,Final,,2.0,1.0,10,78731.0,30.37064139,-97.78038809,Beyond Wow Plumbing,2020,2020,No
2020-09-16,2020-09-03,Mechanical Permit,Residential,Residential,Change Out,Expired,,,,3,78704.0,30.23460757,-97.76537875,Smart Air Service Co.,2020,2020,No
2020-08-31,2020-06-01,Building Permit,Commercial,C-1000 Commercial Remodel,Remodel,Final,,4.0,2.0,2,78744.0,30.1996283,-97.73520938,"Legacy Construction Sercives, Llc",2020,2020,No
2020-09-25,2020-07-10,Driveway / Sidewalks,Residential,Res. Driveway & Sidewalk,New,Final,,,,1,78660.0,30.40054195,-97.61563006,D R Horton Homes,2020,2020,No
2020-09-16,2020-08-20,Electrical Permit,Residential,R- 101 Single Family Houses,New,Final,,1.0,1.0,7,78660.0,30.43687086,-97.65125427,,2020,2020,No
2020-09-24,2020-09-18,Plumbing Permit,Residential,R- 101 Single Family Houses,New,Final,,1.0,1.0,2,78747.0,30.13919222,-97.76337261,Victory Plumbing Company,2020,2020,No
2020-09-25,2020-07-02,Building Permit,Commercial,C-1001 Commercial Finish Out,Remodel,Final,,0.0,4.0,7,78758.0,30.40819461,-97.70425711,The Burt Group**Main**,2020,2020,No
2020-09-25,2020-09-11,Plumbing Permit,Residential,R- 435 Renovations/Remodel,Repair,Final,,1.0,1.0,8,78749.0,30.19709779,-97.85407498,,2020,2020,No
2020-09-08,2020-09-01,Plumbing Permit,Residential,Residential,Repair,Final,,1.0,1.0,7,78757.0,30.36045031,-97.73445791,G & M Plumbing,2020,2020,No
2020-09-28,2020-09-28,Plumbing Permit,Residential,Residential,New,Final,,1.0,1.0,Unknown,78652.0,30.12101012,-97.82153911,Christianson Plumbing,2020,2020,No
2020-09-17,2020-08-06,Plumbing Permit,Residential,R- 101 Single Family Houses,New,Final,,1.0,2.0,6,78717.0,30.5044904,-97.74772611,,2020,2020,No
2020-09-21,2020-09-15,Electrical Permit,Residential,Residential,Repair,Expired,,1.0,1.0,Unknown,78724.0,,,"Ies Residential, Inc.",2020,2020,No
2020-08-28,2020-07-01,Driveway / Sidewalks,Residential,Res. Driveway & Sidewalk,New,Final,,,,6,78717.0,30.5013735,-97.74686964,Pulte Homes Of Texas L.P. Dba Pulte Group,2020,2020,No
2020-09-10,2020-07-31,Plumbing Permit,Commercial,C-1000 Commercial Remodel,Remodel,Final,,1.0,1.0,7,78757.0,,,"Kinney'S Commercial, Inc",2020,2020,No
2020-09-04,2019-05-15,Building Permit,Commercial,C-2002 Commercial Boat Dock,New,Final,3000000.0,,,8,78746.0,30.30553322,-97.78247497,Paragon Construction Management,2020,2020,Yes
2020-09-17,2020-08-24,Building Permit,Residential,R- 649 Demolition All Other Bldgs Res,Demolition,Final,0.0,1.0,1.0,3,78702.0,30.26927689,-97.69906679,Dar Construction,2020,2020,No
2020-09-17,2020-09-15,Building Permit,Residential,R- 101 Single Family Houses,New,Final,170765.0,1.0,2.0,1,78723.0,30.29487218,-97.6753739,Rsi Communities (Do Not Use),2020,2020,Yes
2020-09-28,2020-03-03,Building Permit,Residential,R- 435 Renovations/Remodel,Repair,Final,10000.0,1.0,1.0,5,78747.0,30.13704569,-97.79222711,Energy One Windows Of Austin,2020,2020,Yes
2020-09-27,2020-07-14,Electrical Permit,Residential,R- 329 Res Structures Other Than Bldg,New,Final,,1.0,0.0,10,78730.0,30.37680598,-97.85164035,Economy Electric,2020,2020,No
2020-09-25,2020-09-23,Plumbing Permit,Residential,Residential,Irrigation,Final,,,,10,78759.0,30.41922644,-97.76222479,,2020,2020,No
2020-09-01,2020-05-07,Driveway / Sidewalks,Residential,Res. Driveway & Sidewalk,New,Final,,,,1,78721.0,,,"Paradisa Homes, Llc***Main***",2020,2020,No
2020-09-22,2020-06-12,Mechanical Permit,Commercial,C-1001 Commercial Finish Out,Remodel,Final,,1.0,2.0,5,78704.0,30.2451359,-97.77170353,Pro-Air Engineering Inc,2020,2020,No
2020-09-03,2020-02-03,Plumbing Permit,Commercial,C- 328 Commercial Other Nonresident Bldg,New,Final,,1.0,1.0,1,78723.0,,,6B Plumbing,2020,2020,No
2020-09-25,2020-06-16,Mechanical Permit,Residential,Residential,Change Out,Final,,,,6,78717.0,30.50620641,-97.75236516,Mccullough Heating & Air,2020,2020,No
2020-09-15,2020-09-12,Mechanical Permit,Residential,Residential,Change Out,Final,,,,10,78759.0,30.37653048,-97.75019585,A-Plus Energy Management,2020,2020,No
2020-09-03,2020-02-28,Electrical Permit,Commercial,C-1001 Commercial Finish Out,Remodel,Final,,1.0,1.0,4,78752.0,30.32574912,-97.71391613,Weifield Group Contracting Texas Llc,2020,2020,No
2020-09-09,2020-09-09,Electrical Permit,Residential,Residential,New,Final,,1.0,1.0,Unknown,78660.0,,,Allen Bebee Electric,2020,2020,No
2020-09-18,2019-11-01,Building Permit,Residential,R- 435 Renovations/Remodel,Repair,Final,21145.0,1.0,1.0,Unknown,78746.0,30.27818409,-97.84415286,Home Depot Usa Inc,2020,2020,Yes
2020-09-18,2020-09-14,Building Permit,Residential,R- 434 Addition & Alterations,Addition and Remodel,Final,0.0,0.0,0.0,2,78617.0,,,"Lifestyle Sales, Llc Petty Cash",2020,2020,No
2020-09-18,2020-07-01,Building Permit,Residential,R- 329 Res Structures Other Than Bldg,New,Final,0.0,0.0,0.0,10,78703.0,30.30667517,-97.75295955,Stag Pools,2020,2020,No
2020-09-25,2020-09-18,Plumbing Permit,Residential,R- 101 Single Family Houses,New,Final,,1.0,2.0,2,78747.0,30.13560633,-97.76202824,Victory Plumbing Company,2020,2020,No
2020-09-02,2020-08-31,Electrical Permit,Commercial,Commercial,Temporary  Loop,Final,,1.0,1.0,2,78747.0,,,Lowry Electrical Contracting,2020,2020,No
2020-09-23,2020-06-17,Mechanical Permit,Residential,R- 101 Single Family Houses,New,Final,,1.0,2.0,5,78704.0,30.24881808,-97.77911687,Elite Heating And Air Conditioning Llc,2020,2020,No
2020-09-21,2020-02-28,Building Permit,Commercial,C- 105 Five or More Family Bldgs,New,Final,35000000.0,84.0,4.0,6,78717.0,,,Oht Construction Llc ***Main***,2020,2020,Yes
2020-09-29,2020-07-28,Plumbing Permit,Residential,R- 101 Single Family Houses,New,Final,,1.0,2.0,3,78702.0,,,Lugo'S Plumbing Service,2020,2020,No
2020-08-28,2020-08-27,Electrical Permit,Residential,Residential,Repair,Final,,1.0,1.0,8,78652.0,30.16902588,-97.92041886,"In Charge Electrical Services, Llc",2020,2020,No
2020-09-15,2020-09-11,Electrical Permit,Residential,Residential,Upgrade,Final,,1.0,1.0,8,78735.0,30.24462894,-97.82643295,,2020,2020,No
2020-09-24,2020-07-30,Plumbing Permit,Residential,R- 101 Single Family Houses,New,Final,,1.0,2.0,2,78744.0,30.15463646,-97.71728431,Victory Plumbing Company,2020,2020,No
2020-09-16,2020-07-21,Building Permit,Commercial,C-1000 Commercial Remodel,Remodel,Expired,,1.0,1.0,1,78723.0,,,Erw Site Solution ***Main***,2020,2020,No
2020-09-22,2019-05-29,Building Permit,Residential,R- 434 Addition & Alterations,Addition and Remodel,Final,100000.0,1.0,1.0,7,78757.0,30.34314656,-97.72275062,Corlake Property Solutions Llc,2020,2020,Yes
2020-09-29,2020-06-24,Driveway / Sidewalks,Residential,Res. Driveway & Sidewalk,New,Final,,,,1,78660.0,30.40240874,-97.61338805,D R Horton Homes,2020,2020,No
2020-09-10,2019-10-14,Electrical Permit,Commercial,C- 323 Hospital & Institutional Bldgs,New,Final,,20.0,4.0,10,78730.0,30.36429918,-97.79688681,Capstar Electric,2020,2020,No
2020-09-21,2020-05-01,Plumbing Permit,Residential,R- 434 Addition & Alterations,Addition and Remodel,Final,,1.0,0.0,5,78748.0,30.18202758,-97.82926633,Advantage Plumbing Contractors,2020,2020,No
2020-09-25,2020-08-31,Building Permit,Residential,R- 101 Single Family Houses,New,Final,166345.0,1.0,2.0,1,78724.0,30.29429865,-97.6432706,Urban Intown Homes Llc,2020,2020,Yes
2020-09-25,2020-04-20,Plumbing Permit,Residential,Residential,Irrigation,Final,,,,2,78747.0,30.15527971,-97.75740327,,2020,2020,No
2020-09-10,2020-09-04,Electrical Permit,Residential,Residential,Repair,Final,,1.0,1.0,2,78744.0,30.14664695,-97.71823472,"In Charge Electrical Services, Llc",2020,2020,No
2020-09-22,2020-09-14,Electrical Permit,Residential,Residential,Auxiliary Power,Final,,1.0,1.0,4,78753.0,30.36041286,-97.6713476,Longhorn Solar,2020,2020,No
2020-08-28,2020-08-28,Plumbing Permit,Residential,Residential,New,Final,,1.0,1.0,Unknown,78617.0,30.16256866,-97.6350268,Victory Plumbing Company,2020,2020,No
2020-08-31,2020-06-30,Mechanical Permit,Residential,R- 101 Single Family Houses,New,Final,,1.0,2.0,2,78744.0,30.15882269,-97.72403263,,2020,2020,No
2020-09-23,2020-07-09,Electrical Permit,Residential,Residential,Auxiliary Power,Final,,1.0,1.0,Unknown,78660.0,30.40711299,-97.62500876,"Solstema, Llc",2020,2020,No
2020-09-24,2020-09-11,Building Permit,Commercial,C- 649 Demolition All Other Bldgs Com,Demolition,Final,0.0,1.0,1.0,7,78757.0,30.3403155,-97.73055156,Bartlett Cocke General Contractors (Main),2020,2020,No
2020-09-28,2020-06-11,Driveway / Sidewalks,Residential,Res. Driveway & Sidewalk,New,Final,,,,1,78660.0,30.40158848,-97.61374753,D R Horton Homes,2020,2020,No
2020-09-21,2020-06-11,Mechanical Permit,Residential,R- 101 Single Family Houses,New,Final,,1.0,1.0,1,78660.0,30.40131457,-97.61315239,Christianson Plumbing & Air Co,2020,2020,No
2020-08-31,2020-08-27,Building Permit,Residential,R- 435 Renovations/Remodel,Repair,Final,8938.0,1.0,1.0,5,78704.0,30.26063349,-97.77003139,We Level It {Formally Centex House Leveling***Main****},2020,2020,Yes
2020-09-02,2020-09-02,Plumbing Permit,Residential,Residential,Change Out,Final,,,,10,78750.0,30.3790429,-97.78934901,,2020,2020,No
2020-09-17,2020-09-16,Plumbing Permit,Residential,Residential,New,Final,,1.0,1.0,Unknown,78617.0,30.16315369,-97.63433629,Victory Plumbing Company,2020,2020,No
2020-09-14,2020-09-11,Mechanical Permit,Residential,Residential,Change Out,Expired,,,,3,78704.0,30.23397751,-97.75892769,Smart Air Service Co.,2020,2020,No
2020-08-27,2020-03-12,Building Permit,Commercial,C- 327 Stores & Customer Services,New,Final,2691000.0,1.0,1.0,2,78744.0,30.18836227,-97.76338178,Start To Finish Construction And Design Llc,2020,2020,Yes
2020-08-27,2020-08-13,Building Permit,Residential,R- 434 Addition & Alterations,Addition and Remodel,Final,1.0,1.0,1.0,5,78704.0,30.25374102,-97.77745648,,2020,2020,Yes
2020-08-28,2020-03-11,Plumbing Permit,Residential,Residential,Irrigation,Final,,,,1,78660.0,30.39161188,-97.61319135,,2020,2020,No
2020-09-07,2020-09-04,Plumbing Permit,Residential,Residential,Repair,Final,,1.0,1.0,3,78702.0,30.25346579,-97.72396511,Palencia Plumbing Llc,2020,2020,No
2020-08-31,2020-08-28,Electrical Permit,Residential,Residential,Repair,Final,,1.0,1.0,2,78744.0,30.15869636,-97.72323214,"In Charge Electrical Services, Llc",2020,2020,No
2020-09-28,2020-08-26,Building Permit,Residential,R- 101 Single Family Houses,New,Final,231030.0,1.0,2.0,1,78754.0,30.34933622,-97.60263391,Rsi Communities (Do Not Use),2020,2020,Yes
2020-09-16,2020-09-14,Electrical Permit,Residential,Residential,Repair,Final,,1.0,1.0,Unknown,78617.0,30.16331658,-97.63384431,"Austin Lanehart Electric Co., Inc.",2020,2020,No
2020-09-18,2020-09-04,Mechanical Permit,Residential,Residential,Change Out,Expired,,,,Unknown,78746.0,30.28555368,-97.84763572,Smart Air Service Co.,2020,2020,No
2020-09-02,2020-09-02,Mechanical Permit,Residential,Residential,Change Out,VOID,,,,10,78731.0,30.3480779,-97.77625709,,2020,2020,No
2020-09-28,2019-02-08,Building Permit,Residential,R- 330  Accessory Use to Primary,New,Final,400000.0,1.0,2.0,10,78703.0,30.30573788,-97.75517491,Koch Construction **Main,2020,2020,Yes
2020-09-03,2020-09-01,Electrical Permit,Residential,Residential,Special Inspections Program,Final,,,,3,78704.0,30.22771116,-97.76544809,,2020,2020,No
2020-09-02,2020-02-20,Plumbing Permit,Commercial,"C- 437 Addn, Alter, Convn-NonRes",Addition,Expired,,1.0,1.0,6,78750.0,30.45674684,-97.79805331,"Triad Phc, Llc",2020,2020,No
2020-09-24,2020-09-24,Electrical Permit,Residential,Residential,New,Final,,1.0,1.0,Unknown,78724.0,,,"Ies Residential, Inc.",2020,2020,No
2020-09-21,2020-07-28,Plumbing Permit,Commercial,C-1000 Commercial Remodel,Remodel,Final,,1.0,1.0,2,78744.0,30.20657863,-97.75113047,Ml Patterson Plumbing Llc,2020,2020,No
2020-09-18,2020-09-14,Building Permit,Residential,R- 101 Single Family Houses,New,Final,139425.0,1.0,1.0,1,78653.0,,,Brohn Homes,2020,2020,Yes
2020-09-28,2020-05-19,Mechanical Permit,Residential,R- 434 Addition & Alterations,Addition and Remodel,Final,,0.0,0.0,10,78756.0,30.31481762,-97.74634465,Tav-Air Service Llc,2020,2020,No
2020-09-04,2020-03-11,Building Permit,Residential,R- 101 Single Family Houses,New,Final,1.0,1.0,2.0,10,78703.0,30.29417511,-97.77464576,Brf Homes Inc.*Main*,2020,2020,Yes
2020-08-27,2018-09-13,Electrical Permit,Commercial,C-1001 Commercial Finish Out,Remodel,Final,,1.0,1.0,1,78702.0,30.2711754,-97.73181677,Titus Electrical Contracting,2020,2020,No
2020-09-02,2020-03-31,Electrical Permit,Commercial,C- 105 Five or More Family Bldgs,New,Final,,26.0,5.0,3,78741.0,,,Jaime Vega Electric Llc,2020,2020,No
2020-09-17,2020-06-11,Electrical Permit,Residential,R- 101 Single Family Houses,New,Final,,1.0,1.0,1,78660.0,30.39907368,-97.61396442,Landmark Electric,2020,2020,No
2020-09-15,2020-05-26,Mechanical Permit,Commercial,C-1000 Commercial Remodel,Remodel,Final,,0.0,1.0,7,78758.0,30.40110278,-97.726296,Sharp Air Mechanical,2020,2020,No
2020-09-22,2020-09-17,Plumbing Permit,Residential,Residential,Repair,Expired,,1.0,0.0,Unknown,78729.0,30.4542871,-97.7769243,Liberty Hill Plumbing,2020,2020,No
2020-08-28,2020-01-28,Plumbing Permit,Commercial,C- 104 Three & Four Family Bldgs,New,Final,,3.0,2.0,6,78717.0,30.4809672,-97.80172818,Mechanical Systems,2020,2020,No
2020-09-22,2020-08-07,Mechanical Permit,Residential,Residential,Change Out,Final,,,,5,78745.0,30.19725781,-97.82501206,Blew Hvac Llc,2020,2020,No
2020-09-21,2020-08-12,Electrical Permit,Commercial,C-1000 Commercial Remodel,Remodel,Final,,1.0,1.0,9,78701.0,,,,2020,2020,No
2020-09-17,2020-04-01,Mechanical Permit,Commercial,C-1000 Commercial Remodel,Remodel,Final,,1.0,1.0,9,78705.0,30.28421533,-97.74474684,Coolbear Heating & Air,2020,2020,No
2020-09-08,2020-09-04,Electrical Permit,Residential,Residential,Auxiliary Power,Expired,,1.0,1.0,3,78741.0,30.23893525,-97.69507337,Green Light Solar Llc,2020,2020,No
2020-09-04,2020-09-03,Plumbing Permit,Commercial,Commercial,Irrigation,Final,,,,1,78754.0,30.35634673,-97.66032161,,2020,2020,No
2020-09-24,2020-09-23,Plumbing Permit,Residential,Residential,Repair,Final,,1.0,0.0,3,78741.0,30.24071184,-97.69306405,David Graves Plumbing,2020,2020,No
2020-09-13,2020-02-04,Driveway / Sidewalks,Residential,Res. Driveway & Sidewalk,New,Final,,,,5,78745.0,,,"Moore-Tate Projects And Design, Llc",2020,2020,No
2020-09-03,2020-06-04,Plumbing Permit,Residential,R- 329 Res Structures Other Than Bldg,New,Final,,1.0,1.0,6,78727.0,30.42299337,-97.73106099,Integrity Plumbing & Remodel,2020,2020,No
2020-09-18,2020-07-27,Building Permit,Residential,R- 102 Secondary Apartment,New,Final,0.0,1.0,2.0,1,78722.0,30.283171,-97.71769552,Habitat Haus Llc,2020,2020,No
2020-09-09,2020-08-31,Building Permit,Commercial,C- 329 Com Structures Other Than Bldg,New,Final,13154.0,1.0,1.0,2,78747.0,,,"Rosch Southwest, Llc",2020,2020,Yes
2020-09-18,2020-09-18,Building Permit,Residential,R- 435 Renovations/Remodel,Repair,Final,800.0,1.0,1.0,8,78739.0,30.19422077,-97.89184657,Suttin Construction,2020,2020,Yes
2020-09-21,2020-08-27,Building Permit,Residential,R- 101 Single Family Houses,New,Final,144150.0,1.0,1.0,5,78748.0,30.1307616,-97.81072758,Lennar Homes Of Texas***Main***,2020,2020,Yes
2020-09-01,2020-08-31,Plumbing Permit,Residential,Residential,Irrigation,Final,,,,1,78724.0,30.30813667,-97.6297107,,2020,2020,No
2020-09-18,2020-07-08,Building Permit,Residential,R- 434 Addition & Alterations,Addition and Remodel,Final,1.0,0.0,0.0,9,78751.0,30.30302151,-97.7253131,Ecosafe Spaces Llc,2020,2020,Yes
2020-08-28,2020-08-14,Building Permit,Residential,R- 435 Renovations/Remodel,Repair,Final,18650.0,1.0,1.0,1,78702.0,30.26515461,-97.71775272,Level Best Foundation Repair Inc,2020,2020,Yes
2020-09-15,2018-10-03,Mechanical Permit,Commercial,C- 105 Five or More Family Bldgs,Shell,Final,,344.0,7.0,7,78758.0,30.39502398,-97.7187031,Encore Mechanical,2020,2020,No
2020-08-31,2019-10-18,Mechanical Permit,Residential,R- 101 Single Family Houses,New,Final,,1.0,2.0,9,78751.0,30.31605968,-97.7213341,"Airtek Mechanical, Inc.",2020,2020,No
2020-09-16,2020-09-15,Mechanical Permit,Residential,Residential,Change Out,Expired,,,,4,78753.0,30.35956429,-97.67167549,,2020,2020,No
2020-09-03,2020-03-24,Mechanical Permit,Residential,R- 101 Single Family Houses,New,Final,,1.0,1.0,2,78744.0,30.20276203,-97.69384475,,2020,2020,No
2020-08-27,2018-09-13,Electrical Permit,Commercial,C-1001 Commercial Finish Out,Remodel,Final,,1.0,1.0,1,78702.0,30.2711754,-97.73181677,Titus Electrical Contracting,2020,2020,No
2020-09-14,2019-02-13,Electrical Permit,Commercial,C-1000 Commercial Remodel,Remodel,Final,,51.0,2.0,4,78752.0,30.32915471,-97.70400447,,2020,2020,No
2020-09-16,2020-04-17,Building Permit,Residential,R- 434 Addition & Alterations,Addition and Remodel,Expired,62000.0,1.0,2.0,7,78753.0,30.39987942,-97.64896131,Jacaman Builders,2020,2020,Yes
2020-09-24,2020-03-24,Plumbing Permit,Commercial,Commercial,Irrigation,Final,,,,10,78756.0,30.30722038,-97.74344507,,2020,2020,No
2020-09-10,2020-09-09,Plumbing Permit,Residential,Residential,Repair,Final,,1.0,0.0,6,78750.0,30.46019959,-97.81179506,Lee Whiteaker Plumbing,2020,2020,No
2020-09-09,2020-07-10,Building Permit,Residential,R- 434 Addition & Alterations,Addition and Remodel,Final,1.0,2.0,1.0,3,78741.0,30.22193791,-97.73529335,,2020,2020,Yes
2020-09-02,2020-09-02,Electrical Permit,Commercial,Sign Permit,Wall,Expired,,,,4,78758.0,30.37721803,-97.68944712,,2020,2020,No
2020-08-31,2020-02-26,Mechanical Permit,Residential,R- 101 Single Family Houses,New,Final,,1.0,2.0,8,78652.0,30.17303313,-97.9207208,,2020,2020,No
2020-08-31,2020-06-30,Mechanical Permit,Residential,R- 101 Single Family Houses,New,Final,,1.0,2.0,2,78744.0,30.15846329,-97.72394105,,2020,2020,No
2020-09-29,2020-07-02,Mechanical Permit,Residential,R- 101 Single Family Houses,New,Final,,1.0,1.0,2,78744.0,30.14817218,-97.71723458,Christianson Plumbing & Air Co,2020,2020,No
2020-09-11,2020-09-10,Plumbing Permit,Residential,Residential,Irrigation,Final,,,,2,78744.0,30.14623749,-97.71905908,,2020,2020,No
2020-09-23,2020-06-24,Driveway / Sidewalks,Residential,Res. Driveway & Sidewalk,New,Final,,,,1,78660.0,30.40187429,-97.61386639,D R Horton Homes,2020,2020,No
2020-09-30,2020-05-20,Plumbing Permit,Residential,R- 434 Addition & Alterations,Addition and Remodel,Final,,1.0,2.0,7,78757.0,30.34100064,-97.72163862,Austin Area Plumbing And Drain Cleaning,2020,2020,No
2020-09-30,2018-11-29,Electrical Permit,Residential,R- 101 Single Family Houses,New,Final,,1.0,3.0,4,78758.0,30.38312057,-97.69988723,5G Electrical Services,2020,2020,No
2020-08-28,2020-08-27,Mechanical Permit,Residential,Residential,Change Out,Final,,,,10,78759.0,30.37113724,-97.74938556,Mccullough Heating & Air,2020,2020,No
2020-08-27,2020-01-23,Plumbing Permit,Commercial,C-1000 Commercial Remodel,Remodel,Final,,1.0,1.0,3,78702.0,30.25486028,-97.71762923,Cross Plumbing,2020,2020,No
2020-09-24,2020-09-22,Building Permit,Residential,R- 435 Renovations/Remodel,Repair,Final,34705.0,1.0,1.0,8,78735.0,30.25489995,-97.83354463,Renewal By Andersen,2020,2020,Yes
2020-09-29,2020-08-11,Plumbing Permit,Residential,Residential,Repair,Final,,1.0,1.0,7,78758.0,30.39874118,-97.69419046,Legit Plumbing And Drain Cleaning Llc,2020,2020,No
2020-09-01,2020-08-31,Building Permit,Residential,R- 101 Single Family Houses,New,Final,209550.0,1.0,2.0,2,78747.0,30.13792119,-97.76171037,"Pacesetter Homes, Llc",2020,2020,Yes
2020-09-15,2020-07-10,Mechanical Permit,Commercial,C-1000 Commercial Remodel,Remodel,Final,,1.0,1.0,10,78759.0,30.38985503,-97.74783067,Airco Mechanical,2020,2020,No
2020-09-03,2020-09-02,Mechanical Permit,Residential,Residential,Change Out,Expired,,,,5,78748.0,30.18493131,-97.82965961,,2020,2020,No
2020-09-16,2020-09-16,Electrical Permit,Residential,Residential,New,Final,,1.0,1.0,Unknown,78724.0,,,"Ies Residential, Inc.",2020,2020,No
2020-09-04,2020-09-02,Mechanical Permit,Residential,Residential,Change Out,Expired,,,,10,78703.0,30.29380831,-97.77115336,,2020,2020,No
2020-09-03,2020-02-13,Mechanical Permit,Residential,R- 101 Single Family Houses,New,Final,,1.0,2.0,8,78652.0,30.17052441,-97.92010924,"Stan'S Heating, Air, Plumbing, & Electrical",2020,2020,No
2020-09-22,2020-09-16,Plumbing Permit,Residential,Residential,Change Out,Expired,,,,7,78757.0,30.3425009,-97.7359213,,2020,2020,No
2020-09-15,2020-07-27,Driveway / Sidewalks,Residential,Res. Driveway,New,Final,,,,10,78756.0,30.30935116,-97.74504256,,2020,2020,No
2020-09-29,2020-02-12,Building Permit,Commercial,C- 105 Five or More Family Bldgs,New,Final,25000000.0,21.0,3.0,1,78753.0,30.39691534,-97.67091403,"Embrey Builders, Llc",2020,2020,Yes
2020-09-22,2020-09-21,Electrical Permit,Residential,Residential,Upgrade,Final,,1.0,1.0,2,78745.0,30.20820124,-97.78697351,"J.S. Electric, Inc.",2020,2020,No
2020-09-21,2020-04-28,Electrical Permit,Residential,R- 102 Secondary Apartment,New,Final,,1.0,2.0,9,78704.0,30.24172315,-97.74449844,Bolder Electric Solutions,2020,2020,No
2020-09-08,2020-08-11,Building Permit,Residential,R- 329 Res Structures Other Than Bldg,New,Expired,1.0,1.0,0.0,8,78749.0,30.20573993,-97.88484904,Creative Pools And Patios Llc,2020,2020,Yes
2020-09-02,2020-09-01,Electrical Permit,Residential,Residential,New,Final,,1.0,1.0,Unknown,78734.0,30.35208736,-97.95548231,Bradford Brothers Electric,2020,2020,No
2020-08-27,2020-07-07,Electrical Permit,Residential,R- 434 Addition & Alterations,Addition and Remodel,Final,,1.0,1.0,10,78759.0,30.41502194,-97.76473597,Anzaldua Electric Inc,2020,2020,No
2020-09-01,2020-08-03,Electrical Permit,Residential,R- 101 Single Family Houses,New,Final,,1.0,1.0,1,78653.0,,,Bolder Electric Solutions,2020,2020,No
2020-09-30,2020-09-29,Electrical Permit,Commercial,Commercial,Repair,Final,,1.0,1.0,1,78753.0,30.37286296,-97.66587479,Lightning Electrical,2020,2020,No
2020-09-25,2020-08-17,Electrical Permit,Commercial,C-1000 Commercial Remodel,Remodel,Final,,1.0,1.0,9,78751.0,30.30046387,-97.71965158,,2020,2020,No
2020-09-03,2020-08-28,Plumbing Permit,Commercial,Commercial,New,Final,,1.0,1.0,Unknown,78681.0,30.47547233,-97.68795402,6B Plumbing,2020,2020,No
2020-09-14,2020-09-11,Plumbing Permit,Residential,Residential,Irrigation,Final,,,,2,78744.0,30.14720636,-97.71882718,,2020,2020,No
2020-09-29,2020-06-17,Driveway / Sidewalks,Residential,Res. Driveway & Sidewalk,New,Final,,,,1,78660.0,30.39937606,-97.61421607,D R Horton Homes,2020,2020,No
2020-09-03,2020-09-03,Mechanical Permit,Residential,Residential,Change Out,Expired,,,,9,78705.0,30.29955971,-97.73904528,Temperature Pro West Austin,2020,2020,No
2020-08-27,2020-07-23,Electrical Permit,Commercial,C-1000 Commercial Remodel,Remodel,Final,,1.0,1.0,5,78704.0,30.2398706,-97.78820055,De Leon Electric & A C,2020,2020,No
2020-09-25,2020-09-23,Plumbing Permit,Residential,Residential,Change Out,Final,,,,1,78754.0,30.37816965,-97.65537078,,2020,2020,No
2020-09-14,2019-09-20,Electrical Permit,Residential,R- 101 Single Family Houses,New,Final,,1.0,2.0,5,78704.0,30.25611515,-97.76785446,Aei Electric Llc,2020,2020,No
2020-09-29,2020-09-28,Electrical Permit,Residential,Residential,Repair,Final,,1.0,1.0,2,78745.0,30.20105275,-97.7779765,Circle L Solar,2020,2020,No
2020-09-30,2020-09-29,Electrical Permit,Commercial,Sign Permit,Wall,Final,,,,7,78759.0,30.39191232,-97.74469492,,2020,2020,No
2020-08-28,2020-08-26,Mechanical Permit,Residential,Residential,Change Out,Final,,,,10,78759.0,30.37535178,-97.74779763,Mccullough Heating & Air,2020,2020,No
2020-09-02,2020-08-20,Mechanical Permit,Residential,Residential,Change Out,Expired,,,,Unknown,78746.0,30.2851223,-97.84666444,Quality Living Services,2020,2020,No
2020-09-16,2020-09-14,Plumbing Permit,Residential,Residential,Irrigation,Final,,,,3,78704.0,30.22620603,-97.76349281,,2020,2020,No
2020-09-10,2020-08-17,Building Permit,Residential,R- 329 Res Structures Other Than Bldg,New,Expired,59000.0,1.0,1.0,2,78745.0,30.19104858,-97.78840385,"Cody Pools, Inc. **Main",2020,2020,Yes
2020-09-21,2020-02-28,Building Permit,Commercial,C- 321 Pkg Garage Bldg & Open Deck,New,Final,35000000.0,1.0,1.0,6,78717.0,,,Oht Construction Llc ***Main***,2020,2020,Yes
2020-09-23,2020-05-14,Driveway / Sidewalks,Residential,Res. Driveway & Sidewalk,New,Final,,,,1,78660.0,30.40008734,-97.61325682,D R Horton Homes,2020,2020,No
2020-09-04,2020-08-31,Mechanical Permit,Residential,Residential,Change Out,Final,,,,10,78759.0,30.39404667,-97.76825167,,2020,2020,No
2020-09-11,2020-02-11,Plumbing Permit,Residential,R- 101 Single Family Houses,New,Final,,1.0,2.0,1,78753.0,30.36335317,-97.67002948,Christianson Plumbing,2020,2020,No
2020-09-22,2020-09-09,Plumbing Permit,Residential,Residential,Repair,Expired,,1.0,1.0,7,78757.0,30.34615082,-97.74586269,Gardenhouse Plumbing Co,2020,2020,No
2020-09-09,2020-01-27,Mechanical Permit,Residential,R- 434 Addition & Alterations,Addition and Remodel,Final,,1.0,1.0,10,78759.0,30.36290442,-97.7470149,Central Texas Mechanical,2020,2020,No
2020-09-09,2020-08-10,Mechanical Permit,Residential,Residential,Repair,Final,,1.0,1.0,1,78724.0,30.29147517,-97.63874421,Air Conductors Llc,2020,2020,No
2020-09-11,2020-08-04,Electrical Permit,Residential,R- 434 Addition & Alterations,Addition and Remodel,Final,,0.0,0.0,10,78731.0,30.36709994,-97.76789314,American Electric,2020,2020,No
2020-09-16,2020-09-15,Electrical Permit,Residential,Residential,Auxiliary Power,Final,,1.0,1.0,4,78752.0,,,Chargestore Llc,2020,2020,No
2020-08-27,2020-08-26,Plumbing Permit,Residential,R- 435 Renovations/Remodel,Repair,Final,,1.0,1.0,5,78745.0,30.19980572,-97.83421345,Palencia Plumbing Llc,2020,2020,No
2020-09-01,2020-04-01,Electrical Permit,Residential,R- 101 Single Family Houses,New,Final,,1.0,2.0,3,78702.0,30.26063729,-97.70827832,Ckn Capital Group Llc (Main),2020,2020,No
2020-09-03,2020-02-21,Driveway / Sidewalks,Residential,Res. Driveway,New,Final,,,,4,78751.0,,,,2020,2020,No
2020-09-28,2020-06-25,Plumbing Permit,Commercial,C-1000 Commercial Remodel,Remodel,Final,,0.0,4.0,10,78759.0,,,"Butler Plumbing, Inc.",2020,2020,No
2020-09-03,2019-11-21,Building Permit,Commercial,C-1000 Commercial Remodel,Remodel,Final,,1.0,1.0,10,78759.0,30.42792589,-97.75934898,Mad-Architecture,2020,2020,No
2020-09-09,2020-08-12,Building Permit,Residential,R- 101 Single Family Houses,New,Final,254990.0,1.0,2.0,2,78747.0,30.13559001,-97.7660092,"Milestone Community Builders, Llc(Main)",2020,2020,Yes
2020-08-28,2020-08-28,Building Permit,Residential,R- 435 Renovations/Remodel,Repair,Final,4965.0,1.0,1.0,10,78730.0,30.36089261,-97.85831986,Home Depot Usa Inc,2020,2020,Yes
2020-09-01,2020-06-29,Mechanical Permit,Residential,R- 101 Single Family Houses,New,Final,,1.0,1.0,2,78744.0,30.14951554,-97.71648617,,2020,2020,No
2020-09-04,2020-08-17,Building Permit,Residential,R- 101 Single Family Houses,New,Final,144825.0,1.0,2.0,2,78617.0,30.1560976,-97.63949277,Lennar Homes Of Texas***Main***,2020,2020,Yes
2020-09-29,2020-09-28,Plumbing Permit,Commercial,Commercial,Irrigation,Final,,,,7,78753.0,30.40800693,-97.65212078,,2020,2020,No
2020-08-31,2020-02-26,Electrical Permit,Commercial,C- 329 Com Structures Other Than Bldg,New,Final,,1.0,1.0,1,78724.0,,,"Msf Electric, Inc.",2020,2020,No
2020-09-28,2020-08-27,Building Permit,Residential,R- 101 Single Family Houses,New,Final,271800.0,1.0,2.0,8,78652.0,30.17151602,-97.9209201,Lennar Homes Of Texas***Main***,2020,2020,Yes
2020-08-27,2020-07-06,Electrical Permit,Residential,Residential,Repair,Final,,1.0,1.0,10,78759.0,30.38139655,-97.75023045,,2020,2020,No
2020-09-29,2020-09-28,Electrical Permit,Residential,Residential,Upgrade,Final,,1.0,1.0,5,78747.0,30.14228141,-97.79315587,Brightside Electrical Llc,2020,2020,No
2020-09-14,2020-08-24,Mechanical Permit,Residential,R- 101 Single Family Houses,New,Final,,1.0,1.0,1,78653.0,30.29570296,-97.55706153,Air Temp Solutions,2020,2020,No
2020-09-14,2020-08-24,Mechanical Permit,Residential,Residential,Change Out,Final,,,,5,78704.0,30.24615529,-97.78489247,The Coolest Llc,2020,2020,No
2020-09-04,2020-09-03,Electrical Permit,Residential,Residential,Upgrade,Final,,1.0,1.0,7,78757.0,30.36622434,-97.73274499,Hd Electric Llc,2020,2020,No
2020-09-30,2019-03-29,Driveway / Sidewalks,Residential,Res. Driveway,New,Final,,,,1,78722.0,30.2833201,-97.71988128,Tj2,2020,2020,No
2020-08-28,2020-08-28,Plumbing Permit,Residential,Residential,Irrigation,Final,,,,2,78747.0,30.13749928,-97.7600129,,2020,2020,No
2020-09-10,2020-04-03,Electrical Permit,Commercial,C-1001 Commercial Finish Out,Remodel,Expired,,1.0,1.0,9,78723.0,30.30246764,-97.70546692,"Hc Beck, Ltd.",2020,2020,No
2020-09-08,2020-09-04,Electrical Permit,Residential,Residential,Repair,Expired,,1.0,1.0,2,78744.0,,,"In Charge Electrical Services, Llc",2020,2020,No
2020-09-10,2019-04-03,Plumbing Permit,Residential,R- 434 Addition & Alterations,Addition and Remodel,Final,,1.0,2.0,10,78703.0,30.29628772,-97.75093942,Etc Plumbing Inc.,2020,2020,No
2020-09-28,2020-06-04,Building Permit,Residential,R- 101 Single Family Houses,New,Final,1000000.0,1.0,2.0,10,78703.0,30.30886475,-97.7703859,,2020,2020,Yes
2020-08-28,2019-11-08,Mechanical Permit,Commercial,C- 105 Five or More Family Bldgs,New,Final,,5.0,4.0,10,78731.0,30.31491393,-97.75317037,,2020,2020,No
2020-09-03,2020-07-14,Mechanical Permit,Residential,R- 101 Single Family Houses,New,Final,,1.0,2.0,2,78744.0,30.14963827,-97.71697337,,2020,2020,No
2020-08-27,2020-06-09,Electrical Permit,Residential,R- 101 Single Family Houses,New,Final,,1.0,2.0,2,78744.0,30.15836649,-97.72499443,"In Charge Electrical Services, Llc",2020,2020,No
2020-08-28,2020-06-02,Driveway / Sidewalks,Residential,Res. Driveway & Sidewalk,New,Final,,,,1,78724.0,30.32111865,-97.65421186,Kb Home,2020,2020,No
2020-09-15,2020-09-14,Plumbing Permit,Residential,Residential,Repair,Final,,1.0,0.0,7,78757.0,30.35047217,-97.72092869,,2020,2020,No
2020-09-23,2020-06-11,Driveway / Sidewalks,Residential,Res. Driveway & Sidewalk,New,Final,,,,1,78660.0,30.40131457,-97.61315239,D R Horton Homes,2020,2020,No
2020-09-03,2019-05-31,Mechanical Permit,Commercial,"C- 324 Office, Bank & Professional Bldgs",Shell,Final,,1.0,16.0,9,78701.0,,,Airco Mechanical,2020,2020,No
2020-09-04,2020-07-28,Building Permit,Residential,R- 101 Single Family Houses,New,Final,1.0,1.0,2.0,5,78704.0,30.25204758,-97.78619422,Hudson Design Development Inc,2020,2020,Yes
2020-09-17,2020-07-09,Electrical Permit,Residential,R- 329 Res Structures Other Than Bldg,New,Final,,1.0,0.0,8,78739.0,30.17420642,-97.91396201,Generation Next Electric,2020,2020,No
2020-09-29,2020-08-31,Electrical Permit,Residential,R- 435 Renovations/Remodel,Repair,Final,,1.0,1.0,3,78741.0,30.22755872,-97.70304565,"Leonard'S Electric, Llc",2020,2020,No
2020-09-11,2020-09-11,Plumbing Permit,Residential,Residential,Change Out,Final,,,,6,78750.0,30.45340115,-97.80175083,,2020,2020,No
2020-09-17,2020-07-30,Electrical Permit,Residential,R- 101 Single Family Houses,New,Final,,1.0,2.0,1,78723.0,30.29449625,-97.6738249,"Austin Lanehart Electric Co., Inc.",2020,2020,No
2020-09-03,2020-09-02,Mechanical Permit,Residential,Residential,Change Out,Final,,,,8,78739.0,30.18916985,-97.89378822,"Stan'S Heating, Air, Plumbing, & Electrical",2020,2020,No
2020-09-22,2020-07-16,Building Permit,Residential,R- 101 Single Family Houses,New,Final,200000.0,1.0,2.0,3,78741.0,30.23220749,-97.69305266,Precise Custom Homes Inc. (Main),2020,2020,Yes
2020-09-01,2020-05-06,Mechanical Permit,Residential,R- 101 Single Family Houses,New,Final,,1.0,2.0,1,78702.0,30.27641993,-97.71316958,,2020,2020,No
2020-09-29,2020-08-07,Building Permit,Commercial,C-1000 Commercial Remodel,Remodel,Expired,,1.0,1.0,9,78704.0,30.26141312,-97.76158621,Heiser Development Corporation,2020,2020,No
2020-09-25,2020-09-22,Plumbing Permit,Residential,R- 101 Single Family Houses,New,Final,,1.0,1.0,2,78747.0,30.1349555,-97.76262459,Victory Plumbing Company,2020,2020,No
2020-08-28,2020-04-30,Driveway / Sidewalks,Residential,Res. Driveway & Sidewalk,New,Final,,,,1,78653.0,,,Brohn Homes,2020,2020,No
2020-09-01,2020-08-28,Mechanical Permit,Residential,Residential,Change Out,Final,,,,5,78745.0,30.2006858,-97.81470236,American Residential Services (Ars),2020,2020,No
2020-09-14,2020-04-30,Building Permit,Commercial,C- 105 Five or More Family Bldgs,New,Final,31611770.0,52.0,4.0,8,78735.0,30.24738587,-97.8536233,Nrp Group,2020,2020,Yes
2020-09-14,2020-09-11,Electrical Permit,Residential,Residential,Auxiliary Power,Final,,1.0,1.0,6,78717.0,30.47702631,-97.77344398,"Tesla Energy Operations, Inc.",2020,2020,No
2020-09-18,2020-07-31,Plumbing Permit,Residential,R- 101 Single Family Houses,New,Final,,1.0,2.0,2,78744.0,30.15794492,-97.72293278,Mustang Plumbing,2020,2020,No
2020-09-28,2020-09-25,Plumbing Permit,Residential,Residential,Repair,Final,,1.0,1.0,2,78745.0,30.21375997,-97.79045287,Austin Facility Services,2020,2020,No
2020-09-28,2019-02-13,Building Permit,Commercial,C- 327 Stores & Customer Services,New,Final,519000.0,1.0,1.0,7,78660.0,30.43295031,-97.65382958,"Wurzel Builders, Ltd.**Main**",2020,2020,Yes
2020-09-11,2016-04-27,Plumbing Permit,Residential,R- 434 Addition & Alterations,Addition and Remodel,Final,,1.0,2.0,9,78751.0,30.31132651,-97.72390943,Rodriguez Plumbing,2020,2020,No
2020-09-24,2020-03-19,Driveway / Sidewalks,Residential,Res. Driveway & Sidewalk,New,Final,,,,2,78747.0,30.13517016,-97.76454902,"Pacesetter Homes, Llc",2020,2020,No
2020-09-02,2020-07-06,Plumbing Permit,Commercial,C-1000 Commercial Remodel,Remodel,Final,,1.0,1.0,5,78748.0,30.18508663,-97.8162613,Classic Plumbing,2020,2020,No
2020-09-01,2020-04-09,Driveway / Sidewalks,Residential,Res. Driveway & Sidewalk,New,Final,,,,7,78753.0,30.4068421,-97.64508658,"Century Land Holdings Ii, Llc",2020,2020,No
2020-08-28,2020-08-25,Building Permit,Residential,R- 101 Single Family Houses,New,Final,182835.0,1.0,1.0,2,78617.0,30.16403431,-97.63540369,Kb Home,2020,2020,Yes
2020-08-28,2019-12-12,Plumbing Permit,Residential,R- 329 Res Structures Other Than Bldg,New,Final,,1.0,0.0,5,78704.0,30.23758531,-97.77950582,Proficient Plumbing Solutions,2020,2020,No
2020-09-08,2020-09-03,Plumbing Permit,Residential,Residential,Irrigation,Final,,,,Unknown,78660.0,,,,2020,2020,No
2020-09-07,2020-06-17,Driveway / Sidewalks,Residential,Res. Driveway & Sidewalk,New,Final,,,,1,78754.0,30.35274791,-97.60113874,Rsi Communities (Do Not Use),2020,2020,No
2020-09-11,2020-09-02,Mechanical Permit,Residential,Residential,Change Out,Final,,,,10,78759.0,30.37039085,-97.74701396,American Residential Services (Ars),2020,2020,No
2020-09-25,2020-05-04,Mechanical Permit,Commercial,C-1000 Commercial Remodel,Remodel,Final,,1.0,1.0,9,78704.0,30.25902315,-97.75310836,Airco Mechanical,2020,2020,No
2020-09-28,2020-09-28,Electrical Permit,Residential,Residential,New,Final,,1.0,1.0,Unknown,78660.0,30.40696841,-97.6237626,,2020,2020,No
2020-09-08,2020-07-16,Mechanical Permit,Commercial,Commercial,Repair,Final,,0.0,0.0,5,78745.0,30.22358857,-97.80485111,Espinoza Hvac,2020,2020,No
2020-09-25,2020-09-22,Electrical Permit,Residential,Residential,Upgrade,Final,,1.0,1.0,4,78723.0,30.31016754,-97.7046074,"Electrical Solutions Of Texas, Llc",2020,2020,No
2020-09-25,2020-07-10,Driveway / Sidewalks,Residential,Res. Driveway & Sidewalk,New,Final,,,,1,78660.0,30.40057834,-97.61540058,D R Horton Homes,2020,2020,No
2020-09-11,2020-09-09,Electrical Permit,Residential,Residential,Repair,Final,,1.0,1.0,1,78723.0,30.30849177,-97.66397704,"Genserve, Llc",2020,2020,No
2020-09-01,2020-05-15,Electrical Permit,Commercial,C- 105 Five or More Family Bldgs,New,Final,,19.0,4.0,4,78723.0,,,Ari-Tex Electric Inc.,2020,2020,No
2020-09-14,2020-09-10,Plumbing Permit,Commercial,Commercial,Irrigation,Final,,,,9,78701.0,30.27152904,-97.73352148,,2020,2020,No
2020-09-10,2020-09-01,Plumbing Permit,Residential,Residential,Change Out,Final,,,,3,78704.0,30.23620405,-97.76942549,Plumb And Order Llc,2020,2020,No
2020-09-29,2020-05-01,Building Permit,Commercial,C-1000 Commercial Remodel,Remodel,Final,,1.0,1.0,3,78702.0,30.25962674,-97.71023527,Austin Canyon Corporation,2020,2020,No
2020-09-10,2020-07-09,Building Permit,Residential,R- 102 Secondary Apartment,New,Final,1.0,1.0,2.0,9,78751.0,30.32030117,-97.72892616,Citadel Development Services Llc,2020,2020,Yes
2020-09-02,2019-11-04,Plumbing Permit,Residential,R- 101 Single Family Houses,New,Final,,1.0,2.0,3,78741.0,30.24184478,-97.69438885,Local Plumbing Service-Dba Crow'S Plumbing Service,2020,2020,No
2020-09-21,2020-08-20,Plumbing Permit,Residential,R- 102 Secondary Apartment,New,Final,,1.0,2.0,3,78741.0,30.21992177,-97.69599491,Local Plumbing Service-Dba Crow'S Plumbing Service,2020,2020,No
2020-08-31,2020-06-01,Building Permit,Commercial,C-1000 Commercial Remodel,Remodel,Final,,6.0,2.0,2,78744.0,30.1996283,-97.73520938,"Legacy Construction Sercives, Llc",2020,2020,No
2020-09-04,2020-09-03,Mechanical Permit,Residential,Residential,Change Out,Final,,,,10,78746.0,30.33803456,-97.80919826,Smart Air Service Co.,2020,2020,No
2020-09-04,2020-06-22,Electrical Permit,Residential,R- 101 Single Family Houses,New,Final,,1.0,1.0,2,78744.0,30.1482101,-97.71868611,"In Charge Electrical Services, Llc",2020,2020,No
2020-08-27,2020-01-28,Plumbing Permit,Commercial,C- 105 Five or More Family Bldgs,New,Final,,89.0,4.0,6,78717.0,30.4809672,-97.80172818,Mechanical Systems,2020,2020,No
2020-09-15,2020-09-02,Electrical Permit,Residential,Residential,New,Final,,1.0,1.0,Unknown,78724.0,30.26282549,-97.58801551,Landmark Electric,2020,2020,No
2020-09-16,2020-07-07,Mechanical Permit,Residential,R- 434 Addition & Alterations,Addition and Remodel,Final,,1.0,1.0,1,78721.0,30.28071702,-97.67821013,3 G Air,2020,2020,No
2020-09-29,2020-06-01,Electrical Permit,Commercial,C-1000 Commercial Remodel,Remodel,Final,,4.0,2.0,2,78744.0,30.1996283,-97.73520938,Agape Electric Ltd,2020,2020,No
2020-09-15,2020-09-02,Electrical Permit,Residential,R- 101 Single Family Houses,New,Final,,1.0,1.0,7,78660.0,30.43814556,-97.65500241,,2020,2020,No
2020-09-25,2020-09-24,Building Permit,Residential,R- 435 Renovations/Remodel,Repair,Final,2631.0,1.0,1.0,8,78749.0,30.19667823,-97.86253292,Home Depot Usa Inc,2020,2020,Yes
2020-09-28,2020-06-23,Plumbing Permit,Commercial,C-1000 Commercial Remodel,Remodel,Final,,1.0,10.0,9,78701.0,,,Cross Plumbing,2020,2020,No
2020-09-14,2020-09-02,Electrical Permit,Residential,Residential,New,Final,,1.0,1.0,Unknown,78724.0,30.26307271,-97.58735895,Landmark Electric,2020,2020,No
2020-09-10,2020-07-09,Building Permit,Residential,R- 101 Single Family Houses,New,Final,1.0,1.0,2.0,9,78751.0,30.32030117,-97.72892616,Citadel Development Services Llc,2020,2020,Yes
2020-09-29,2020-09-09,Electrical Permit,Residential,R- 101 Single Family Houses,New,Final,,1.0,1.0,1,78653.0,,,"Austin Lanehart Electric Co., Inc.",2020,2020,No
2020-09-21,2020-05-15,Electrical Permit,Commercial,C- 321 Pkg Garage Bldg & Open Deck,New,Final,,1.0,8.0,6,78729.0,,,Tumlinson Electric,2020,2020,No
2020-09-29,2020-07-13,Electrical Permit,Residential,R- 101 Single Family Houses,New,Final,,1.0,1.0,1,78660.0,30.40199301,-97.614926,Landmark Electric,2020,2020,No
2020-09-10,2020-05-19,Building Permit,Residential,R- 101 Single Family Houses,New,Final,0.0,1.0,2.0,3,78702.0,30.25483558,-97.72046219,Patriot Builders***Main**,2020,2020,No
2020-09-14,2020-06-09,Electrical Permit,Residential,Residential,Upgrade,Final,,1.0,1.0,8,78746.0,30.26851642,-97.81052155,Avery Electrical Services Llc,2020,2020,No
2020-09-19,2020-05-06,Driveway / Sidewalks,Residential,Res. Driveway & Sidewalk,New,Final,,,,1,78660.0,30.40002772,-97.61290948,D R Horton Homes,2020,2020,No
2020-09-09,2020-09-01,Plumbing Permit,Residential,Residential,Change Out,Expired,,,,4,78723.0,30.3121077,-97.68688497,,2020,2020,No
2020-09-15,2020-05-06,Plumbing Permit,Residential,Residential,Irrigation,Final,,,,2,78744.0,30.14408181,-97.71639593,,2020,2020,No
2020-09-15,2020-05-08,Mechanical Permit,Residential,R- 101 Single Family Houses,New,Final,,1.0,2.0,2,78744.0,30.14746856,-97.71644981,,2020,2020,No
2020-08-31,2020-02-26,Electrical Permit,Commercial,C- 328 Commercial Other Nonresident Bldg,New,Final,,1.0,1.0,1,78724.0,,,"Msf Electric, Inc.",2020,2020,No
2020-09-18,2020-08-05,Plumbing Permit,Residential,R- 435 Renovations/Remodel,Repair,Expired,,1.0,1.0,4,78753.0,30.36309064,-97.67699859,"Halo Services, Gordon Sinift Plumbing",2020,2020,No
2020-09-11,2020-09-11,Plumbing Permit,Residential,Residential,Change Out,Expired,,,,7,78727.0,30.4253868,-97.68697376,Strand Brothers Service Experts,2020,2020,No
2020-09-26,2020-06-03,Plumbing Permit,Residential,R- 434 Addition & Alterations,Addition and Remodel,Final,,2.0,2.0,5,78704.0,,,Capa-I Llc,2020,2020,No
2020-09-21,2020-04-01,Electrical Permit,Commercial,C- 329 Com Structures Other Than Bldg,New,Final,,1.0,0.0,2,78742.0,,,"Allied Electric Services, Inc.",2020,2020,No
2020-09-30,2020-07-28,Electrical Permit,Residential,R- 102 Secondary Apartment,New,Final,,1.0,2.0,3,78702.0,,,M-1 Electric,2020,2020,No
2020-09-04,2020-02-26,Mechanical Permit,Residential,R- 101 Single Family Houses,New,Final,,1.0,2.0,3,78741.0,30.22482609,-97.7393804,,2020,2020,No
2020-09-22,2020-09-21,Electrical Permit,Residential,Residential,New,Final,,1.0,1.0,Unknown,78660.0,,,Med-Tex Electric,2020,2020,No
2020-09-21,2020-08-24,Plumbing Permit,Residential,R- 435 Renovations/Remodel,Repair,Final,,1.0,1.0,Unknown,78746.0,30.28800337,-97.83289013,4U Plumbing,2020,2020,No
2020-08-31,2020-08-21,Building Permit,Residential,R- 101 Single Family Houses,New,Final,737990.0,1.0,2.0,6,78717.0,30.5015277,-97.74619532,Pulte Homes Of Texas L.P. Dba Pulte Group,2020,2020,Yes
2020-09-03,2018-02-27,Plumbing Permit,Commercial,Commercial,Irrigation,Final,,,,3,78741.0,30.21682594,-97.7418532,,2020,2020,No
2020-09-23,2020-09-15,Mechanical Permit,Residential,Residential,Change Out,Expired,,,,10,78703.0,30.28848618,-97.76921565,"Sa&H Western Holdings, Llc",2020,2020,No
2020-09-08,2019-08-06,Mechanical Permit,Commercial,C- 321 Pkg Garage Bldg & Open Deck,New,Final,,0.0,2.0,9,78705.0,30.29213878,-97.72236178,Schaffer Mechanical,2020,2020,No
2020-09-14,2020-05-07,Plumbing Permit,Residential,Residential,Irrigation,Final,,,,2,78744.0,30.15898242,-97.7249873,,2020,2020,No
2020-09-30,2020-06-04,Electrical Permit,Residential,R- 434 Addition & Alterations,Addition and Remodel,Final,,1.0,1.0,10,78731.0,30.367528,-97.76784369,Pace Electric,2020,2020,No
2020-09-09,2020-09-08,Mechanical Permit,Residential,Residential,Change Out,Final,,,,5,78748.0,30.15811951,-97.82996803,"Stan'S Heating, Air, Plumbing, & Electrical",2020,2020,No
2020-08-31,2020-06-22,Electrical Permit,Residential,Residential,Auxiliary Power,Final,,1.0,1.0,7,78660.0,30.43706537,-97.65516892,,2020,2020,No
2020-09-16,2019-09-12,Plumbing Permit,Residential,Residential,Irrigation,Final,,,,1,78754.0,30.3541439,-97.60456875,,2020,2020,No
2020-09-14,2020-08-28,Plumbing Permit,Commercial,Commercial,Repair,Final,,,0.0,6,78717.0,30.47705492,-97.7898313,,2020,2020,No
2020-09-16,2020-08-17,Building Permit,Commercial,C-1000 Commercial Remodel,Remodel,Expired,,1.0,1.0,4,78758.0,30.35582408,-97.70342018,Glotel Inc,2020,2020,No
2020-09-25,2020-08-20,Plumbing Permit,Residential,R- 101 Single Family Houses,New,Final,,1.0,2.0,5,78748.0,30.16217568,-97.81970016,Victory Plumbing Company,2020,2020,No
2020-09-11,2020-08-31,Building Permit,Commercial,C-1000 Commercial Remodel,Remodel,Final,,1.0,1.0,8,78746.0,30.27146137,-97.81706377,"Datum Commercial Contracting, Llc",2020,2020,No
2020-09-24,2020-09-23,Electrical Permit,Residential,Residential,Repair,Final,,1.0,1.0,Unknown,78738.0,30.32809015,-97.98975865,"Ies Residential, Inc.",2020,2020,No
2020-09-17,2020-06-11,Electrical Permit,Residential,R- 434 Addition & Alterations,Addition and Remodel,Final,,1.0,2.0,9,78704.0,30.24443795,-97.73879974,Adg Electrical Services Llc,2020,2020,No
2020-09-01,2020-08-12,Building Permit,Residential,R- 329 Res Structures Other Than Bldg,New,Final,37000.0,1.0,0.0,10,78731.0,30.36047735,-97.78307383,Davinci Pools **Main**,2020,2020,Yes
2020-08-28,2020-08-21,Mechanical Permit,Residential,Residential,Change Out,Final,,,,8,78746.0,30.27665525,-97.82217901,Mccullough Heating & Air,2020,2020,No
2020-09-10,2020-07-01,Mechanical Permit,Commercial,C-1000 Commercial Remodel,Remodel,Final,,1.0,1.0,5,78704.0,30.24837644,-97.77118674,Paradise A/C,2020,2020,No
2020-09-16,2019-07-03,Building Permit,Residential,R- 101 Single Family Houses,New,Final,1.0,1.0,2.0,3,78704.0,30.23182671,-97.76289666,Bloom Design Build,2020,2020,Yes
2020-09-05,2020-07-28,Driveway / Sidewalks,Residential,Res. Driveway & Sidewalk,New,Final,,,,1,78653.0,,,Brohn Homes,2020,2020,No
2020-09-15,2020-09-09,Electrical Permit,Residential,Residential,Auxiliary Power,Final,,1.0,1.0,10,78759.0,30.42307654,-97.7624807,Horus Partners,2020,2020,No
2020-09-18,2020-06-09,Mechanical Permit,Residential,R- 101 Single Family Houses,New,Final,,1.0,2.0,3,78741.0,30.23022784,-97.69788942,Capital One Enterprises,2020,2020,No
2020-09-25,2020-09-23,Building Permit,Residential,R- 101 Single Family Houses,New,Final,284625.0,1.0,2.0,2,78747.0,30.13539574,-97.76167629,"Pacesetter Homes, Llc",2020,2020,Yes
2020-09-15,2020-09-11,Building Permit,Commercial,C-1000 Commercial Remodel,Remodel,Final,,1.0,1.0,7,78758.0,,,Reliable Roofing Of Texas Inc,2020,2020,No
2020-09-01,2020-08-31,Electrical Permit,Residential,Residential,Auxiliary Power,Final,,1.0,1.0,8,78739.0,30.18806053,-97.92394508,,2020,2020,No
2020-09-04,2020-09-01,Plumbing Permit,Residential,Residential,Irrigation,Final,,,,6,78717.0,30.50019846,-97.79175147,,2020,2020,No
2020-09-22,2020-09-18,Plumbing Permit,Residential,Residential,Repair,Final,,1.0,0.0,5,78745.0,30.19595642,-97.83102978,,2020,2020,No
2020-09-01,2020-08-27,Electrical Permit,Residential,Residential,Repair,Final,,1.0,1.0,2,78744.0,30.15852066,-97.72486683,"In Charge Electrical Services, Llc",2020,2020,No
2020-09-11,2020-09-03,Plumbing Permit,Residential,Residential,Repair,Final,,0.0,1.0,7,78753.0,30.37999045,-97.6799908,The Veach Company,2020,2020,No
2020-09-17,2020-07-23,Building Permit,Commercial,C-1000 Commercial Remodel,Remodel,Final,,0.0,2.0,3,78745.0,30.20346379,-97.76322386,M&J Construction,2020,2020,No
2020-09-17,2020-09-15,Electrical Permit,Residential,Residential,Repair,Final,,1.0,1.0,Unknown,78746.0,30.27149941,-97.77922971,J & S Vargas Electrical Service Co.,2020,2020,No
2020-09-14,2020-09-03,Electrical Permit,Commercial,Commercial,Special Inspections Program,Final,,,,6,78727.0,30.43002663,-97.74810192,,2020,2020,No
2020-09-29,2020-06-11,Driveway / Sidewalks,Residential,Res. Driveway & Sidewalk,New,Final,,,,1,78660.0,30.40120816,-97.61293328,D R Horton Homes,2020,2020,No
2020-08-27,2018-09-28,Electrical Permit,Residential,R- 101 Single Family Houses,New,Final,,1.0,2.0,7,78756.0,30.32020386,-97.74340093,"Ies Residential, Inc.",2020,2020,No
2020-09-22,2020-07-27,Building Permit,Residential,R- 434 Addition & Alterations,Addition and Remodel,Final,1.0,0.0,0.0,6,78759.0,30.41309593,-97.77171455,,2020,2020,Yes
2020-09-22,2020-04-15,Building Permit,Residential,R- 645 Demolition One Family Homes,Demolition,Final,0.0,1.0,1.0,9,78703.0,30.27634909,-97.75592178,"James Nolan Construction, Llc",2020,2020,No
2020-09-10,2020-08-12,Building Permit,Commercial,C-1000 Commercial Remodel,Remodel,Final,,1.0,1.0,3,78704.0,,,,2020,2020,No
2020-09-14,2020-04-01,Building Permit,Residential,R- 101 Single Family Houses,New,Final,0.0,1.0,2.0,7,78758.0,30.39475764,-97.69762133,Wes Peoples Homes Llc,2020,2020,No
2020-09-10,2020-09-09,Building Permit,Commercial,C-1000 Commercial Remodel,Interior Demo Non-Structural,Final,7000.0,1.0,1.0,7,78758.0,30.37729438,-97.7281292,Dkc Construction Group,2020,2020,Yes
2020-09-21,2020-07-28,Electrical Permit,Residential,R- 434 Addition & Alterations,Addition and Remodel,Final,,1.0,1.0,4,78723.0,30.3060898,-97.69555459,Dynamic Electrical Service,2020,2020,No
2020-08-27,2020-08-06,Building Permit,Residential,R- 329 Res Structures Other Than Bldg,New,Final,70000.0,1.0,1.0,6,78717.0,30.49255645,-97.79361728,Anthony & Sylvan Pools Corporation,2020,2020,Yes
2020-09-08,2020-08-24,Electrical Permit,Residential,Residential,Auxiliary Power,Final,,1.0,1.0,Unknown,78738.0,30.28903472,-97.9312456,,2020,2020,No
2020-09-01,2020-08-20,Plumbing Permit,Residential,Residential,Change Out,Expired,,,,8,78739.0,30.19000245,-97.90373017,Mr. Tankless,2020,2020,No
2020-09-14,2020-05-13,Electrical Permit,Residential,R- 329 Res Structures Other Than Bldg,New,Final,,1.0,1.0,10,78703.0,30.29703986,-97.77638274,S&J Carey Electric,2020,2020,No
2020-09-02,2020-05-14,Mechanical Permit,Residential,R- 101 Single Family Houses,New,Final,,1.0,1.0,1,78660.0,30.39986623,-97.61320594,Christianson Plumbing & Air Co,2020,2020,No
2020-08-28,2020-08-27,Plumbing Permit,Residential,Residential,Irrigation,Final,,,,Unknown,78728.0,30.46376584,-97.6787187,,2020,2020,No
2020-09-14,2020-09-11,Mechanical Permit,Residential,Residential,Change Out,Expired,,,,10,78703.0,30.29677363,-97.77572104,,2020,2020,No
2020-09-16,2020-09-14,Electrical Permit,Residential,Residential,Upgrade,Final,,1.0,1.0,7,78727.0,30.43332445,-97.71729586,Klock'S Electric,2020,2020,No
2020-09-21,2020-08-19,Building Permit,Commercial,C- 329 Com Structures Other Than Bldg,New,Final,15000.0,1.0,1.0,2,78748.0,30.18209983,-97.79245417,Paradigm Contracting Llc,2020,2020,Yes
2020-09-17,2020-02-06,Plumbing Permit,Residential,R- 101 Single Family Houses,New,Final,,1.0,2.0,1,78724.0,30.29290448,-97.64171207,Victory Plumbing Company,2020,2020,No
2020-09-16,2020-08-11,Driveway / Sidewalks,Commercial,"Com. Driveway,Sidewalk,Curb,Gutter",Repair,Expired,,,,Unknown,,,,,2020,2020,No
2020-09-23,2020-09-04,Plumbing Permit,Residential,R- 101 Single Family Houses,New,Final,,1.0,2.0,5,78748.0,30.16307078,-97.81934455,Victory Plumbing Company,2020,2020,No
2020-09-14,2020-06-16,Electrical Permit,Residential,R- 434 Addition & Alterations,Addition and Remodel,Final,,1.0,1.0,5,78745.0,30.21761008,-97.80753157,Solar Fix Electrical Services,2020,2020,No
2020-09-02,2018-06-25,Driveway / Sidewalks,Residential,"Res. Driveway, Sidewalk, Curb, Gutter",New,Final,,,,6,78750.0,30.45147059,-97.79410018,Performance Builder,2020,2020,No
2020-09-08,2020-06-09,Electrical Permit,Residential,R- 329 Res Structures Other Than Bldg,New,Final,,1.0,0.0,10,78703.0,30.28173589,-97.77205371,Austin Handyman & Remodeling,2020,2020,No
2020-08-27,2020-07-31,Electrical Permit,Residential,R- 434 Addition & Alterations,Addition and Remodel,Final,,0.0,0.0,6,78717.0,30.49584151,-97.77303601,Trs Build,2020,2020,No
2020-09-25,2020-06-15,Building Permit,Commercial,C-1000 Commercial Remodel,Remodel,Final,,1.0,1.0,7,78758.0,30.41677665,-97.70429912,Beacon Equipment,2020,2020,No
2020-08-28,2020-01-28,Mechanical Permit,Residential,R- 102 Secondary Apartment,New,Final,,1.0,2.0,3,78704.0,30.22805178,-97.75748304,Aire-Rite Diagnostics,2020,2020,No
2020-09-25,2020-09-24,Plumbing Permit,Residential,Residential,Irrigation,Final,,,,2,78617.0,30.15633336,-97.64010969,,2020,2020,No
2020-09-25,2020-09-17,Mechanical Permit,Residential,Residential,Change Out,Final,,,,10,78731.0,30.34419077,-97.75738483,Mccullough Heating & Air,2020,2020,No
2020-09-28,2020-03-30,Mechanical Permit,Commercial,C-1000 Commercial Remodel,Remodel,Final,,1.0,2.0,9,78705.0,30.29206953,-97.74321142,Watkins Trade Services Llc,2020,2020,No
2020-08-28,2020-06-30,Mechanical Permit,Residential,R- 101 Single Family Houses,New,Final,,1.0,2.0,2,78744.0,30.15850456,-97.72380701,,2020,2020,No
2020-09-28,2020-07-24,Mechanical Permit,Commercial,C-1000 Commercial Remodel,Remodel,Final,,1.0,1.0,3,78702.0,30.26019592,-97.72396698,Elite Heating And Air Conditioning Llc,2020,2020,No
2020-09-08,2020-09-03,Plumbing Permit,Residential,Residential,Irrigation,Final,,,,Unknown,78660.0,,,,2020,2020,No
2020-09-02,2020-08-06,Plumbing Permit,Residential,Residential,Repair,Final,,1.0,1.0,9,78722.0,30.28738931,-97.71442788,Hm Plumbing Llc,2020,2020,No
2020-09-03,2020-09-02,Electrical Permit,Residential,Residential,Auxiliary Power,Final,,1.0,1.0,3,78702.0,30.26324207,-97.70667717,,2020,2020,No
2020-09-28,2020-05-14,Driveway / Sidewalks,Residential,Res. Driveway & Sidewalk,New,Final,,,,1,78660.0,30.40049876,-97.61281369,D R Horton Homes,2020,2020,No
2020-09-29,2020-09-28,Plumbing Permit,Residential,Residential,Repair,Final,,1.0,0.0,7,78757.0,30.3539104,-97.74277179,G & M Plumbing,2020,2020,No
2020-09-09,2020-09-04,Mechanical Permit,Residential,Residential,Change Out,Final,,,,10,78732.0,30.41943548,-97.8962717,"Stan'S Heating, Air, Plumbing, & Electrical",2020,2020,No
2020-09-03,2020-02-05,Mechanical Permit,Residential,R- 101 Single Family Houses,New,Final,,1.0,2.0,1,78721.0,30.27899326,-97.6906195,Coolbear Heating & Air,2020,2020,No
2020-09-01,2020-06-25,Building Permit,Residential,R- 329 Res Structures Other Than Bldg,New,Expired,0.0,0.0,0.0,10,78703.0,30.30037225,-97.77660824,"Westbank Pools, Llc",2020,2020,No
2020-09-01,2020-08-19,Electrical Permit,Commercial,Commercial,Repair,Expired,,1.0,1.0,9,78741.0,30.24079216,-97.73180536,"Texstar Enterprises, Inc",2020,2020,No
2020-09-22,2020-08-25,Building Permit,Commercial,C-1000 Commercial Remodel,Remodel,Final,,1.0,1.0,7,78758.0,,,Hitt Contracting,2020,2020,No
2020-08-28,2020-08-17,Electrical Permit,Residential,R- 101 Single Family Houses,New,Final,,1.0,1.0,1,78653.0,,,"Austin Lanehart Electric Co., Inc.",2020,2020,No
2020-09-15,2020-09-08,Plumbing Permit,Residential,Residential,Change Out,Final,,,,7,78759.0,30.41297567,-97.71384972,Ezg Services,2020,2020,No
2020-09-15,2020-03-11,Plumbing Permit,Residential,Residential,Irrigation,Final,,,,1,78660.0,30.3923243,-97.61475125,,2020,2020,No
2020-09-25,2020-09-18,Mechanical Permit,Residential,Residential,Change Out,Final,,,,7,78727.0,30.42023798,-97.69124075,American Residential Services (Ars),2020,2020,No
2020-08-27,2020-06-01,Electrical Permit,Residential,R- 102 Secondary Apartment,New,Final,,1.0,2.0,3,78702.0,,,Skyline Electric Llc,2020,2020,No
2020-09-23,2019-10-29,Electrical Permit,Commercial,"C- 437 Addn, Alter, Convn-NonRes",Addition and Remodel,Final,,1.0,3.0,10,78703.0,30.30846346,-97.763667,Sunvison Electric,2020,2020,No
2020-09-30,2020-09-28,Plumbing Permit,Residential,Residential,Irrigation,Final,,,,2,78747.0,30.13609469,-97.76525538,,2020,2020,No
2020-09-01,2020-03-24,Plumbing Permit,Residential,Residential,Irrigation,Final,,,,1,78724.0,30.30690716,-97.62762133,,2020,2020,No
2020-09-11,2020-06-11,Building Permit,Residential,R- 102 Secondary Apartment,New,Final,0.0,1.0,2.0,9,78751.0,30.30517869,-97.72130529,Ten Point Services,2020,2020,No
2020-09-30,2020-08-25,Building Permit,Residential,R- 101 Single Family Houses,New,Final,288400.0,1.0,1.0,2,78744.0,30.14158635,-97.71729256,Brookfield Residential Texas Homes Llc,2020,2020,Yes
2020-09-21,2020-08-18,Driveway / Sidewalks,Residential,Res. Driveway & Sidewalk,New,Final,,,,2,78744.0,,,Lennar Homes Of Texas***Main***,2020,2020,No
2020-09-22,2020-09-18,Building Permit,Residential,R- 435 Renovations/Remodel,Repair,Final,12240.0,1.0,1.0,5,78745.0,30.19608702,-97.81762426,Premium Siding & Painting Co.,2020,2020,Yes
2020-09-10,2020-09-08,Plumbing Permit,Residential,Residential,Repair,Final,,1.0,1.0,9,78751.0,30.3148782,-97.72206667,Service Wizard,2020,2020,No
2020-09-17,2020-08-07,Driveway / Sidewalks,Residential,Res. Driveway & Sidewalk,New,Final,,,,7,78660.0,30.43632252,-97.65120605,Blackburn Communities,2020,2020,No
2020-09-04,2020-09-03,Electrical Permit,Residential,Residential,Repair,Final,,1.0,1.0,10,78750.0,30.38198295,-97.7882373,"Tesla Energy Operations, Inc.",2020,2020,No
2020-09-16,2020-09-14,Building Permit,Residential,R- 101 Single Family Houses,New,Final,258750.0,1.0,1.0,2,78747.0,,,"Pacesetter Homes, Llc",2020,2020,Yes
2020-09-10,2020-07-29,Building Permit,Residential,R- 101 Single Family Houses,New,Final,0.0,1.0,2.0,1,78653.0,,,Thurman Homes,2020,2020,No
2020-08-31,2020-02-26,Mechanical Permit,Residential,R- 101 Single Family Houses,New,Final,,1.0,2.0,10,78732.0,,,,2020,2020,No
2020-08-31,2020-02-26,Building Permit,Residential,R- 329 Res Structures Other Than Bldg,New,Final,0.0,0.0,0.0,5,78704.0,,,Moazami Homes Llc,2020,2020,No
2020-08-27,2020-08-10,Building Permit,Residential,R- 435 Renovations/Remodel,Repair,Expired,2443.0,1.0,1.0,4,78723.0,30.31770495,-97.68702945,"Trinity Exterior Group, Lp *Main*",2020,2020,Yes
2020-09-01,2020-06-03,Plumbing Permit,Residential,R- 101 Single Family Houses,New,Final,,1.0,2.0,3,78741.0,30.23249499,-97.69325702,Double Aa Plumbing,2020,2020,No
2020-09-21,2020-09-17,Electrical Permit,Residential,Residential,Auxiliary Power,Final,,1.0,1.0,2,78617.0,,,,2020,2020,No
2020-09-03,2020-02-26,Plumbing Permit,Commercial,C- 105 Five or More Family Bldgs,New,Final,,36.0,3.0,1,78724.0,,,J & D Vision Plumbing,2020,2020,No
2020-09-01,2020-07-23,Plumbing Permit,Residential,R- 101 Single Family Houses,New,Final,,1.0,2.0,2,78744.0,,,Victory Plumbing Company,2020,2020,No
2020-09-22,2020-08-25,Building Permit,Commercial,C-1000 Commercial Remodel,Remodel,Final,,1.0,1.0,7,78758.0,,,Hitt Contracting,2020,2020,No
2020-09-11,2020-09-09,Building Permit,Residential,R- 101 Single Family Houses,New,Final,132605.0,1.0,1.0,1,78653.0,,,Brohn Homes,2020,2020,Yes
2020-09-09,2020-04-02,Mechanical Permit,Residential,R- 101 Single Family Houses,New,Final,,1.0,2.0,2,78744.0,30.15420057,-97.71627704,,2020,2020,No
2020-09-03,2020-09-01,Plumbing Permit,Residential,Residential,Change Out,Final,,,,10,78703.0,30.30741703,-97.76373924,Christianson Plumbing,2020,2020,No
2020-09-15,2020-06-01,Mechanical Permit,Residential,R- 101 Single Family Houses,New,Final,,1.0,3.0,3,78702.0,,,,2020,2020,No
2020-08-28,2020-01-13,Plumbing Permit,Residential,Residential,Irrigation,Final,,,,1,78660.0,30.38896367,-97.61476986,,2020,2020,No
2020-09-02,2018-11-13,Electrical Permit,Commercial,C- 329 Com Structures Other Than Bldg,New,Final,,1.0,1.0,7,78660.0,,,"Phoenix Electric, Inc",2020,2020,No
2020-09-02,2020-06-30,Electrical Permit,Commercial,C-1000 Commercial Remodel,Remodel,Final,,1.0,3.0,10,78746.0,30.34715945,-97.80037855,Neyland Electrical Services Llc,2020,2020,No
2020-08-28,2020-08-28,Plumbing Permit,Residential,Residential,New,Final,,0.0,0.0,Unknown,78660.0,,,Victory Plumbing Company,2020,2020,No
2020-09-24,2019-10-29,Electrical Permit,Commercial,C-1000 Commercial Remodel,Remodel,Final,,1.0,2.0,10,78703.0,30.30846346,-97.763667,Sunvison Electric,2020,2020,No
2020-08-31,2020-08-28,Electrical Permit,Residential,Residential,New,Final,,1.0,1.0,Unknown,78617.0,30.1622897,-97.63444904,"Austin Lanehart Electric Co., Inc.",2020,2020,No
2020-09-29,2020-07-01,Driveway / Sidewalks,Residential,Res. Driveway & Sidewalk,New,Final,,,,1,78660.0,30.39958879,-97.61426084,D R Horton Homes,2020,2020,No
2020-09-01,2020-07-10,Building Permit,Residential,R- 434 Addition & Alterations,Addition and Remodel,Final,1.0,2.0,2.0,9,78723.0,30.29191446,-97.70197957,Hammett Construction Company Llc,2020,2020,Yes
2020-09-29,2020-08-28,Electrical Permit,Residential,Residential,Auxiliary Power,Final,,1.0,1.0,Unknown,78617.0,30.1654389,-97.63301587,,2020,2020,No
2020-09-16,2020-07-30,Electrical Permit,Residential,R- 329 Res Structures Other Than Bldg,New,Final,,1.0,1.0,8,78739.0,30.17155009,-97.90773283,Austin'S Town & Country Electric,2020,2020,No
2020-09-24,2020-09-18,Electrical Permit,Residential,Residential,New,Final,,1.0,1.0,Unknown,78734.0,30.37939376,-97.92683465,Dan Hernandez Electric Lp,2020,2020,No
2020-09-24,2020-09-23,Mechanical Permit,Residential,Residential,Change Out,Expired,,,,7,78757.0,30.3382047,-97.73062436,,2020,2020,No
2020-09-01,2020-02-20,Plumbing Permit,Residential,Residential,Irrigation,Final,,,,1,78724.0,30.30662546,-97.62717594,,2020,2020,No
2020-09-28,2019-10-16,Mechanical Permit,Residential,R- 101 Single Family Houses,New,Final,,1.0,2.0,9,78723.0,30.29947796,-97.69582405,,2020,2020,No
2020-09-23,2019-02-15,Electrical Permit,Residential,R- 434 Addition & Alterations,Addition and Remodel,Final,,0.0,0.0,3,78721.0,30.27353285,-97.68964091,Electric Connection Services,2020,2020,No
2020-09-15,2020-07-13,Plumbing Permit,Residential,R- 102 Secondary Apartment,New,Final,,1.0,2.0,1,78721.0,30.27379953,-97.68803656,Art G Plumbing,2020,2020,No
2020-09-29,2020-08-13,Electrical Permit,Residential,R- 101 Single Family Houses,New,Final,,1.0,2.0,6,78717.0,30.50391493,-97.74673786,"In Charge Electrical Services, Llc",2020,2020,No
2020-09-18,2020-06-09,Electrical Permit,Residential,R- 102 Secondary Apartment,New,Final,,1.0,2.0,3,78741.0,30.23022784,-97.69788942,Jrw Electric,2020,2020,No
2020-09-03,2020-02-03,Plumbing Permit,Commercial,C- 328 Commercial Other Nonresident Bldg,New,Final,,1.0,1.0,1,78723.0,,,6B Plumbing,2020,2020,No
2020-09-30,2020-09-30,Building Permit,Residential,R- 435 Renovations/Remodel,Repair,Final,7200.0,1.0,1.0,2,78744.0,30.19744063,-97.73122496,Valdez Remodeling & Weatherization Inc.,2020,2020,Yes
2020-09-10,2020-09-08,Plumbing Permit,Residential,Residential,Repair,Expired,,1.0,0.0,Unknown,78729.0,30.45578053,-97.77706246,Liberty Hill Plumbing,2020,2020,No
2020-09-15,2020-06-29,Plumbing Permit,Commercial,C-1001 Commercial Finish Out,Remodel,Final,,1.0,1.0,3,78704.0,,,Cedar Park Plumbing Heating & Air Inc,2020,2020,No
2020-09-29,2019-11-14,Mechanical Permit,Residential,R- 101 Single Family Houses,New,Final,,1.0,2.0,7,78756.0,30.32202627,-97.73777229,Bowien Mechanical Contractors,2020,2020,No
2020-09-14,2020-09-11,Plumbing Permit,Residential,Residential,Irrigation,Final,,,,1,78754.0,30.35204235,-97.60158686,,2020,2020,No
2020-08-31,2020-06-22,Mechanical Permit,Residential,R- 101 Single Family Houses,New,Final,,1.0,2.0,2,78744.0,30.15877769,-97.72438832,,2020,2020,No
2020-09-28,2020-03-11,Electrical Permit,Residential,R- 101 Single Family Houses,New,Final,,1.0,2.0,7,78757.0,30.34719864,-97.73104446,,2020,2020,No
2020-09-23,2020-03-11,Building Permit,Residential,R- 101 Single Family Houses,New,Final,1.0,1.0,2.0,7,78757.0,30.34719864,-97.73104446,Russell Kelly Homes,2020,2020,Yes
2020-09-14,2019-12-18,Plumbing Permit,Residential,Residential,Repair,Final,,1.0,1.0,3,78704.0,,,Art G Plumbing,2020,2020,No
2020-09-18,2020-09-14,Building Permit,Residential,R- 434 Addition & Alterations,Addition and Remodel,Final,0.0,0.0,0.0,2,78617.0,30.17140347,-97.62229882,"Lifestyle Sales, Llc Petty Cash",2020,2020,No
2020-09-04,2020-05-06,Driveway / Sidewalks,Residential,Res. Driveway & Sidewalk,New,Final,,,,1,78653.0,,,Brohn Homes,2020,2020,No
2020-09-03,2020-09-02,Plumbing Permit,Residential,Residential,Repair,Final,,0.0,0.0,5,78748.0,30.15700092,-97.80426691,Christianson Plumbing,2020,2020,No
2020-09-03,2020-07-23,Building Permit,Residential,R- 101 Single Family Houses,New,Final,189600.0,1.0,1.0,1,78660.0,30.40055047,-97.61434477,D R Horton Homes,2020,2020,Yes
2020-09-30,2020-07-01,Plumbing Permit,Residential,R- 434 Addition & Alterations,Addition and Remodel,Final,,1.0,1.0,7,78757.0,30.34987025,-97.72676101,Garrison Plumbing Llc,2020,2020,No
2020-08-27,2020-08-26,Plumbing Permit,Residential,Residential,Irrigation,Final,,,,5,78745.0,30.22385201,-97.78940491,,2020,2020,No
2020-09-29,2020-08-20,Building Permit,Residential,R- 329 Res Structures Other Than Bldg,New,Final,0.0,0.0,0.0,7,78757.0,30.33855394,-97.73618294,Smyth Homes,2020,2020,No
2020-09-24,2020-09-23,Mechanical Permit,Residential,Residential,Change Out,Final,,,,3,78741.0,30.22851598,-97.70425797,Velocity Heating & Air Llc,2020,2020,No
2020-09-09,2017-05-15,Driveway / Sidewalks,Residential,Res. Driveway,New,Final,,,,9,78704.0,30.24521986,-97.73653277,"Bryan Murphy Builder, Llc.",2020,2020,No
2020-09-23,2020-07-08,Electrical Permit,Residential,R- 329 Res Structures Other Than Bldg,New,Final,,0.0,0.0,6,78717.0,30.50073343,-97.76170047,Generation Next Electric,2020,2020,No
2020-09-01,2017-07-06,Plumbing Permit,Commercial,C-1001 Commercial Finish Out,Remodel,Final,,11.0,33.0,9,78701.0,30.2563889,-97.7388366,"Biggs Plumbing Co, Inc",2020,2020,No
2020-09-03,2020-01-24,Plumbing Permit,Residential,R- 434 Addition & Alterations,Addition and Remodel,Final,,1.0,1.0,6,78727.0,30.42257748,-97.73999957,Distinctive Plumbing Inc,2020,2020,No
2020-09-30,2020-08-25,Electrical Permit,Commercial,C-1000 Commercial Remodel,Remodel,Final,,1.0,1.0,7,78758.0,,,Lighthouse Electrical,2020,2020,No
2020-08-31,2020-08-29,Plumbing Permit,Residential,Residential,Change Out,Final,,,,7,78727.0,30.41812499,-97.72644175,Blue Dragon Plumbing,2020,2020,No
2020-09-18,2020-07-16,Mechanical Permit,Residential,R- 101 Single Family Houses,New,Final,,1.0,2.0,6,78717.0,30.50189605,-97.74659516,,2020,2020,No
2020-09-21,2020-06-24,Mechanical Permit,Residential,R- 101 Single Family Houses,New,Final,,1.0,2.0,1,78660.0,30.40204826,-97.61363937,Christianson Plumbing & Air Co,2020,2020,No
2020-09-15,2020-08-14,Electrical Permit,Residential,R- 101 Single Family Houses,New,Final,,1.0,1.0,1,78653.0,30.29141567,-97.55075093,Bolder Electric Solutions,2020,2020,No
2020-09-01,2020-04-01,Mechanical Permit,Residential,R- 101 Single Family Houses,New,Final,,1.0,2.0,5,78745.0,30.22274603,-97.78247296,Christianson Plumbing & Air Co,2020,2020,No
2020-08-31,2020-08-14,Building Permit,Commercial,C- 329 Com Structures Other Than Bldg,New,Final,47656.0,1.0,1.0,4,78753.0,30.36030464,-97.69887365,Avila Contracting Llc,2020,2020,Yes
2020-09-03,2020-06-29,Plumbing Permit,Residential,Residential,Irrigation,Final,,,,2,78744.0,30.15060503,-97.71784914,,2020,2020,No
2020-09-22,2020-09-10,Mechanical Permit,Residential,Residential,Change Out,Expired,,,,3,78725.0,30.26111482,-97.67209885,Abc Home And Commercial Services,2020,2020,No
2020-09-28,2020-06-11,Driveway / Sidewalks,Residential,Res. Driveway & Sidewalk,New,Final,,,,1,78660.0,30.39907368,-97.61396442,D R Horton Homes,2020,2020,No
2020-09-01,2019-02-21,Mechanical Permit,Commercial,C- 329 Com Structures Other Than Bldg,New,Final,,0.0,0.0,7,78753.0,30.39968443,-97.67858577,Schaffer Mechanical,2020,2020,No
2020-09-10,2020-08-13,Plumbing Permit,Residential,R- 101 Single Family Houses,New,Final,,1.0,2.0,7,78753.0,30.40759549,-97.64599531,,2020,2020,No
2020-09-25,2020-09-24,Electrical Permit,Residential,Residential,New,Final,,1.0,1.0,Unknown,78617.0,30.13427806,-97.61513195,Silver'S Electric,2020,2020,No
2020-09-14,2020-09-11,Electrical Permit,Residential,Residential,Auxiliary Power,Final,,1.0,1.0,5,78748.0,30.15449437,-97.84362916,,2020,2020,No
2020-09-01,2020-08-31,Building Permit,Residential,R- 435 Renovations/Remodel,Repair,Final,15000.0,1.0,1.0,1,78753.0,30.39466201,-97.65673385,Valdez Remodeling & Weatherization Inc.**Main**,2020,2020,Yes
2020-09-10,2020-09-10,Building Permit,Residential,R- 435 Renovations/Remodel,Repair,Final,17361.0,1.0,1.0,6,78729.0,30.45728777,-97.77154607,21St Century Painting & Roofing *Main*,2020,2020,Yes
2020-09-29,2020-02-21,Plumbing Permit,Residential,R- 101 Single Family Houses,New,Final,,1.0,2.0,10,78731.0,30.35940422,-97.76403196,A Plus Pcs Plumbing Co,2020,2020,No
2020-09-30,2020-09-29,Plumbing Permit,Residential,Residential,Change Out,Final,,,,3,78702.0,,,Texas Plumbing Services Llc Dba Good Flow Plumbing,2020,2020,No
2020-09-08,2020-09-08,Plumbing Permit,Residential,Residential,Change Out,Final,,,,8,78746.0,30.26266409,-97.80147371,,2020,2020,No
2020-09-18,2020-09-10,Mechanical Permit,Residential,Residential,Change Out,Final,,,,6,78750.0,30.43488928,-97.79940909,Mccullough Heating & Air,2020,2020,No
2020-09-08,2019-12-04,Mechanical Permit,Residential,R- 101 Single Family Houses,New,Final,,1.0,3.0,9,78704.0,30.25462921,-97.76644296,Epic Mechanical Inc,2020,2020,No
2020-09-28,2020-08-26,Building Permit,Residential,R- 101 Single Family Houses,New,Final,239870.0,1.0,2.0,1,78754.0,30.35065341,-97.60120124,Rsi Communities (Do Not Use),2020,2020,Yes
2020-08-29,2020-06-22,Electrical Permit,Residential,R- 434 Addition & Alterations,Addition and Remodel,Final,,1.0,2.0,9,78723.0,30.29356251,-97.70294568,,2020,2020,No
2020-09-21,2020-09-17,Electrical Permit,Residential,Residential,Repair,Final,,1.0,1.0,1,78723.0,30.29530228,-97.67423056,"Austin Lanehart Electric Co., Inc.",2020,2020,No
2020-09-04,2020-08-31,Electrical Permit,Residential,Residential,Upgrade,Final,,1.0,1.0,Unknown,78746.0,30.27556202,-97.84225904,Greenbolt Electric,2020,2020,No
2020-09-08,2020-06-29,Building Permit,Commercial,C-1001 Commercial Finish Out,Remodel,Final,,1.0,1.0,3,78704.0,,,Mapp Llc **Main**,2020,2020,No
2020-09-17,2020-08-05,Building Permit,Residential,R- 101 Single Family Houses,New,Final,0.0,1.0,2.0,2,78744.0,30.15850495,-97.72315186,Meritage Homes Corp,2020,2020,No
2020-09-22,2020-06-02,Building Permit,Commercial,"C- 437 Addn, Alter, Convn-NonRes",Addition and Remodel,Final,2000000.0,1.0,1.0,7,78758.0,,,"Structura, Inc.",2020,2020,Yes
2020-09-29,2020-04-06,Mechanical Permit,Residential,R- 101 Single Family Houses,New,Final,,1.0,2.0,2,78744.0,30.15431912,-97.71588772,,2020,2020,No
2020-09-01,2020-06-30,Mechanical Permit,Commercial,C-1000 Commercial Remodel,Remodel,Final,,1.0,3.0,10,78746.0,30.34715945,-97.80037855,,2020,2020,No
2020-08-31,2020-07-31,Building Permit,Commercial,C-1000 Commercial Remodel,Remodel,Final,,1.0,1.0,9,78701.0,,,Novo Construction **Main**,2020,2020,No
2020-09-18,2020-09-17,Mechanical Permit,Commercial,Commercial,Change Out,Final,,,,9,78701.0,30.28156903,-97.74254565,Lennox National Account Services Llc,2020,2020,No
2020-09-15,2020-06-08,Plumbing Permit,Residential,R- 101 Single Family Houses,New,Final,,1.0,2.0,10,78703.0,30.2966843,-97.77551739,Nalle Custom Homes,2020,2020,No
2020-08-31,2020-05-28,Plumbing Permit,Residential,R- 434 Addition & Alterations,Addition and Remodel,Final,,1.0,1.0,7,78757.0,30.33295218,-97.72483692,,2020,2020,No
2020-09-02,2020-09-01,Building Permit,Residential,R- 435 Renovations/Remodel,Repair,Final,3125.0,1.0,1.0,3,78702.0,30.26160827,-97.70720954,Realmbuild Inc,2020,2020,Yes
2020-09-15,2020-09-08,Plumbing Permit,Residential,Residential,Repair,Final,,1.0,1.0,4,78753.0,,,,2020,2020,No
2020-09-01,2020-08-31,Mechanical Permit,Residential,Residential,Change Out,Final,,,,4,78758.0,30.38618478,-97.69749084,Service Wizard Llc,2020,2020,No
2020-09-10,2020-07-14,Electrical Permit,Residential,R- 329 Res Structures Other Than Bldg,New,Final,,1.0,1.0,8,78746.0,30.28529801,-97.78767458,De Leon Electric & A C,2020,2020,No
2020-09-24,2020-08-28,Building Permit,Residential,R- 435 Renovations/Remodel,Repair,Final,61062.0,1.0,1.0,8,78749.0,30.20613036,-97.87881032,Renewal By Andersen,2020,2020,Yes
2020-09-18,2019-06-11,Mechanical Permit,Commercial,C- 105 Five or More Family Bldgs,New,Final,,22.0,3.0,1,78754.0,30.38480118,-97.64920025,Encore Mechanical,2020,2020,No
2020-09-23,2020-02-07,Building Permit,Residential,R- 435 Renovations/Remodel,Repair,Final,6869.0,1.0,1.0,5,78745.0,30.21942875,-97.79255212,Renewal By Andersen,2020,2020,Yes
2020-09-02,2019-11-15,Plumbing Permit,Commercial,Commercial,Fireline,Final,,,,8,78749.0,30.22336296,-97.84359263,Workman Commercial Construction Services,2020,2020,No
2020-09-15,2020-09-08,Electrical Permit,Residential,Residential,Upgrade,Final,,1.0,1.0,Unknown,78729.0,30.46097912,-97.76042485,Beltran Electric,2020,2020,No
2020-09-03,2020-08-18,Electrical Permit,Residential,R- 101 Single Family Houses,New,Final,,1.0,1.0,1,78653.0,,,"Austin Lanehart Electric Co., Inc.",2020,2020,No
2020-09-23,2019-11-12,Driveway / Sidewalks,Residential,Res. Driveway,New,Final,,,,3,78741.0,30.23874926,-97.69485672,Sunny Estates Custom Builders Llc,2020,2020,No
2020-09-08,2020-08-20,Electrical Permit,Commercial,Commercial,Repair,Final,,1.0,1.0,9,78705.0,30.28907332,-97.751199,Meredith Contracting & Elec Services Llc,2020,2020,No
2020-09-28,2020-06-25,Electrical Permit,Residential,R- 329 Res Structures Other Than Bldg,New,Final,,0.0,0.0,2,78745.0,30.19706798,-97.78116891,Barnett Electric,2020,2020,No
2020-08-27,2020-08-26,Plumbing Permit,Residential,Residential,Irrigation,Final,,,,7,78731.0,30.32283754,-97.75425832,,2020,2020,No
2020-09-25,2020-09-23,Plumbing Permit,Commercial,Commercial,Change Out,Expired,,,,3,78741.0,30.22417914,-97.72675159,,2020,2020,No
2020-08-28,2020-08-27,Plumbing Permit,Residential,Residential,Irrigation,Expired,,,,7,78727.0,30.42962273,-97.70788112,,2020,2020,No
2020-09-10,2020-07-10,Plumbing Permit,Residential,R- 101 Single Family Houses,New,Final,,1.0,1.0,1,78660.0,30.40100857,-97.61558518,Christianson Plumbing,2020,2020,No
2020-08-28,2020-07-08,Building Permit,Commercial,C-1000 Commercial Remodel,Remodel,Expired,,1.0,1.0,7,78758.0,30.40091607,-97.726447,Diverse Construction,2020,2020,No
2020-09-10,2020-05-28,Mechanical Permit,Residential,R- 101 Single Family Houses,New,Final,,1.0,2.0,5,78748.0,30.16268061,-97.82062387,,2020,2020,No
2020-09-08,2020-07-23,Building Permit,Residential,R- 101 Single Family Houses,New,Final,214875.0,1.0,2.0,1,78660.0,30.4007621,-97.61511618,D R Horton Homes,2020,2020,Yes
2020-09-29,2020-05-28,Driveway / Sidewalks,Residential,Res. Driveway & Sidewalk,New,Final,,,,1,78660.0,30.40016684,-97.61415252,D R Horton Homes,2020,2020,No
2020-09-14,2020-08-03,Plumbing Permit,Residential,Residential,Change Out,Final,,,,7,78727.0,30.41689941,-97.68445539,Plumb Masters Llc,2020,2020,No
2020-09-16,2020-09-14,Electrical Permit,Commercial,Commercial,Repair,Final,,1.0,1.0,5,78745.0,30.21711831,-97.79587155,Ac Electric,2020,2020,No
2020-09-05,2020-07-06,Driveway / Sidewalks,Residential,Res. Driveway & Sidewalk,New,Final,,,,1,78653.0,,,Brohn Homes,2020,2020,No
2020-09-04,2020-09-02,Mechanical Permit,Residential,Residential,Change Out,Expired,,,,2,78745.0,30.19083754,-97.78208382,,2020,2020,No
2020-09-14,2020-06-11,Building Permit,Residential,R- 434 Addition & Alterations,Addition and Remodel,Final,200000.0,1.0,2.0,5,78704.0,30.24451189,-97.78772343,Rubyanne Designs,2020,2020,Yes
2020-08-31,2020-06-09,Electrical Permit,Residential,R- 101 Single Family Houses,New,Final,,1.0,1.0,1,78653.0,30.29284338,-97.55278894,Bolder Electric Solutions,2020,2020,No
2020-08-31,2020-02-26,Electrical Permit,Commercial,C- 105 Five or More Family Bldgs,New,Final,,36.0,3.0,1,78724.0,,,"Msf Electric, Inc.",2020,2020,No
2020-09-28,2020-09-25,Plumbing Permit,Residential,Residential,Change Out,Final,,,,1,78753.0,30.38938187,-97.65544643,,2020,2020,No
2020-09-04,2020-08-04,Building Permit,Commercial,C- 329 Com Structures Other Than Bldg,New,Final,20400.0,1.0,1.0,3,78702.0,30.26621233,-97.70345321,Bartlett Cocke General Contractors (Main),2020,2020,Yes
2020-09-10,2020-03-13,Electrical Permit,Residential,R- 434 Addition & Alterations,Addition and Remodel,Final,,1.0,1.0,7,78756.0,30.33241695,-97.73776542,American Electric,2020,2020,No
2020-09-21,2020-02-28,Building Permit,Commercial,C- 105 Five or More Family Bldgs,New,Final,35000000.0,27.0,3.0,6,78717.0,,,Oht Construction Llc ***Main***,2020,2020,Yes
2020-09-04,2020-09-03,Plumbing Permit,Residential,Residential,Repair,Expired,,1.0,0.0,Unknown,78729.0,30.45819762,-97.7770396,Liberty Hill Plumbing,2020,2020,No
2020-09-28,2020-06-04,Building Permit,Residential,R- 329 Res Structures Other Than Bldg,New,Expired,0.0,0.0,0.0,10,78703.0,30.30886475,-97.7703859,"Westbank Pools, Llc",2020,2020,No
2020-09-22,2020-06-15,Building Permit,Residential,R- 434 Addition & Alterations,Addition and Remodel,Expired,300000.0,1.0,1.0,10,78731.0,30.35181559,-97.76483346,Bratton Construction Specialties,2020,2020,Yes
2020-09-15,2020-09-03,Electrical Permit,Residential,Residential,Upgrade,Expired,,1.0,1.0,10,78759.0,30.3644118,-97.74443396,Klock'S Electric,2020,2020,No
2020-09-15,2020-07-07,Mechanical Permit,Residential,R- 434 Addition & Alterations,Addition and Remodel,Final,,1.0,1.0,6,78750.0,30.45197456,-97.82027039,Roy'S Heating & Air Conditioning Service,2020,2020,No
2020-09-02,2020-08-31,Plumbing Permit,Residential,Residential,Change Out,Final,,,,10,78731.0,30.35361632,-97.78464743,Benjamin Franklin Plumbing,2020,2020,No
2020-09-22,2020-08-27,Building Permit,Residential,R- 101 Single Family Houses,New,Final,1.0,1.0,2.0,2,78744.0,30.15505111,-97.71738702,Brookfield Residential Texas Homes Llc,2020,2020,Yes
2020-09-03,2020-02-21,Driveway / Sidewalks,Residential,Res. Driveway,New,Final,,,,4,78751.0,,,Pecan Valley Homes Llc***Main***,2020,2020,No
2020-08-27,2020-08-25,Mechanical Permit,Commercial,Commercial,Change Out,Final,,,,9,78701.0,30.25737475,-97.73944057,Service Wizard Llc,2020,2020,No
2020-09-25,2019-09-23,Electrical Permit,Residential,R- 329 Res Structures Other Than Bldg,New,Final,,1.0,1.0,10,78731.0,30.34920288,-97.78413615,Kyle Electrical Services,2020,2020,No
2020-09-24,2020-09-22,Building Permit,Residential,R- 101 Single Family Houses,New,Final,325875.0,1.0,2.0,2,78747.0,30.13810779,-97.76429059,"Pacesetter Homes, Llc",2020,2020,Yes
2020-09-14,2020-08-24,Electrical Permit,Residential,R- 101 Single Family Houses,New,Final,,1.0,2.0,1,78653.0,30.29608384,-97.55775739,"Austin Lanehart Electric Co., Inc.",2020,2020,No
2020-09-10,2019-12-04,Plumbing Permit,Commercial,"C- 437 Addn, Alter, Convn-NonRes",Addition and Remodel,Final,,2.0,1.0,4,78753.0,30.35444794,-97.68546322,Premier Plumbing Services,2020,2020,No
2020-09-03,2020-08-24,Building Permit,Commercial,C-1000 Commercial Remodel,Remodel,Final,,1.0,1.0,8,78746.0,30.27661909,-97.82482586,Glotel Inc,2020,2020,No
2020-09-01,2020-08-21,Mechanical Permit,Residential,Residential,Change Out,Final,,,,8,78739.0,30.18514931,-97.89308247,American Residential Services (Ars),2020,2020,No
2020-09-24,2020-07-30,Plumbing Permit,Residential,R- 101 Single Family Houses,New,Final,,1.0,2.0,2,78744.0,30.15461094,-97.71751603,Victory Plumbing Company,2020,2020,No
2020-09-21,2020-09-21,Plumbing Permit,Residential,Residential,Change Out,Final,,,,10,78750.0,30.3932165,-97.82629424,,2020,2020,No
2020-09-01,2020-01-03,Mechanical Permit,Residential,R- 434 Addition & Alterations,Addition and Remodel,Final,,1.0,1.0,6,78750.0,30.45683142,-97.82194694,Austin Star Services,2020,2020,No
2020-09-23,2019-10-29,Electrical Permit,Commercial,C-1000 Commercial Remodel,Remodel,Final,,1.0,2.0,10,78703.0,30.30846346,-97.763667,Sunvison Electric,2020,2020,No
2020-09-02,2020-09-01,Plumbing Permit,Residential,Residential,Irrigation,Final,,,,1,78653.0,,,,2020,2020,No
2020-09-14,2020-04-27,Building Permit,Residential,R- 434 Addition & Alterations,Addition and Remodel,Expired,2.0,1.0,2.0,8,78746.0,30.26461867,-97.79350786,,2020,2020,Yes
2020-09-30,2020-07-17,Building Permit,Residential,R- 434 Addition & Alterations,Addition and Remodel,Final,1.0,1.0,0.0,5,78704.0,30.24325442,-97.78492784,"Reliant Pools, Inc",2020,2020,Yes
2020-09-17,2020-07-31,Plumbing Permit,Residential,R- 101 Single Family Houses,New,Final,,1.0,2.0,2,78744.0,30.15831597,-97.72305568,Mustang Plumbing,2020,2020,No
2020-09-16,2020-09-14,Electrical Permit,Residential,Residential,Repair,Final,,1.0,1.0,2,78744.0,30.15448454,-97.71684851,"In Charge Electrical Services, Llc",2020,2020,No
2020-09-01,2020-07-09,Electrical Permit,Residential,R- 103 Two Family Bldgs,New,Final,,2.0,2.0,4,78752.0,30.34061165,-97.71429896,Triangle Electrical Contractors,2020,2020,No
2020-09-16,2020-07-24,Electrical Permit,Residential,R- 329 Res Structures Other Than Bldg,New,Final,,1.0,1.0,5,78748.0,30.17561222,-97.84908039,Barnett Electric,2020,2020,No
2020-09-01,2020-04-29,Mechanical Permit,Residential,R- 101 Single Family Houses,New,Final,,1.0,2.0,1,78660.0,30.39877535,-97.61299558,Christianson Plumbing & Air Co,2020,2020,No
2020-09-11,2020-09-11,Electrical Permit,Commercial,Sign Permit,Wall,Final,,,,7,78758.0,,,,2020,2020,No
2020-09-09,2020-08-27,Plumbing Permit,Residential,R- 101 Single Family Houses,New,Final,,1.0,2.0,1,78653.0,,,Mustang Plumbing,2020,2020,No
2020-08-31,2020-08-18,Building Permit,Commercial,C- 329 Com Structures Other Than Bldg,New,Final,3672.0,1.0,0.0,6,78729.0,,,Harvey Cleary Builders,2020,2020,Yes
2020-09-11,2020-09-10,Mechanical Permit,Residential,Residential,Change Out,Final,,,,3,78704.0,30.2327223,-97.75286082,Mccullough Heating & Air,2020,2020,No
2020-09-28,2020-06-15,Plumbing Permit,Commercial,C-1000 Commercial Remodel,Remodel,Final,,1.0,1.0,7,78758.0,30.41677665,-97.70429912,Superflame Plumbing Company,2020,2020,No
2020-09-19,2020-09-15,Electrical Permit,Residential,Residential,Repair,Final,,1.0,1.0,4,78723.0,30.31082376,-97.69424596,Four Seasons Electric,2020,2020,No
2020-09-24,2020-09-22,Building Permit,Residential,R- 101 Single Family Houses,New,Final,254990.0,1.0,2.0,2,78747.0,,,"Milestone Community Builders, Llc(Main)",2020,2020,Yes
2020-09-10,2020-02-27,Driveway / Sidewalks,Residential,Res. Driveway,New,Final,,,,1,78702.0,30.27999216,-97.71153252,"Waterloo City Construction, Llc **Main**",2020,2020,No
2020-09-29,2020-03-02,Plumbing Permit,Residential,Residential,Irrigation,Final,,,,8,78652.0,30.17324385,-97.92051929,,2020,2020,No
2020-09-08,2020-03-25,Driveway / Sidewalks,Residential,Res. Driveway & Sidewalk,New,Final,,,,1,78754.0,30.35710938,-97.66551125,D R Horton Homes,2020,2020,No
2020-09-16,2020-09-14,Plumbing Permit,Residential,Residential,Change Out,Final,,,,Unknown,78728.0,30.47567858,-97.68328371,,2020,2020,No
2020-08-28,2020-06-17,Electrical Permit,Residential,R- 101 Single Family Houses,New,Final,,1.0,2.0,3,78741.0,30.22857611,-97.70437352,Jrw Electric,2020,2020,No
2020-08-31,2020-06-01,Building Permit,Commercial,"C- 437 Addn, Alter, Convn-NonRes",Addition and Remodel,Final,0.0,1.0,1.0,2,78744.0,30.1996283,-97.73520938,"Legacy Construction Sercives, Llc",2020,2020,No
2020-09-09,2020-04-07,Building Permit,Commercial,C-1000 Commercial Remodel,Remodel,Final,,1.0,1.0,7,78753.0,30.41525799,-97.67013132,Macconnell Renovations,2020,2020,No
2020-09-18,2020-07-10,Mechanical Permit,Residential,R- 434 Addition & Alterations,Addition and Remodel,Final,,2.0,1.0,3,78741.0,30.22193791,-97.73529335,Aire-Rite Diagnostics,2020,2020,No
2020-08-31,2020-08-18,Building Permit,Commercial,C- 329 Com Structures Other Than Bldg,New,Final,14368.0,1.0,0.0,6,78729.0,,,Harvey-Cleary Builders ***Main***,2020,2020,Yes
2020-09-21,2020-07-24,Plumbing Permit,Residential,R- 101 Single Family Houses,New,Final,,1.0,2.0,1,78723.0,30.29530228,-97.67423056,Excalibur Plumbing,2020,2020,No
2020-09-24,2020-09-03,Building Permit,Residential,R- 645 Demolition One Family Homes,Demolition,Final,0.0,1.0,1.0,7,78757.0,30.34758878,-97.72858581,"Paradisa Homes, Llc***Main***",2020,2020,No
2020-09-29,2020-06-09,Plumbing Permit,Residential,R- 434 Addition & Alterations,Addition and Remodel,Final,,1.0,2.0,10,78731.0,30.34051915,-97.76108817,Atech Plumbing,2020,2020,No
2020-09-10,2020-09-09,Electrical Permit,Commercial,Sign Permit,Freestanding,Final,,,,7,78759.0,30.39092459,-97.74236106,,2020,2020,No
2020-09-10,2020-09-02,Building Permit,Residential,R- 435 Renovations/Remodel,Repair,Final,20000.0,1.0,1.0,8,78749.0,30.19444858,-97.85801818,Statewide Remodeling Of Austin *Main*,2020,2020,Yes
2020-09-17,2020-07-28,Mechanical Permit,Residential,Residential,Change Out,Final,,,,6,78729.0,30.45856926,-97.76410526,A-Plus Energy Management,2020,2020,No
2020-09-02,2020-06-23,Plumbing Permit,Residential,R- 434 Addition & Alterations,Addition and Remodel,Final,,1.0,1.0,10,78730.0,30.34092856,-97.82521152,J David Ibarra Plumbing,2020,2020,No
2020-09-21,2020-02-28,Building Permit,Commercial,C- 105 Five or More Family Bldgs,New,Final,35000000.0,24.0,3.0,6,78717.0,,,Oht Construction Llc ***Main***,2020,2020,Yes
2020-09-25,2020-09-23,Mechanical Permit,Residential,Residential,Change Out,Final,,,,9,78704.0,30.2479707,-97.73750736,Mccullough Heating & Air,2020,2020,No
2020-09-17,2020-06-09,Building Permit,Residential,R- 434 Addition & Alterations,Addition and Remodel,Final,1.0,1.0,1.0,10,78731.0,30.3415803,-97.75955686,Bluebonnet Builders,2020,2020,Yes
2020-09-03,2020-09-02,Electrical Permit,Residential,Residential,Repair,Final,,1.0,1.0,3,78745.0,30.21942526,-97.77744927,Mcneely Electric Inc,2020,2020,No
2020-09-10,2000-03-14,Electrical Permit,Commercial,C- 329 Com Structures Other Than Bldg,New,Final,22000.0,,,6,78726.0,30.43626082,-97.83020213,,2020,2020,Yes
2020-09-25,2019-06-20,Plumbing Permit,Residential,Residential,Irrigation,Final,,,,2,78617.0,30.14758581,-97.59301644,,2020,2020,No
2020-09-29,2020-08-26,Building Permit,Residential,R- 101 Single Family Houses,New,Final,1.0,1.0,1.0,2,78744.0,30.14620921,-97.72238895,Dream Finders Homes,2020,2020,Yes
2020-08-28,2020-08-27,Electrical Permit,Residential,Residential,Repair,Final,,1.0,1.0,2,78744.0,30.15898778,-97.72457571,"In Charge Electrical Services, Llc",2020,2020,No
2020-09-17,2020-08-25,Building Permit,Residential,R- 329 Res Structures Other Than Bldg,New,Final,50000.0,16.0,20.0,9,78751.0,30.30978753,-97.7184354,Aquatic Ideas Llc,2020,2020,Yes
2020-09-11,2020-09-03,Mechanical Permit,Residential,Residential,Change Out,Final,,,,4,78753.0,,,,2020,2020,No
2020-09-04,2020-08-19,Building Permit,Commercial,C-1000 Commercial Remodel,Remodel,Expired,,0.0,0.0,10,78759.0,30.39586269,-97.75156249,Ericsson Inc. ***Main****,2020,2020,No
2020-09-24,2020-09-22,Electrical Permit,Residential,Residential,Auxiliary Power,Final,,1.0,1.0,8,78746.0,30.27803875,-97.78014993,Encor Solar Llc,2020,2020,No
2020-09-28,2020-09-09,Building Permit,Residential,R- 435 Renovations/Remodel,Repair,Final,2845.0,1.0,1.0,5,78745.0,30.21264936,-97.82688921,Home Depot Usa Inc,2020,2020,Yes
2020-09-01,2020-08-28,Electrical Permit,Residential,Residential,Repair,Final,,1.0,1.0,Unknown,78746.0,,,Conquest Electrical Contracting Llc,2020,2020,No
2020-08-27,2020-08-25,Mechanical Permit,Residential,Residential,Change Out,Final,,,,10,78703.0,30.29514121,-97.75041229,Efficient Air Conditioning Inc.,2020,2020,No
2020-09-14,2020-07-01,Building Permit,Residential,R- 329 Res Structures Other Than Bldg,New,Expired,0.0,0.0,0.0,3,78702.0,30.25289749,-97.72833968,Gravity 14,2020,2020,No
2020-08-28,2020-05-29,Driveway / Sidewalks,Residential,Res. Driveway & Sidewalk,New,Final,,,,6,78717.0,30.50417064,-97.74687075,Pulte Homes Of Texas L.P. Dba Pulte Group,2020,2020,No
2020-09-14,2020-09-11,Electrical Permit,Residential,Residential,Upgrade,Final,,1.0,1.0,10,78759.0,30.3710989,-97.74598314,Malco Electric,2020,2020,No
2020-09-23,2019-11-22,Electrical Permit,Commercial,C- 327 Stores & Customer Services,New,Final,,1.0,1.0,8,78737.0,,,Eldridge Electric Co,2020,2020,No
2020-09-17,2020-07-17,Building Permit,Residential,R- 434 Addition & Alterations,Addition and Remodel,Final,1.0,1.0,1.0,3,78702.0,30.25798394,-97.71826696,,2020,2020,Yes
2020-09-25,2019-05-10,Plumbing Permit,Residential,Residential,Irrigation,Final,,,,7,78757.0,,,,2020,2020,No
2020-09-14,2020-09-12,Electrical Permit,Residential,Residential,Repair,Final,,1.0,1.0,4,78752.0,30.33154144,-97.70035661,Mtz Electric,2020,2020,No
2020-09-10,2020-09-09,Electrical Permit,Residential,Residential,Repair,Final,,1.0,1.0,1,78653.0,,,"Austin Lanehart Electric Co., Inc.",2020,2020,No
2020-09-22,2020-07-16,Plumbing Permit,Residential,R- 101 Single Family Houses,New,Final,,1.0,2.0,3,78741.0,30.23220749,-97.69305266,Art G Plumbing,2020,2020,No
2020-09-02,2020-07-02,Building Permit,Residential,R- 645 Demolition One Family Homes,Demolition,Final,0.0,1.0,1.0,9,78751.0,30.31085894,-97.72607129,,2020,2020,No
2020-09-13,2020-06-12,Electrical Permit,Residential,R- 329 Res Structures Other Than Bldg,New,Final,,1.0,0.0,8,78739.0,30.17478957,-97.91193108,Economy Electric,2020,2020,No
2020-08-31,2020-08-29,Plumbing Permit,Residential,Residential,Change Out,Final,,,,7,78758.0,30.41237543,-97.70104912,,2020,2020,No
2020-09-04,2019-10-02,Electrical Permit,Residential,R- 101 Single Family Houses,New,Final,,1.0,2.0,1,78754.0,30.37312447,-97.6549304,Landmark Electric,2020,2020,No
2020-09-24,2020-07-17,Electrical Permit,Commercial,C-1000 Commercial Remodel,Remodel,Final,,1.0,1.0,8,78746.0,,,Charlie Morris Electrical Dial One Inc,2020,2020,No
2020-09-16,2020-08-14,Building Permit,Commercial,C-1000 Commercial Remodel,Remodel,Expired,,0.0,1.0,9,78701.0,30.26632707,-97.73903212,Ericsson Inc. ***Main****,2020,2020,No
2020-09-18,2020-09-17,Electrical Permit,Residential,Residential,Auxiliary Power,Final,,1.0,1.0,Unknown,78733.0,30.31380282,-97.89885068,"Tesla Energy Operations, Inc.",2020,2020,No
2020-09-10,2020-04-29,Electrical Permit,Residential,R- 101 Single Family Houses,New,Final,,1.0,2.0,1,78724.0,30.32055941,-97.65653854,"Austin Lanehart Electric Co., Inc.",2020,2020,No
2020-08-28,2020-08-28,Electrical Permit,Residential,Residential,Auxiliary Power,Final,,1.0,1.0,2,78744.0,30.15466225,-97.71854638,,2020,2020,No
2020-09-17,2020-08-02,Electrical Permit,Residential,R- 101 Single Family Houses,New,Final,,1.0,2.0,8,78652.0,30.17012599,-97.92012869,"In Charge Electrical Services, Llc",2020,2020,No
2020-09-17,2020-09-02,Electrical Permit,Residential,Residential,New,Final,,1.0,1.0,Unknown,78660.0,,,,2020,2020,No
2020-09-03,2020-02-26,Plumbing Permit,Commercial,C- 105 Five or More Family Bldgs,New,Final,,36.0,3.0,1,78724.0,,,J & D Vision Plumbing,2020,2020,No
2020-09-23,2020-06-02,Plumbing Permit,Commercial,"C- 437 Addn, Alter, Convn-NonRes",Addition and Remodel,Final,,1.0,1.0,7,78758.0,,,Angell Services Llc.,2020,2020,No
2020-09-29,2020-08-20,Building Permit,Residential,R- 101 Single Family Houses,New,Final,231030.0,1.0,1.0,1,78754.0,30.35048617,-97.60277578,Rsi Communities (Do Not Use),2020,2020,Yes
2020-08-27,2020-07-06,Electrical Permit,Residential,R- 101 Single Family Houses,New,Final,,1.0,1.0,2,78744.0,30.14753115,-97.71870447,"In Charge Electrical Services, Llc",2020,2020,No
2020-09-14,2019-02-01,Electrical Permit,Residential,R- 434 Addition & Alterations,Addition and Remodel,Final,,0.0,0.0,10,78703.0,,,,2020,2020,No
2020-08-28,2020-08-28,Electrical Permit,Residential,Residential,Auxiliary Power,Expired,,1.0,1.0,2,78747.0,30.14101258,-97.76472602,"Elevation Solar, Llc",2020,2020,No
2020-09-22,2020-08-27,Building Permit,Residential,R- 645 Demolition One Family Homes,Demolition,Final,5000.0,1.0,1.0,3,78741.0,30.23781333,-97.7313883,Southwest Destructors****Main***,2020,2020,Yes
2020-08-30,2020-03-26,Mechanical Permit,Residential,R- 434 Addition & Alterations,Addition and Remodel,Final,,1.0,0.0,10,78703.0,30.30199047,-97.76881249,Epic Mechanical Inc,2020,2020,No
2020-08-28,2020-07-01,Electrical Permit,Residential,R- 101 Single Family Houses,New,Final,,1.0,2.0,2,78744.0,30.15869636,-97.72323214,"In Charge Electrical Services, Llc",2020,2020,No
2020-09-30,2020-07-29,Mechanical Permit,Residential,R- 101 Single Family Houses,New,Final,,1.0,2.0,1,78653.0,,,Air Temp Solutions,2020,2020,No
2020-09-11,2020-08-17,Building Permit,Commercial,C-1001 Commercial Finish Out,Remodel,Final,,1.0,1.0,9,78701.0,30.26675694,-97.74451154,Rand Construction Corporation,2020,2020,No
2020-09-29,2020-03-13,Mechanical Permit,Residential,R- 101 Single Family Houses,New,Final,,1.0,2.0,1,78724.0,30.29460674,-97.64196253,,2020,2020,No
2020-09-28,2020-08-17,Building Permit,Residential,R- 101 Single Family Houses,New,Final,199070.0,1.0,2.0,1,78754.0,30.34902659,-97.6020433,Rsi Communities (Do Not Use),2020,2020,Yes
2020-08-27,2020-05-21,Building Permit,Residential,R- 329 Res Structures Other Than Bldg,New,Final,85000.0,1.0,0.0,10,78703.0,30.28190546,-97.75527273,Liquid Assets Custom Pools,2020,2020,Yes
2020-09-17,2020-04-01,Mechanical Permit,Commercial,C-1000 Commercial Remodel,Remodel,Final,,1.0,1.0,9,78705.0,30.28421533,-97.74474684,Coolbear Heating & Air,2020,2020,No
2020-09-25,2020-06-04,Driveway / Sidewalks,Residential,Res. Driveway & Sidewalk,New,Final,,,,1,78660.0,30.40003089,-97.61435625,D R Horton Homes,2020,2020,No
2020-09-25,2020-05-19,Electrical Permit,Residential,R- 102 Secondary Apartment,New,Final,,1.0,1.0,1,78721.0,,,Aei Electric Llc,2020,2020,No
2020-08-27,2020-08-17,Plumbing Permit,Residential,R- 101 Single Family Houses,New,Final,,1.0,1.0,5,78748.0,30.13103054,-97.81097684,,2020,2020,No
2020-09-28,2020-09-21,Electrical Permit,Residential,Residential,Upgrade,Final,,1.0,1.0,5,78747.0,30.13757821,-97.79272888,Chargestore Llc,2020,2020,No
2020-09-24,2020-09-18,Electrical Permit,Residential,Residential,Upgrade,Expired,,1.0,1.0,2,78745.0,30.20474205,-97.7857633,,2020,2020,No
2020-09-17,2020-09-16,Mechanical Permit,Residential,Residential,Change Out,Final,,,,7,78758.0,30.39289765,-97.69277042,"Stan'S Heating, Air, Plumbing, & Electrical",2020,2020,No
2020-09-02,2020-03-18,Electrical Permit,Residential,R- 101 Single Family Houses,New,Final,,1.0,2.0,3,78745.0,30.21942526,-97.77744927,Mcneely Electric Inc,2020,2020,No
2020-09-10,2019-12-04,Plumbing Permit,Commercial,"C- 437 Addn, Alter, Convn-NonRes",Addition and Remodel,Final,,2.0,1.0,4,78753.0,30.35444794,-97.68546322,Premier Plumbing Services,2020,2020,No
2020-09-18,2020-06-26,Electrical Permit,Residential,R- 101 Single Family Houses,New,Final,,1.0,2.0,1,78660.0,30.40094665,-97.61473974,Landmark Electric,2020,2020,No
2020-09-17,2020-08-03,Electrical Permit,Residential,R- 101 Single Family Houses,New,Final,,1.0,2.0,7,78660.0,30.44113082,-97.6613886,,2020,2020,No
2020-08-27,2020-08-26,Mechanical Permit,Residential,Residential,Change Out,Expired,,,,3,78741.0,30.2312631,-97.71457206,,2020,2020,No
2020-09-18,2020-04-01,Electrical Permit,Commercial,C-1001 Commercial Finish Out,Remodel,Final,,1.0,1.0,6,78717.0,,,Alterman Inc,2020,2020,No
2020-09-14,2020-09-14,Electrical Permit,Residential,Residential,Upgrade,Final,,1.0,1.0,7,78757.0,30.35194637,-97.74548206,"Rpe Enterprises, Llc",2020,2020,No
2020-09-17,2020-06-26,Electrical Permit,Residential,R- 434 Addition & Alterations,Addition and Remodel,Final,,0.0,0.0,8,78746.0,,,,2020,2020,No
2020-08-28,2020-08-28,Building Permit,Commercial,C-1000 Commercial Remodel,Interior Demo Non-Structural,Final,0.0,2.0,1.0,10,78759.0,30.3997491,-97.74679117,Southwest Destructors****Main***,2020,2020,No
2020-09-02,2020-08-31,Electrical Permit,Residential,Residential,Repair,Final,,1.0,1.0,2,78747.0,,,"Ies Residential, Inc.",2020,2020,No
2020-09-29,2020-07-27,Building Permit,Commercial,C-1000 Commercial Remodel,Remodel,Final,,1.0,1.0,6,78750.0,,,"Asc Management, Inc.",2020,2020,No
2020-09-24,2020-04-02,Mechanical Permit,Residential,R- 101 Single Family Houses,New,Final,,1.0,2.0,2,78744.0,30.153985,-97.71622591,,2020,2020,No
2020-09-16,2020-09-16,Electrical Permit,Residential,Residential,New,Final,,1.0,1.0,Unknown,78724.0,,,"Ies Residential, Inc.",2020,2020,No
2020-09-18,2020-09-17,Electrical Permit,Residential,Residential,Auxiliary Power,Final,,1.0,1.0,2,78747.0,30.13869859,-97.76180044,Cam Solar Inc.,2020,2020,No
2020-09-01,2020-03-25,Electrical Permit,Residential,R- 434 Addition & Alterations,Addition and Remodel,Final,,1.0,1.0,1,78723.0,,,"Leonard'S Electric, Llc",2020,2020,No
2020-09-13,2020-07-09,Plumbing Permit,Residential,R- 101 Single Family Houses,New,Final,,1.0,2.0,10,78731.0,30.3520746,-97.77049361,A Plus Pcs Plumbing Co,2020,2020,No
2020-09-04,2019-08-23,Electrical Permit,Residential,R- 330  Accessory Use to Primary,New,Final,,1.0,1.0,3,78704.0,30.24595644,-97.75502556,Dynamic Electrical Service,2020,2020,No
2020-09-25,2020-09-21,Plumbing Permit,Residential,Residential,Repair,Final,,1.0,1.0,8,78746.0,30.26172088,-97.80273408,,2020,2020,No
2020-09-29,2020-09-28,Mechanical Permit,Residential,Residential,Change Out,Expired,,,,8,78745.0,30.2042628,-97.83514306,Ideal Aircare,2020,2020,No
2020-09-16,2020-09-08,Electrical Permit,Commercial,Commercial,Repair,Expired,,1.0,1.0,9,78703.0,30.27597654,-97.76435115,A & G Electric,2020,2020,No
2020-09-02,2020-08-20,Electrical Permit,Residential,Residential,Upgrade,Final,,1.0,1.0,9,78705.0,30.29353449,-97.72674846,Wiremen Electric,2020,2020,No
2020-09-01,2020-09-01,Plumbing Permit,Residential,Residential,Change Out,Expired,,,,7,78757.0,30.33871512,-97.73816672,,2020,2020,No
2020-08-27,2020-08-21,Mechanical Permit,Residential,Residential,Repair,Final,,0.0,0.0,1,78724.0,30.29222184,-97.65192067,"Air Pro, Inc.",2020,2020,No
2020-09-01,2020-06-11,Mechanical Permit,Residential,R- 101 Single Family Houses,New,Final,,1.0,1.0,2,78744.0,30.14786495,-97.71861949,Christianson Plumbing & Air Co,2020,2020,No
2020-09-29,2018-09-13,Mechanical Permit,Commercial,C-1001 Commercial Finish Out,Remodel,Final,,29.0,1.0,1,78702.0,30.2711754,-97.73181677,City Wide Mechanical Inc.,2020,2020,No
2020-09-25,2020-09-24,Plumbing Permit,Residential,Residential,Repair,Final,,1.0,1.0,4,78758.0,30.36987512,-97.70580607,Palencia Plumbing Llc,2020,2020,No
2020-09-30,2020-02-21,Mechanical Permit,Residential,R- 101 Single Family Houses,New,Final,,1.0,2.0,9,78723.0,30.29823312,-97.69748087,,2020,2020,No
2020-09-04,2019-10-22,Plumbing Permit,Residential,Residential,Repair,Final,,1.0,2.0,10,78703.0,30.30965443,-97.77274232,Empower Plumbing Services,2020,2020,No
2020-09-28,2020-07-31,Plumbing Permit,Residential,R- 101 Single Family Houses,New,Final,,1.0,1.0,2,78744.0,30.14835805,-97.71852387,,2020,2020,No
2020-09-08,2020-08-20,Driveway / Sidewalks,Residential,Res. Driveway & Sidewalk,New,Final,,,,7,78660.0,30.43733022,-97.6519144,Blackburn Communities,2020,2020,No
2020-09-10,2020-07-16,Electrical Permit,Commercial,C-1000 Commercial Remodel,Remodel,Final,,1.0,1.0,7,78758.0,30.40271452,-97.7230509,Westar Electric Company,2020,2020,No
2020-09-17,2020-09-15,Building Permit,Residential,R- 101 Single Family Houses,New,Final,290000.0,1.0,2.0,7,78660.0,30.43649971,-97.65126142,Blackburn Communities,2020,2020,Yes
2020-09-21,2020-09-09,Electrical Permit,Residential,Residential,Repair,Final,,1.0,1.0,Unknown,78733.0,30.3452908,-97.86062908,Dawn To Dusk Solar Texas,2020,2020,No
2020-09-23,2020-05-18,Mechanical Permit,Commercial,C-1000 Commercial Remodel,Remodel,Final,,1.0,4.0,10,78759.0,30.3746124,-97.73869472,Pro-Air Engineering Inc,2020,2020,No
2020-08-28,2020-06-30,Mechanical Permit,Residential,R- 101 Single Family Houses,New,Final,,1.0,2.0,2,78744.0,30.15867049,-97.72371708,,2020,2020,No
2020-09-03,2020-03-13,Building Permit,Residential,R- 434 Addition & Alterations,Addition and Remodel,Final,600000.0,1.0,1.0,7,78756.0,30.33241695,-97.73776542,Camelot Custom Homes Inc,2020,2020,Yes
2020-09-23,2020-09-22,Plumbing Permit,Residential,Residential,Repair,Expired,,1.0,1.0,10,78759.0,30.40680256,-97.75246894,"Clarke Kent Plumbing, Inc.",2020,2020,No
2020-09-17,2020-09-15,Plumbing Permit,Residential,Residential,Repair,Final,,1.0,1.0,9,78703.0,30.28135621,-97.75969223,,2020,2020,No
2020-09-14,2020-09-14,Electrical Permit,Residential,Residential,New,Final,,1.0,1.0,Unknown,78617.0,30.16426975,-97.63430829,"Austin Lanehart Electric Co., Inc.",2020,2020,No
2020-09-29,2018-09-13,Mechanical Permit,Commercial,C-1001 Commercial Finish Out,Remodel,Final,,29.0,1.0,1,78702.0,30.2711754,-97.73181677,City Wide Mechanical Inc.,2020,2020,No
2020-09-04,2020-09-03,Building Permit,Residential,R- 435 Renovations/Remodel,Repair,Expired,15460.0,1.0,1.0,Unknown,78729.0,30.44531834,-97.75218973,21St Century Painting & Roofing *Main*,2020,2020,Yes
2020-09-18,2019-09-12,Driveway / Sidewalks,Residential,"Res. Driveway, Sidewalk, Curb, Gutter",New,Final,,,,3,78702.0,30.2570646,-97.72092778,Hammett Construction Company Llc,2020,2020,No
2020-09-16,2020-06-12,Electrical Permit,Commercial,C- 104 Three & Four Family Bldgs,New,Final,,4.0,3.0,10,78731.0,30.31443313,-97.75182962,Bolder Electric Solutions,2020,2020,No
2020-09-14,2020-09-08,Electrical Permit,Residential,Residential,Upgrade,Final,,1.0,1.0,8,78746.0,30.26732138,-97.80138643,A & G Electric,2020,2020,No
2020-09-18,2020-09-14,Building Permit,Residential,R- 101 Single Family Houses,New,Final,186175.0,1.0,2.0,1,78653.0,,,Brohn Homes,2020,2020,Yes
2020-09-09,2020-09-04,Electrical Permit,Residential,Residential,Repair,Expired,,1.0,1.0,1,78724.0,30.32083624,-97.65649282,"Austin Lanehart Electric Co., Inc.",2020,2020,No
2020-08-31,2020-08-27,Plumbing Permit,Residential,Residential,Change Out,Final,,,,5,78745.0,30.19525864,-97.83459069,Touchstone Plumbing Inc.,2020,2020,No
2020-09-18,2020-06-29,Plumbing Permit,Residential,Residential,Repair,Final,,1.0,2.0,10,78703.0,30.28698457,-97.76756957,,2020,2020,No
2020-09-29,2020-04-06,Mechanical Permit,Residential,R- 101 Single Family Houses,New,Final,,1.0,2.0,2,78744.0,30.15429396,-97.71600234,,2020,2020,No
2020-09-14,2020-04-01,Building Permit,Residential,R- 434 Addition & Alterations,Addition and Remodel,Final,1.0,1.0,1.0,9,78751.0,30.318491,-97.72092908,"Perry & Associates Consulting, Llc",2020,2020,Yes
2020-09-18,2019-06-11,Mechanical Permit,Commercial,C- 105 Five or More Family Bldgs,New,Final,,22.0,3.0,1,78754.0,30.38480118,-97.64920025,Encore Mechanical,2020,2020,No
2020-09-17,2020-07-10,Plumbing Permit,Residential,Residential,Repair,Expired,,1.0,1.0,4,78723.0,30.31090058,-97.69343552,Trio Plumbing Solutions,2020,2020,No
2020-09-16,2020-08-10,Driveway / Sidewalks,Residential,Res. Driveway,Repair,Expired,,,,9,78722.0,,,,2020,2020,No
2020-09-01,2020-05-13,Driveway / Sidewalks,Residential,Res. Driveway & Sidewalk,New,Final,,,,1,78653.0,,,Brohn Homes,2020,2020,No
2020-09-10,2020-02-12,Driveway / Sidewalks,Residential,Res. Driveway & Sidewalk,New,Final,,,,2,78744.0,30.20218555,-97.6930974,Lennar Homes Of Texas***Main***,2020,2020,No
2020-09-17,2020-08-31,Driveway / Sidewalks,Residential,Res. Driveway & Sidewalk,New,Final,,,,7,78660.0,30.4374072,-97.65349299,Blackburn Communities,2020,2020,No
2020-09-01,2020-06-05,Plumbing Permit,Residential,R- 434 Addition & Alterations,Addition and Remodel,Final,,1.0,1.0,1,78702.0,30.26604496,-97.70950957,Practical Plumbing,2020,2020,No
2020-09-21,2020-02-28,Building Permit,Commercial,C- 329 Com Structures Other Than Bldg,New,Final,35000000.0,1.0,1.0,6,78717.0,,,Oht Construction Llc ***Main***,2020,2020,Yes
2020-09-17,2020-09-15,Plumbing Permit,Residential,Residential,Repair,Final,,1.0,1.0,8,78749.0,30.21009414,-97.85627783,,2020,2020,No
2020-09-15,2020-09-14,Electrical Permit,Commercial,Commercial,Repair,Final,,1.0,1.0,3,78741.0,30.23358855,-97.72718179,,2020,2020,No
2020-08-31,2020-08-28,Electrical Permit,Residential,Residential,Upgrade,Final,,1.0,1.0,10,78759.0,30.38262712,-97.74728533,Brightside Electrical Llc,2020,2020,No
2020-09-25,2020-09-18,Plumbing Permit,Residential,R- 101 Single Family Houses,New,Final,,1.0,2.0,2,78747.0,,,Victory Plumbing Company,2020,2020,No
2020-09-15,2020-08-04,Plumbing Permit,Residential,Residential,Repair,Final,,0.0,0.0,1,78724.0,30.28606444,-97.63871145,"La Casita Plumbing, Llc",2020,2020,No
2020-09-16,2020-09-14,Mechanical Permit,Residential,Residential,Change Out,Expired,,,,4,78757.0,30.35565153,-97.72121972,"Sa&H Western Holdings, Llc",2020,2020,No
2020-08-31,2020-08-28,Electrical Permit,Residential,Residential,Auxiliary Power,Final,,1.0,1.0,8,78736.0,30.23759508,-97.8966256,,2020,2020,No
2020-09-10,2020-08-13,Building Permit,Residential,R- 101 Single Family Houses,New,Final,130760.0,1.0,2.0,7,78753.0,30.40759549,-97.64599531,"Century Land Holdings Ii, Llc",2020,2020,Yes
2020-09-17,2020-07-30,Driveway / Sidewalks,Commercial,Com. Sidewalk,Modification,Expired,,,,Unknown,,,,,2020,2020,No
2020-09-04,2020-07-08,Building Permit,Commercial,C-1000 Commercial Remodel,Remodel,Final,,1.0,1.0,7,78758.0,30.40264438,-97.71947053,Timberwolff Construction Inc.,2020,2020,No
2020-09-24,2020-08-12,Electrical Permit,Residential,R- 329 Res Structures Other Than Bldg,New,Final,,1.0,1.0,7,78727.0,30.42624254,-97.71542197,D.A.S Electric,2020,2020,No
2020-08-28,2020-08-27,Plumbing Permit,Residential,Residential,Irrigation,Final,,,,Unknown,78725.0,30.21743531,-97.6314704,,2020,2020,No
2020-09-03,2020-02-03,Plumbing Permit,Commercial,C- 105 Five or More Family Bldgs,New,Final,,30.0,3.0,1,78723.0,,,6B Plumbing,2020,2020,No
2020-09-22,2020-07-24,Building Permit,Residential,R- 434 Addition & Alterations,Addition and Remodel,Final,1.0,1.0,1.0,3,78704.0,30.23414827,-97.75237928,,2020,2020,Yes
2020-09-21,2020-09-16,Mechanical Permit,Residential,Residential,Change Out,Expired,,,,10,78703.0,30.29711254,-97.77189603,,2020,2020,No
2020-09-25,2020-06-24,Driveway / Sidewalks,Residential,Res. Driveway & Sidewalk,New,Final,,,,1,78660.0,30.40219262,-97.61396212,D R Horton Homes,2020,2020,No
2020-09-29,2020-06-12,Building Permit,Residential,R-2001 Relocation Residential,Relocation,Final,0.0,1.0,1.0,7,78757.0,30.33693662,-97.73373424,Brown & Sons House Movers,2020,2020,No
2020-09-08,2020-09-02,Electrical Permit,Residential,Residential,Auxiliary Power,Expired,,1.0,1.0,4,78753.0,30.3557245,-97.67803238,Green Light Solar Llc,2020,2020,No
2020-09-16,2020-09-04,Plumbing Permit,Residential,Residential,Repair,Final,,0.0,1.0,5,78745.0,30.21296094,-97.8095658,The Veach Company,2020,2020,No
2020-09-14,2020-09-11,Plumbing Permit,Residential,Residential,Change Out,Final,,,,5,78748.0,30.16029651,-97.82583204,,2020,2020,No
2020-09-10,2020-09-10,Electrical Permit,Commercial,Commercial,Repair,Final,,1.0,1.0,3,78741.0,30.22813316,-97.73116767,Supernova Electric,2020,2020,No
2020-09-30,2020-03-23,Building Permit,Residential,R- 329 Res Structures Other Than Bldg,New,Final,1.0,1.0,0.0,10,78731.0,30.33788857,-97.76253444,Five Star Pool Excavation,2020,2020,Yes
2020-09-22,2020-08-06,Mechanical Permit,Residential,R- 435 Renovations/Remodel,Repair,Final,,1.0,1.0,4,78758.0,30.36570152,-97.71138788,Logan'S A/C And Heating,2020,2020,No
2020-09-02,2020-03-20,Electrical Permit,Residential,R- 330  Accessory Use to Primary,New,Final,,1.0,1.0,8,78746.0,30.2828216,-97.78651032,American Electric,2020,2020,No
2020-09-11,2020-06-11,Mechanical Permit,Residential,R- 101 Single Family Houses,New,Final,,1.0,2.0,8,78735.0,,,,2020,2020,No
2020-09-10,2020-05-06,Building Permit,Residential,R- 434 Addition & Alterations,Addition and Remodel,Final,125000.0,1.0,2.0,9,78703.0,30.27777089,-97.75249951,Quick Residential Solutions(Main),2020,2020,Yes
2020-09-15,2020-09-14,Plumbing Permit,Residential,Residential,Change Out,Final,,,,8,78746.0,30.32437581,-97.80455597,,2020,2020,No
2020-09-11,2020-09-01,Plumbing Permit,Residential,R- 434 Addition & Alterations,Addition and Remodel,Final,,1.0,0.0,3,78741.0,30.23372882,-97.70041968,Hm Plumbing Llc,2020,2020,No
2020-09-25,2020-09-02,Electrical Permit,Commercial,C-1000 Commercial Remodel,Remodel,Final,,0.0,16.0,9,78703.0,30.27061687,-97.75206971,Carroll Electric Llc,2020,2020,No
2020-09-25,2020-07-29,Electrical Permit,Residential,R- 101 Single Family Houses,New,Final,,1.0,2.0,1,78653.0,,,,2020,2020,No
2020-09-02,2019-08-07,Mechanical Permit,Commercial,C- 328 Commercial Other Nonresident Bldg,New,Final,,1.0,1.0,6,78717.0,,,A-1 Air Conditioning,2020,2020,No
2020-09-23,2020-09-21,Electrical Permit,Residential,Residential,Upgrade,Final,,1.0,1.0,5,78745.0,30.22298518,-97.79215137,Amped Electrical Services,2020,2020,No
2020-08-28,2020-08-20,Electrical Permit,Commercial,Commercial,Repair,Final,,1.0,1.0,4,78753.0,30.35493014,-97.69377811,"Texstar Enterprises, Inc",2020,2020,No
2020-08-31,2020-02-26,Electrical Permit,Commercial,C- 105 Five or More Family Bldgs,New,Final,,36.0,3.0,1,78724.0,,,"Msf Electric, Inc.",2020,2020,No
2020-08-28,2020-01-28,Plumbing Permit,Commercial,C-1000 Commercial Remodel,Remodel,Final,,0.0,1.0,5,78745.0,30.22932841,-97.80150829,Camla Management & Construction Llc,2020,2020,No
2020-09-18,2020-09-16,Electrical Permit,Residential,Residential,Special Inspections Program,Final,,,,2,78744.0,30.18313421,-97.75928826,Texas Electrical Services,2020,2020,No
2020-08-28,2020-08-27,Plumbing Permit,Residential,Residential,Irrigation,Final,,,,1,78660.0,30.39259697,-97.61347131,,2020,2020,No
2020-09-14,2020-06-04,Electrical Permit,Residential,R- 329 Res Structures Other Than Bldg,New,Final,,1.0,0.0,8,78739.0,30.19078189,-97.87082325,Arrow Electrical Services,2020,2020,No
2020-09-29,2020-09-15,Building Permit,Residential,R- 435 Renovations/Remodel,Repair,Final,451.0,1.0,1.0,3,78745.0,30.21685112,-97.7861533,"Trinity Exterior Group, Lp *Main*",2020,2020,Yes
2020-09-18,2020-07-28,Building Permit,Residential,R- 434 Addition & Alterations,Addition and Remodel,Final,10820.0,1.0,1.0,4,78723.0,30.3060898,-97.69555459,Adams Company Llc,2020,2020,Yes
2020-09-22,2020-09-16,Plumbing Permit,Residential,Residential,Repair,Expired,,1.0,1.0,6,78717.0,30.49504871,-97.76845193,,2020,2020,No
2020-09-25,2020-01-31,Plumbing Permit,Residential,R- 434 Addition & Alterations,Addition and Remodel,Final,,2.0,1.0,2,78744.0,30.1805157,-97.75667988,J David Ibarra Plumbing,2020,2020,No
2020-09-10,2020-07-31,Mechanical Permit,Commercial,C-1000 Commercial Remodel,Remodel,Final,,1.0,1.0,9,78701.0,,,D3 Mechanical Llc,2020,2020,No
2020-09-25,2020-09-24,Plumbing Permit,Residential,Residential,Repair,Final,,1.0,1.0,7,78727.0,,,Service Wizard,2020,2020,No
2020-09-18,2020-05-28,Mechanical Permit,Residential,R- 101 Single Family Houses,New,Final,,1.0,2.0,5,78748.0,30.1625737,-97.82022153,,2020,2020,No
2020-09-21,2020-09-17,Electrical Permit,Residential,Residential,Upgrade,Final,,1.0,1.0,10,78703.0,30.30605021,-97.75183515,Ac Electric,2020,2020,No
2020-09-15,2020-09-10,Plumbing Permit,Residential,Residential,Repair,Final,,0.0,1.0,9,78723.0,30.29094579,-97.70624334,Plumb Masters Llc,2020,2020,No
2020-09-23,2019-09-23,Building Permit,Residential,R- 103 Two Family Bldgs,New,Final,0.0,2.0,2.0,7,78758.0,30.40800095,-97.69188075,Rg Tate & Associates***Main***,2020,2020,No
2020-09-22,2018-04-02,Building Permit,Residential,R- 434 Addition & Alterations,Addition and Remodel,Active,100000.0,1.0,1.0,9,78722.0,30.28725366,-97.72058292,"Manager, 3006Laf Llc",2020,2020,Yes
2020-09-18,2020-07-29,Building Permit,Residential,R- 645 Demolition One Family Homes,Demolition,Final,0.0,1.0,1.0,9,78704.0,30.25092309,-97.74232566,Urban Atx Development Llc,2020,2020,No
2020-08-31,2020-07-01,Plumbing Permit,Residential,R- 101 Single Family Houses,New,Final,,1.0,1.0,1,78660.0,30.40251204,-97.61436877,Christianson Plumbing,2020,2020,No
2020-09-29,2020-07-10,Driveway / Sidewalks,Residential,Res. Driveway & Sidewalk,New,Final,,,,1,78660.0,30.3984238,-97.61340846,D R Horton Homes,2020,2020,No
2020-08-27,2018-09-13,Electrical Permit,Commercial,C-1001 Commercial Finish Out,Remodel,Final,,1.0,1.0,1,78702.0,30.2711754,-97.73181677,Titus Electrical Contracting,2020,2020,No
2020-09-03,2020-07-08,Building Permit,Residential,R- 434 Addition & Alterations,Addition and Remodel,Final,42000.0,1.0,1.0,7,78727.0,30.42953087,-97.71307605,Rojas Acquisitions Llc,2020,2020,Yes
2020-09-14,2020-07-17,Plumbing Permit,Residential,R- 101 Single Family Houses,New,Final,,1.0,2.0,8,78735.0,,,,2020,2020,No
2020-09-11,2020-09-10,Plumbing Permit,Residential,Residential,Repair,Final,,0.0,0.0,8,78749.0,30.22245101,-97.85826647,Service Wizard,2020,2020,No
2020-08-28,2020-03-06,Electrical Permit,Residential,Residential,Repair,Final,,1.0,1.0,6,78729.0,30.4494623,-97.7695796,Jfig Electric Service Llc,2020,2020,No
2020-09-22,2020-08-20,Electrical Permit,Residential,R- 102 Secondary Apartment,New,Final,,1.0,2.0,3,78741.0,30.21981579,-97.69619099,Aei Electric Llc,2020,2020,No
2020-09-29,2020-02-12,Building Permit,Commercial,C- 329 Com Structures Other Than Bldg,New,Final,25000000.0,1.0,1.0,1,78753.0,30.39691534,-97.67091403,"Embrey Builders, Llc",2020,2020,Yes
2020-09-28,2020-08-17,Plumbing Permit,Commercial,C-1000 Commercial Remodel,Remodel,Final,,1.0,1.0,7,78758.0,30.37729438,-97.7281292,Rbc,2020,2020,No
2020-09-30,2020-09-29,Plumbing Permit,Residential,Residential,Change Out,Expired,,,,8,78749.0,30.19851154,-97.8594845,,2020,2020,No
2020-09-28,2020-06-18,Plumbing Permit,Residential,R- 101 Single Family Houses,New,Final,,1.0,2.0,7,78756.0,30.32155957,-97.74175721,Plumbaholics,2020,2020,No
2020-09-30,2020-09-27,Building Permit,Residential,R- 101 Single Family Houses,New,Final,160655.0,1.0,2.0,1,78653.0,,,Brohn Homes,2020,2020,Yes
2020-09-22,2020-09-21,Plumbing Permit,Residential,Residential,Repair,Final,,0.0,1.0,1,78723.0,30.31645255,-97.67302953,The Veach Company,2020,2020,No
2020-09-01,2020-06-24,Plumbing Permit,Residential,R- 101 Single Family Houses,New,Final,,1.0,1.0,1,78660.0,30.40286894,-97.6135591,Christianson Plumbing,2020,2020,No
2020-09-02,2020-08-31,Electrical Permit,Residential,Residential,Repair,Expired,,1.0,1.0,2,78747.0,,,"In Charge Electrical Services, Llc",2020,2020,No
2020-09-16,2018-11-13,Electrical Permit,Commercial,C- 329 Com Structures Other Than Bldg,New,Final,,1.0,1.0,7,78660.0,,,"Phoenix Electric, Inc",2020,2020,No
2020-09-01,2020-05-01,Driveway / Sidewalks,Residential,"Res. Driveway, Sidewalk, Curb, Gutter",New,Final,,,,1,78653.0,,,Brohn Homes,2020,2020,No
2020-09-07,2019-07-25,Plumbing Permit,Residential,R- 102 Secondary Apartment,New,Final,,1.0,2.0,4,78752.0,30.32825662,-97.69696818,Palencia Plumbing Llc,2020,2020,No
2020-09-24,2020-01-24,Building Permit,Residential,R- 435 Renovations/Remodel,Repair,Final,11927.0,1.0,1.0,5,78747.0,30.13940602,-97.78023574,Renewal By Andersen,2020,2020,Yes
2020-09-29,2020-02-12,Building Permit,Commercial,C- 105 Five or More Family Bldgs,New,Final,25000000.0,36.0,4.0,1,78753.0,30.39691534,-97.67091403,"Embrey Builders, Llc",2020,2020,Yes
2020-09-03,2020-06-24,Building Permit,Residential,R- 434 Addition & Alterations,Addition and Remodel,Final,10000.0,1.0,1.0,7,78727.0,30.42033314,-97.72845435,Fix It By Design,2020,2020,Yes
2020-09-18,2020-09-14,Electrical Permit,Residential,Residential,Repair,Final,,0.0,0.0,2,78617.0,30.17140347,-97.62229882,Allen Bebee Electric,2020,2020,No
2020-09-15,2020-02-04,Plumbing Permit,Residential,R- 102 Secondary Apartment,New,Final,,1.0,2.0,1,78721.0,,,Icon Technology Inc,2020,2020,No
2020-08-28,2020-01-28,Plumbing Permit,Commercial,C- 104 Three & Four Family Bldgs,New,Final,,3.0,2.0,6,78717.0,30.4809672,-97.80172818,Mechanical Systems,2020,2020,No
2020-09-21,2020-09-18,Plumbing Permit,Residential,Residential,Irrigation,Final,,,,Unknown,78660.0,30.40773297,-97.62428055,,2020,2020,No
2020-09-15,2020-07-17,Building Permit,Residential,R- 434 Addition & Alterations,Addition and Remodel,Final,100000.0,1.0,1.0,7,78756.0,30.32479243,-97.73447993,Gradek Contracting And Design,2020,2020,Yes
2020-09-10,2020-09-08,Plumbing Permit,Residential,Residential,Repair,Expired,,1.0,0.0,Unknown,78729.0,30.45544315,-97.77696982,Liberty Hill Plumbing,2020,2020,No
2020-09-25,2020-03-18,Mechanical Permit,Commercial,Commercial,Repair,Final,,1.0,1.0,7,78758.0,30.40492223,-97.71828234,Boyd Refrigeration Llc,2020,2020,No
2020-09-01,2020-07-15,Building Permit,Residential,R- 329 Res Structures Other Than Bldg,New,Final,50000.0,1.0,1.0,7,78757.0,30.33600639,-97.73696177,Texas Pools & Patios***Main***,2020,2020,Yes
2020-09-29,2020-07-31,Mechanical Permit,Residential,R- 101 Single Family Houses,New,Final,,1.0,1.0,2,78744.0,30.14835805,-97.71852387,Christianson Plumbing & Air Co,2020,2020,No
2020-08-31,2020-06-30,Mechanical Permit,Residential,R- 101 Single Family Houses,New,Final,,1.0,2.0,2,78744.0,30.15869816,-97.72399485,,2020,2020,No
2020-09-15,2020-08-06,Building Permit,Residential,R- 329 Res Structures Other Than Bldg,New,Final,60000.0,1.0,1.0,8,78739.0,30.17128878,-97.91252523,Texas Pools & Patios***Main***,2020,2020,Yes
2020-09-04,2019-10-02,Electrical Permit,Residential,R- 101 Single Family Houses,New,Final,,1.0,2.0,1,78754.0,30.37299312,-97.65522587,Landmark Electric,2020,2020,No
2020-09-28,2020-08-12,Mechanical Permit,Residential,Residential,Change Out,Final,,,,8,78749.0,30.1984458,-97.85878647,Central Services,2020,2020,No
2020-09-03,2020-08-19,Building Permit,Commercial,C-1000 Commercial Remodel,Remodel,Expired,,1.0,1.0,10,78730.0,30.35531095,-97.79646035,Glotel Inc,2020,2020,No
2020-09-14,2020-08-26,Building Permit,Residential,R- 434 Addition & Alterations,Addition and Remodel,Final,1.0,2.0,1.0,9,78704.0,30.23880974,-97.7416022,Austin Mai Construction Llc,2020,2020,Yes
2020-09-25,2020-07-06,Plumbing Permit,Residential,R- 329 Res Structures Other Than Bldg,New,Final,,1.0,0.0,3,78702.0,,,Xenon'S & More Plumbing,2020,2020,No
2020-09-30,2020-06-11,Electrical Permit,Residential,R- 101 Single Family Houses,New,Final,,1.0,1.0,1,78660.0,30.40120816,-97.61293328,Landmark Electric,2020,2020,No
2020-09-28,2020-09-01,Electrical Permit,Residential,Residential,Auxiliary Power,Final,,1.0,1.0,8,78735.0,30.24432504,-97.87503929,,2020,2020,No
2020-08-31,2020-08-03,Driveway / Sidewalks,Residential,Res. Driveway & Sidewalk,New,Final,,,,1,78724.0,30.30608637,-97.64705012,"Paradisa Homes, Llc***Main***",2020,2020,No
2020-09-08,2020-09-03,Plumbing Permit,Residential,Residential,Irrigation,Final,,,,Unknown,78660.0,30.40766159,-97.62545981,,2020,2020,No
2020-09-25,2020-09-24,Plumbing Permit,Residential,Residential,Repair,Final,,0.0,1.0,3,78702.0,30.26303021,-97.73445688,Capital City Plumbing And Drain,2020,2020,No
2020-09-21,2020-09-16,Electrical Permit,Residential,Residential,Repair,Final,,1.0,1.0,1,78653.0,30.29141567,-97.55075093,Bolder Electric Solutions,2020,2020,No
2020-09-01,2017-03-27,Electrical Permit,Commercial,C- 329 Com Structures Other Than Bldg,New,Final,,0.0,1.0,7,78758.0,30.39589706,-97.72511373,Navarro Electric Inc,2020,2020,No
2020-09-28,2020-08-11,Electrical Permit,Commercial,Commercial,Repair,Final,,1.0,1.0,7,78756.0,30.32794027,-97.72574603,"T. Morales Company, Llc",2020,2020,No
2020-08-31,2020-08-28,Mechanical Permit,Residential,Residential,Change Out,Final,,,,7,78756.0,30.31927813,-97.73285948,"Stan'S Heating, Air, Plumbing, & Electrical",2020,2020,No
2020-09-05,2020-07-06,Driveway / Sidewalks,Residential,Res. Driveway & Sidewalk,New,Final,,,,1,78653.0,,,Brohn Homes,2020,2020,No
2020-09-15,2020-09-09,Plumbing Permit,Residential,Residential,Change Out,Final,,,,7,78727.0,30.4278928,-97.68219501,,2020,2020,No
2020-09-02,2019-02-06,Electrical Permit,Residential,R- 434 Addition & Alterations,Addition and Remodel,Final,,1.0,3.0,3,78704.0,30.23499045,-97.75336402,Aei Electric Llc,2020,2020,No
2020-09-16,2020-09-15,Building Permit,Residential,R- 435 Renovations/Remodel,Repair,Final,6320.0,1.0,1.0,1,78753.0,30.38639613,-97.66408231,We Level It {Formally Centex House Leveling***Main****},2020,2020,Yes
2020-09-04,2020-02-26,Mechanical Permit,Residential,R- 101 Single Family Houses,New,Final,,1.0,3.0,3,78741.0,30.2252354,-97.74030688,,2020,2020,No
2020-09-11,2020-09-11,Electrical Permit,Residential,Residential,Auxiliary Power,Final,,1.0,1.0,Unknown,78744.0,30.16397059,-97.77165194,"Elevation Solar, Llc",2020,2020,No
2020-09-14,2019-12-18,Electrical Permit,Residential,R- 101 Single Family Houses,New,Final,,1.0,2.0,3,78704.0,,,Aei Electric Llc,2020,2020,No
2020-09-30,2020-09-28,Plumbing Permit,Residential,Residential,Irrigation,Final,,,,2,78747.0,30.13591016,-97.76414649,,2020,2020,No
2020-08-28,2020-08-28,Building Permit,Residential,R- 435 Renovations/Remodel,Repair,Final,2139.0,1.0,1.0,7,78756.0,30.32910528,-97.74115186,Home Depot Usa Inc,2020,2020,Yes
2020-09-28,2020-09-23,Electrical Permit,Residential,Residential,Auxiliary Power,Final,,1.0,1.0,8,78749.0,30.23129916,-97.86970783,Horus Partners,2020,2020,No
2020-09-29,2020-05-19,Plumbing Permit,Commercial,C-1000 Commercial Remodel,Remodel,Final,,1.0,1.0,7,78757.0,30.35958051,-97.73741184,,2020,2020,No
2020-09-24,2020-09-23,Electrical Permit,Residential,Residential,Repair,Final,,1.0,1.0,Unknown,78724.0,,,"Ies Residential, Inc.",2020,2020,No
2020-09-04,2015-09-15,Electrical Permit,Commercial,C-1000 Commercial Remodel,Remodel,Final,,1.0,3.0,9,78704.0,,,Avalon Electric,2020,2020,No
2020-08-31,2020-08-26,Building Permit,Residential,R- 101 Single Family Houses,New,Final,118250.0,1.0,1.0,1,78653.0,,,Brohn Homes,2020,2020,Yes
2020-09-17,2020-09-15,Plumbing Permit,Commercial,Commercial,Change Out,Final,,,,3,78741.0,30.23509316,-97.71545645,Vamvoras Plumbing,2020,2020,No
2020-08-28,2020-08-21,Plumbing Permit,Commercial,Commercial,Repair,Final,,,1.0,2,78744.0,,,Haegelin Wehmeyer Construction Ltd.,2020,2020,No
2020-09-29,2020-09-28,Electrical Permit,Residential,Residential,Auxiliary Power,Expired,,1.0,1.0,8,78739.0,30.18299538,-97.90651166,,2020,2020,No
2020-09-04,2020-06-12,Electrical Permit,Commercial,C-1001 Commercial Finish Out,Remodel,Final,,1.0,1.0,3,78702.0,,,Avalon Electric,2020,2020,No
2020-09-22,2019-10-04,Plumbing Permit,Residential,Residential,Irrigation,Final,,,,9,78704.0,,,,2020,2020,No
2020-09-14,2020-07-02,Electrical Permit,Residential,R- 101 Single Family Houses,New,Final,,1.0,1.0,2,78744.0,30.14817218,-97.71723458,"In Charge Electrical Services, Llc",2020,2020,No
2020-09-15,2020-09-09,Plumbing Permit,Commercial,Commercial,Change Out,Final,,,,9,78701.0,30.25737475,-97.73944057,,2020,2020,No
2020-09-15,2020-02-05,Electrical Permit,Residential,R- 102 Secondary Apartment,New,Final,,1.0,2.0,7,78757.0,30.33920196,-97.72962083,Aztec Electric Service,2020,2020,No
2020-09-10,2020-09-09,Mechanical Permit,Residential,Residential,Change Out,Final,,,,9,78751.0,30.31434243,-97.72411951,Service Wizard Llc,2020,2020,No
2020-09-29,2019-12-02,Building Permit,Residential,R- 645 Demolition One Family Homes,Demolition,Final,0.0,1.0,1.0,3,78704.0,,,"Austin Newcastle Homes, Lp",2020,2020,No
2020-09-11,2020-09-10,Plumbing Permit,Residential,Residential,Repair,VOID,,0.0,1.0,10,78731.0,30.36372173,-97.76895352,Service Wizard,2020,2020,No
2020-08-27,2020-06-11,Building Permit,Residential,R- 434 Addition & Alterations,Addition and Remodel,Final,1.0,1.0,2.0,9,78704.0,30.24443795,-97.73879974,Moiroce Gc Corporation,2020,2020,Yes
2020-09-02,2020-08-31,Plumbing Permit,Residential,Residential,Change Out,Final,,,,10,78703.0,30.30438219,-97.75600673,Texas Plumbing Services Llc Dba Good Flow Plumbing,2020,2020,No
2020-09-22,2020-07-09,Plumbing Permit,Residential,R- 101 Single Family Houses,New,Final,,1.0,2.0,2,78744.0,30.15459513,-97.71687717,Victory Plumbing Company,2020,2020,No
2020-09-28,2020-09-24,Building Permit,Residential,R- 101 Single Family Houses,New,Final,357125.0,1.0,2.0,2,78747.0,30.13486569,-97.76404135,"Pacesetter Homes, Llc",2020,2020,Yes
2020-08-28,2020-01-28,Electrical Permit,Commercial,C-1000 Commercial Remodel,Remodel,Final,,0.0,1.0,5,78745.0,30.22932841,-97.80150829,Camla Management & Construction Llc,2020,2020,No
2020-09-15,2020-09-14,Building Permit,Residential,R- 101 Single Family Houses,New,Final,204700.0,1.0,1.0,2,78747.0,30.13475429,-97.76383548,"Pacesetter Homes, Llc",2020,2020,Yes
2020-09-23,2020-09-23,Electrical Permit,Commercial,Sign Permit,Wall,Final,,,,6,78750.0,30.4476475,-97.7933978,,2020,2020,No
2020-09-03,2020-09-03,Electrical Permit,Residential,Residential,Auxiliary Power,Expired,,1.0,1.0,4,78752.0,30.33891429,-97.71414527,Green Light Solar Llc,2020,2020,No
2020-09-23,2020-09-10,Mechanical Permit,Residential,Residential,Change Out,Final,,,,9,78751.0,30.30527172,-97.72600986,Elite Heating And Air Conditioning Llc,2020,2020,No
2020-09-18,2020-02-12,Plumbing Permit,Residential,Residential,Irrigation,Final,,,,1,78724.0,30.30530023,-97.62693733,,2020,2020,No
2020-09-03,2020-09-01,Plumbing Permit,Residential,Residential,Repair,Final,,0.0,0.0,8,78748.0,30.14457378,-97.8552259,Christianson Plumbing,2020,2020,No
2020-09-08,2020-06-05,Plumbing Permit,Residential,R- 434 Addition & Alterations,Addition and Remodel,Final,,1.0,1.0,4,78757.0,30.35810168,-97.72755343,Living Water Plumbing,2020,2020,No
2020-09-21,2020-08-31,Building Permit,Commercial,C-1000 Commercial Remodel,Remodel,Expired,,1.0,1.0,9,78712.0,,,"Dynamic Systems, Inc.",2020,2020,No
2020-08-31,2020-08-28,Plumbing Permit,Residential,Residential,Irrigation,Final,,,,Unknown,78728.0,30.46291086,-97.679536,,2020,2020,No
2020-09-14,2020-09-09,Electrical Permit,Residential,Residential,Auxiliary Power,Final,,1.0,1.0,4,78753.0,30.36620287,-97.6881188,Green Light Solar Llc,2020,2020,No
2020-09-23,2020-09-23,Electrical Permit,Residential,Residential,Repair,Expired,,1.0,1.0,10,78750.0,30.38570145,-97.80005134,"Tesla Energy Operations, Inc.",2020,2020,No
2020-09-25,2020-09-15,Building Permit,Residential,R- 435 Renovations/Remodel,Repair,Final,6925.0,1.0,1.0,10,78731.0,30.37008402,-97.77325983,Energy One Windows Of Austin,2020,2020,Yes
2020-09-19,2020-04-21,Driveway / Sidewalks,Residential,Res. Driveway & Sidewalk,New,Final,,,,1,78660.0,30.39907217,-97.61324421,D R Horton Homes,2020,2020,No
2020-09-03,2019-12-06,Mechanical Permit,Commercial,"C- 437 Addn, Alter, Convn-NonRes",Addition and Remodel,Final,,1.0,1.0,4,78757.0,30.36273234,-97.71791339,Alitech Mechanical,2020,2020,No
2020-09-24,2020-09-24,Electrical Permit,Commercial,Sign Permit,Wall,Final,,,,6,78726.0,,,,2020,2020,No
2020-09-25,2019-12-19,Plumbing Permit,Residential,Residential,Irrigation,Final,,,,5,78748.0,30.16436363,-97.81921597,,2020,2020,No
2020-09-11,2020-09-10,Electrical Permit,Commercial,Commercial,Repair,Final,,1.0,1.0,7,78758.0,30.38113664,-97.73436671,Ats Electric Llc,2020,2020,No
2020-09-22,2020-08-27,Building Permit,Residential,R- 435 Renovations/Remodel,Repair,Final,1000.0,1.0,1.0,9,78704.0,30.24728889,-97.75208508,Chase Black Construction,2020,2020,Yes
2020-09-18,2020-09-15,Electrical Permit,Commercial,Commercial,Repair,Final,,1.0,1.0,10,78746.0,30.29023508,-97.78229297,Eldridge Electric Co,2020,2020,No
2020-09-14,2020-02-26,Plumbing Permit,Residential,R- 101 Single Family Houses,New,Final,,1.0,2.0,5,78704.0,,,Rw Webb Plumbing,2020,2020,No
2020-08-31,2020-01-03,Electrical Permit,Residential,R- 434 Addition & Alterations,Addition and Remodel,Final,,1.0,2.0,10,78703.0,30.3064983,-97.7745948,,2020,2020,No
2020-08-30,2020-08-26,Electrical Permit,Residential,Residential,Repair,Final,,1.0,1.0,4,78752.0,30.33772283,-97.7059176,Rapoza Electric Llc,2020,2020,No
2020-09-28,2020-07-10,Electrical Permit,Residential,R- 101 Single Family Houses,New,Final,,1.0,1.0,1,78660.0,30.40100857,-97.61558518,Landmark Electric,2020,2020,No
2020-09-15,2020-09-14,Plumbing Permit,Residential,Residential,Irrigation,Final,,,,1,78754.0,30.35212285,-97.60020186,,2020,2020,No
2020-09-02,2020-06-30,Electrical Permit,Commercial,C-1000 Commercial Remodel,Remodel,Final,,1.0,3.0,10,78746.0,30.34715945,-97.80037855,Neyland Electrical Services Llc,2020,2020,No
2020-09-04,2020-08-03,Mechanical Permit,Residential,Residential,Change Out,Final,,,,3,78741.0,30.23189132,-97.71193879,"Sa&H Western Holdings, Llc",2020,2020,No
2020-09-03,2020-07-21,Plumbing Permit,Commercial,Commercial,Repair,Final,,,0.0,8,78749.0,,,"Lmh Plumbing, Inc",2020,2020,No
2020-09-01,2020-03-13,Mechanical Permit,Commercial,C-1000 Commercial Remodel,Remodel,Final,,1.0,1.0,6,78717.0,30.47332505,-97.79564838,,2020,2020,No
2020-09-25,2020-04-29,Electrical Permit,Commercial,C-1000 Commercial Remodel,Remodel,Final,,1.0,1.0,8,78749.0,30.1889132,-97.8573527,Beckett Electrical Services,2020,2020,No
2020-09-18,2020-09-17,Plumbing Permit,Residential,Residential,Change Out,Final,,,,2,78748.0,30.17932072,-97.79017206,"Sa&H Western Holdings, Llc Dba Fox Service Co.",2020,2020,No
2020-09-29,2016-01-22,Plumbing Permit,Residential,R- 101 Single Family Houses,New,Final,,1.0,2.0,9,78703.0,30.27491976,-97.75664756,Greater Austin Plumbing,2020,2020,No
2020-08-31,2020-02-26,Electrical Permit,Commercial,C- 329 Com Structures Other Than Bldg,New,Final,,1.0,1.0,1,78724.0,,,"Msf Electric, Inc.",2020,2020,No
2020-08-31,2020-08-31,Electrical Permit,Residential,Residential,New,Final,,1.0,1.0,Unknown,78738.0,30.31882427,-97.96876662,"Austin Lanehart Electric Co., Inc.",2020,2020,No
2020-08-27,2020-08-26,Plumbing Permit,Residential,Residential,Repair,Final,,1.0,0.0,10,78731.0,30.36252689,-97.76518253,Michalek Plumbing,2020,2020,No
2020-08-27,2020-07-02,Electrical Permit,Residential,R- 101 Single Family Houses,New,Final,,1.0,1.0,2,78744.0,30.14765026,-97.71766959,"In Charge Electrical Services, Llc",2020,2020,No
2020-09-03,2020-08-26,Building Permit,Residential,R- 645 Demolition One Family Homes,Demolition,Final,0.0,1.0,1.0,10,78731.0,30.35726622,-97.76274739,Absolute Demolition Inc. Main***,2020,2020,No
2020-08-28,2020-08-25,Mechanical Permit,Commercial,Commercial,Change Out,Final,,,,6,78717.0,30.49889177,-97.77249122,Mccullough Heating & Air,2020,2020,No
2020-09-03,2020-09-03,Electrical Permit,Residential,Residential,Upgrade,Final,,1.0,1.0,6,78750.0,30.44327505,-97.79829663,Grayzer Electric Llc,2020,2020,No
2020-08-28,2020-06-03,Driveway / Sidewalks,Residential,Res. Driveway & Sidewalk,New,Final,,,,1,78653.0,,,Brohn Homes,2020,2020,No
2020-09-01,2020-07-13,Driveway / Sidewalks,Residential,Res. Driveway & Sidewalk,New,Final,,,,1,78653.0,,,Brohn Homes,2020,2020,No
2020-09-21,2020-09-18,Electrical Permit,Residential,Residential,Auxiliary Power,Final,,1.0,1.0,Unknown,78725.0,30.21674703,-97.63313328,Horus Partners,2020,2020,No
2020-09-23,2020-09-21,Plumbing Permit,Residential,Residential,Repair,Final,,1.0,1.0,3,78745.0,30.21823568,-97.77654969,Pure Plumbing Serv,2020,2020,No
2020-09-01,2019-09-06,Plumbing Permit,Commercial,C-1001 Commercial Finish Out,Remodel,Final,,1.0,12.0,9,78701.0,30.28009737,-97.74253445,Dynamic Systems Inc.,2020,2020,No
2020-09-28,2020-09-01,Building Permit,Commercial,C-1000 Commercial Remodel,Remodel,Final,,1.0,1.0,7,78758.0,30.39898811,-97.71995992,Flintco Llc,2020,2020,No
2020-09-21,2020-09-21,Plumbing Permit,Residential,Residential,New,Final,,1.0,1.0,Unknown,78652.0,30.1209806,-97.82073631,Christianson Plumbing,2020,2020,No
2020-09-15,2020-05-21,Building Permit,Residential,R- 101 Single Family Houses,New,Final,1000.0,1.0,1.0,2,78744.0,30.14761921,-97.71803436,Dream Finders Homes,2020,2020,Yes
2020-09-24,2020-09-22,Plumbing Permit,Commercial,Commercial,Repair,Final,,,0.0,10,78731.0,30.30766974,-97.74949371,Local Plumbing Service-Dba Crow'S Plumbing Service,2020,2020,No
2020-08-28,2020-08-27,Plumbing Permit,Residential,Residential,Irrigation,Final,,,,Unknown,78728.0,30.4639453,-97.67875186,,2020,2020,No
2020-09-16,2019-12-09,Driveway / Sidewalks,Residential,Res. Driveway & Sidewalk,New,Final,,,,1,78724.0,30.29386776,-97.64043328,Urban Intown Homes Llc,2020,2020,No
2020-09-03,2020-02-03,Plumbing Permit,Commercial,C- 328 Commercial Other Nonresident Bldg,New,Final,,1.0,1.0,1,78723.0,,,6B Plumbing,2020,2020,No
2020-09-28,2019-02-08,Building Permit,Residential,R- 330  Accessory Use to Primary,New,Final,270000.0,1.0,2.0,10,78703.0,30.30573788,-97.75517491,Koch Construction **Main,2020,2020,Yes
2020-08-27,2020-08-27,Plumbing Permit,Residential,Residential,New,Final,,1.0,1.0,Unknown,78725.0,30.21939803,-97.63102913,,2020,2020,No
2020-09-25,2020-07-31,Electrical Permit,Residential,Residential,Upgrade,Final,,1.0,1.0,6,78750.0,30.43794537,-97.78387734,Beltran Electric,2020,2020,No
2020-09-03,2020-08-10,Mechanical Permit,Residential,Residential,Change Out,Final,,,,3,78741.0,30.22966067,-97.70964921,Ideal Aircare,2020,2020,No
2020-09-03,2020-08-11,Building Permit,Residential,R- 101 Single Family Houses,New,Final,0.0,1.0,2.0,7,78660.0,30.44085355,-97.66154548,Masonwood Homes Llc,2020,2020,No
2020-09-16,2020-03-09,Electrical Permit,Residential,R- 434 Addition & Alterations,Addition and Remodel,Final,,1.0,1.0,2,78745.0,30.20935402,-97.79086967,5G Electrical Services,2020,2020,No
2020-09-16,2020-06-12,Electrical Permit,Commercial,C- 104 Three & Four Family Bldgs,New,Final,,4.0,3.0,10,78731.0,30.31454142,-97.75188061,Bolder Electric Solutions,2020,2020,No
2020-09-15,2020-09-09,Plumbing Permit,Residential,Residential,Change Out,Final,,,,4,78752.0,30.332104,-97.71479941,,2020,2020,No
2020-09-29,2020-05-08,Plumbing Permit,Residential,R- 102 Secondary Apartment,New,Final,,1.0,2.0,4,78752.0,30.33925133,-97.71273776,Austin Plumbing & Gas,2020,2020,No
2020-09-02,2020-05-14,Mechanical Permit,Residential,R- 101 Single Family Houses,New,Final,,1.0,2.0,1,78653.0,,,"Stan'S Heating, Air, Plumbing, & Electrical",2020,2020,No
2020-09-14,2020-09-08,Plumbing Permit,Residential,Residential,Change Out,Final,,,,5,78745.0,30.21865525,-97.80224091,G & M Plumbing,2020,2020,No
2020-09-25,2020-09-23,Plumbing Permit,Residential,Residential,Irrigation,Final,,,,1,78653.0,,,,2020,2020,No
2020-09-29,2020-08-25,Plumbing Permit,Commercial,C-1000 Commercial Remodel,Remodel,Final,,1.0,1.0,7,78758.0,,,Kilgore Industries,2020,2020,No
2020-09-15,2020-09-10,Electrical Permit,Residential,Residential,Auxiliary Power,Final,,1.0,1.0,Unknown,78733.0,30.30821035,-97.88679776,,2020,2020,No
2020-09-08,2020-09-04,Electrical Permit,Residential,Residential,Repair,Final,,1.0,1.0,2,78748.0,30.18496544,-97.79424662,A-One Electric,2020,2020,No
2020-09-22,2020-09-21,Electrical Permit,Residential,Residential,Upgrade,Final,,1.0,1.0,Unknown,78728.0,30.44168699,-97.67944752,Lightning Volts Electrical Service,2020,2020,No
2020-09-08,2020-05-13,Plumbing Permit,Commercial,"C- 324 Office, Bank & Professional Bldgs",New,Final,,1.0,1.0,1,78721.0,,,Coppera Plumbing & Commercial Services,2020,2020,No
2020-09-28,2020-04-02,Building Permit,Commercial,C-1000 Commercial Remodel,Remodel,Final,,1.0,1.0,9,78705.0,30.30100428,-97.74057224,Image General Contracting,2020,2020,No
2020-09-18,2020-09-17,Mechanical Permit,Residential,Residential,Change Out,Final,,,,4,78758.0,30.37603516,-97.69571591,Totally Cool,2020,2020,No
2020-09-18,2020-08-24,Plumbing Permit,Residential,R- 434 Addition & Alterations,Addition and Remodel,Final,,0.0,0.0,6,78750.0,30.42591839,-97.80599862,Palencia Plumbing Llc,2020,2020,No
2020-09-28,2020-06-11,Driveway / Sidewalks,Residential,Res. Driveway & Sidewalk,New,Final,,,,1,78660.0,30.40097496,-97.61360936,D R Horton Homes,2020,2020,No
2020-09-17,2020-08-24,Building Permit,Commercial,C- 329 Com Structures Other Than Bldg,New,Final,26272.0,2.0,1.0,3,78741.0,30.23213352,-97.69934509,Usa Shade & Fabric Structures Inc,2020,2020,Yes
2020-08-28,2020-08-11,Electrical Permit,Residential,R- 434 Addition & Alterations,Addition and Remodel,Final,,0.0,0.0,7,78757.0,30.35143677,-97.7435359,"Mighty Fortress Electric, Llc",2020,2020,No
2020-09-10,2020-09-10,Mechanical Permit,Residential,Residential,Change Out,Final,,,,8,78739.0,30.18366778,-97.88880193,Temperature Pro West Austin,2020,2020,No
2020-09-16,2020-03-05,Plumbing Permit,Commercial,C-1000 Commercial Remodel,Remodel,Final,,1.0,1.0,5,78745.0,30.2310247,-97.7973052,Gulf States Plumbing & Mech Inc,2020,2020,No
2020-09-02,2020-06-01,Building Permit,Residential,R- 438 Residential Garage/Carport Addn,New,Final,1.0,0.0,2.0,3,78702.0,30.25628422,-97.73313042,Hunter Wheeler Homes Inc **Main**,2020,2020,Yes
2020-08-28,2020-08-19,Mechanical Permit,Residential,R- 101 Single Family Houses,New,Final,,1.0,2.0,2,78744.0,30.14136334,-97.71687773,Ies Residential Inc,2020,2020,No
2020-09-25,2020-09-23,Plumbing Permit,Residential,Residential,Irrigation,Final,,,,2,78747.0,30.1379805,-97.76069306,,2020,2020,No
2020-09-01,2020-06-11,Plumbing Permit,Residential,R- 101 Single Family Houses,New,Final,,1.0,1.0,1,78660.0,30.40175504,-97.6130416,Christianson Plumbing,2020,2020,No
2020-09-30,2020-09-23,Plumbing Permit,Residential,Residential,Repair,Final,,0.0,1.0,3,78741.0,,,Abc Home & Commercial Service,2020,2020,No
2020-09-03,2020-05-13,Building Permit,Commercial,C- 329 Com Structures Other Than Bldg,New,Final,70000.0,1.0,1.0,9,78705.0,30.29078005,-97.72357434,"Monarch Pools, Inc",2020,2020,Yes
2020-09-03,2020-09-01,Electrical Permit,Residential,Residential,Repair,Final,,1.0,1.0,7,78660.0,30.43773165,-97.65309355,,2020,2020,No
2020-09-02,2020-09-01,Electrical Permit,Residential,Residential,New,Final,,1.0,1.0,Unknown,78724.0,30.31771486,-97.62286727,Allen Bebee Electric,2020,2020,No
2020-08-27,2020-06-25,Electrical Permit,Residential,Residential,Auxiliary Power,Final,,1.0,1.0,Unknown,78748.0,30.16849816,-97.83541554,,2020,2020,No
2020-09-28,2020-07-24,Mechanical Permit,Residential,R- 101 Single Family Houses,New,Final,,1.0,1.0,1,78653.0,,,Air Temp Solutions,2020,2020,No
2020-09-18,2019-10-14,Building Permit,Residential,R- 329 Res Structures Other Than Bldg,New,Final,0.0,1.0,1.0,10,78732.0,30.41814038,-97.88674629,,2020,2020,No
2020-09-15,2020-03-17,Electrical Permit,Commercial,C-1000 Commercial Remodel,Remodel,Final,,1.0,2.0,2,78744.0,,,Novo Construction **Main**,2020,2020,No
2020-09-01,2019-05-30,Driveway / Sidewalks,Residential,Res. Driveway,New,Final,,,,5,78704.0,30.25635027,-97.77920908,Joseph Design Build**Main***,2020,2020,No
2020-09-29,2020-09-15,Building Permit,Residential,R- 435 Renovations/Remodel,Repair,Final,10000.0,1.0,1.0,4,78758.0,30.37578145,-97.69608447,4L Construction,2020,2020,Yes
2020-09-08,2020-09-01,Electrical Permit,Residential,Residential,Upgrade,Final,,1.0,1.0,7,78757.0,30.34269752,-97.73137517,Duhon Electric,2020,2020,No
2020-09-22,2020-03-13,Building Permit,Residential,R- 435 Renovations/Remodel,Repair,Final,5978.0,1.0,1.0,4,78753.0,30.36147772,-97.67216504,Renewal By Andersen,2020,2020,Yes
2020-09-21,2020-09-21,Electrical Permit,Residential,Residential,Repair,Final,,1.0,1.0,10,78750.0,30.39445039,-97.8004782,Jonestown Electrical Solutions Llc,2020,2020,No
2020-09-02,2019-10-04,Plumbing Permit,Commercial,C-1000 Commercial Remodel,Remodel,Final,,1.0,1.0,1,78752.0,,,Coppera Plumbing & Commercial Services,2020,2020,No
2020-09-16,2020-06-03,Building Permit,Residential,R- 434 Addition & Alterations,Addition and Remodel,Final,1.0,1.0,3.0,10,78703.0,30.2872954,-97.75674186,Koch Construction **Main,2020,2020,Yes
2020-09-18,2020-09-18,Plumbing Permit,Residential,Residential,New,Final,,1.0,1.0,Unknown,78617.0,30.16407894,-97.63373755,Victory Plumbing Company,2020,2020,No
2020-09-02,2020-08-28,Plumbing Permit,Residential,Residential,Irrigation,Final,,,,5,78745.0,30.23003788,-97.79372362,,2020,2020,No
2020-09-08,2020-07-21,Building Permit,Commercial,C- 329 Com Structures Other Than Bldg,New,Final,48000.0,1.0,1.0,3,78725.0,,,"Fun N Sun Pools Of Austin, Inc.",2020,2020,Yes
2020-08-31,2020-06-30,Plumbing Permit,Commercial,C-1000 Commercial Remodel,Remodel,Final,,1.0,1.0,7,78727.0,,,"Lmh Plumbing, Inc",2020,2020,No
2020-08-28,2019-01-25,Electrical Permit,Commercial,"C- 437 Addn, Alter, Convn-NonRes",Addition and Remodel,Final,,0.0,0.0,3,78702.0,30.26441784,-97.69843894,Tumlinson Electric,2020,2020,No
2020-09-18,2020-09-08,Electrical Permit,Residential,Residential,Repair,Final,,1.0,1.0,1,78724.0,30.29222184,-97.65192067,Med-Tex Electric,2020,2020,No
2020-08-31,2020-06-22,Electrical Permit,Residential,R- 434 Addition & Alterations,Addition and Remodel,Final,,1.0,2.0,9,78704.0,30.23756839,-97.74264278,Allison Electric,2020,2020,No
2020-09-21,2020-01-08,Building Permit,Residential,R- 101 Single Family Houses,New,Final,253500.0,1.0,2.0,1,78721.0,30.2767234,-97.69578664,"Psw Gc, Llc",2020,2020,Yes
2020-09-22,2020-08-26,Building Permit,Residential,R- 101 Single Family Houses,New,Final,700000.0,1.0,2.0,8,78739.0,30.1865377,-97.92749701,South Austin Development Group Llc (Main),2020,2020,Yes
2020-09-09,2020-09-08,Mechanical Permit,Commercial,Commercial,Change Out,Final,,,,9,78751.0,,,"Stan'S Heating, Air, Plumbing, & Electrical",2020,2020,No
2020-09-04,2020-08-04,Building Permit,Commercial,C- 329 Com Structures Other Than Bldg,New,Final,9180.0,1.0,1.0,3,78702.0,30.26621233,-97.70345321,Bartlett Cocke General Contractors (Main),2020,2020,Yes
2020-09-28,2020-08-03,Mechanical Permit,Residential,R- 101 Single Family Houses,New,Final,,1.0,1.0,1,78653.0,,,Air Temp Solutions,2020,2020,No
2020-09-29,2020-08-19,Plumbing Permit,Residential,R- 101 Single Family Houses,New,Final,,1.0,2.0,1,78653.0,30.29656024,-97.5563871,Mustang Plumbing,2020,2020,No
2020-09-25,2020-08-17,Electrical Permit,Residential,Residential,Auxiliary Power,Final,,1.0,1.0,2,78747.0,30.13870167,-97.76222753,,2020,2020,No
2020-09-10,2020-08-25,Building Permit,Residential,R- 435 Renovations/Remodel,Repair,Final,6000.0,1.0,1.0,5,78745.0,30.20147159,-97.82124243,Modified Access Cons,2020,2020,Yes
2020-09-09,2020-09-04,Mechanical Permit,Residential,Residential,Change Out,Final,,,,8,78735.0,30.25727758,-97.87684163,"Stan'S Heating, Air, Plumbing, & Electrical",2020,2020,No
2020-09-21,2020-08-06,Building Permit,Residential,R- 329 Res Structures Other Than Bldg,New,Final,66000.0,1.0,0.0,8,78749.0,30.19877984,-97.85586503,Anthony & Sylvan Pools Corporation,2020,2020,Yes
2020-09-02,2019-06-05,Driveway / Sidewalks,Residential,Res. Sidewalk,New,Final,,,,1,78724.0,30.29110724,-97.64178438,Urban Intown Homes Llc,2020,2020,No
2020-09-29,2018-09-13,Mechanical Permit,Commercial,C- 105 Five or More Family Bldgs,Shell,Final,,387.0,16.0,1,78702.0,30.2711754,-97.73181677,City Wide Mechanical Inc.,2020,2020,No
2020-09-24,2020-07-30,Mechanical Permit,Residential,Residential,Change Out,Final,,,,8,78749.0,30.22602823,-97.87421282,"Sa&H Western Holdings, Llc",2020,2020,No
2020-09-27,2020-07-02,Electrical Permit,Commercial,C-1001 Commercial Finish Out,Remodel,Final,,0.0,4.0,7,78758.0,30.40819461,-97.70425711,Austin Electric Service,2020,2020,No
2020-09-01,2020-08-31,Electrical Permit,Residential,Residential,Repair,Final,,1.0,1.0,7,78660.0,30.43624022,-97.65108455,"Ies Residential, Inc.",2020,2020,No
2020-09-03,2020-08-31,Mechanical Permit,Residential,Residential,Change Out,Final,,,,10,78703.0,30.29419165,-97.76118187,"Sa&H Western Holdings, Llc",2020,2020,No
2020-08-28,2020-01-28,Plumbing Permit,Commercial,C-1000 Commercial Remodel,Remodel,Expired,,0.0,1.0,5,78745.0,30.22932841,-97.80150829,,2020,2020,No
2020-08-31,2020-08-27,Electrical Permit,Residential,Residential,Repair,Final,,1.0,1.0,1,78653.0,,,Bolder Electric Solutions,2020,2020,No
2020-09-17,2020-06-26,Building Permit,Residential,R- 329 Res Structures Other Than Bldg,New,Final,1.0,0.0,0.0,8,78746.0,30.28614089,-97.79203519,"Michael Deane Homes, Inc.",2020,2020,Yes
2020-09-04,2020-09-02,Mechanical Permit,Residential,Residential,Change Out,Final,,,,8,78735.0,30.25139594,-97.83903981,,2020,2020,No
2020-09-28,2020-09-25,Electrical Permit,Residential,Residential,Repair,Final,,1.0,1.0,5,78745.0,30.22536423,-97.79062875,Wieco Electric,2020,2020,No
2020-09-16,2020-02-27,Plumbing Permit,Commercial,C-1000 Commercial Remodel,Remodel,Final,,1.0,1.0,9,78701.0,30.27405126,-97.74289951,Demoss Plumbing Inc,2020,2020,No
2020-09-30,2020-07-29,Plumbing Permit,Residential,R- 434 Addition & Alterations,Addition and Remodel,Final,,1.0,2.0,10,78731.0,30.31635355,-97.76885555,Austin Select Plumbing,2020,2020,No
2020-09-14,2020-07-31,Building Permit,Residential,R- 645 Demolition One Family Homes,Demolition,Final,0.0,1.0,1.0,5,78704.0,30.25215938,-97.77001241,Dar Demolition,2020,2020,No
2020-09-04,2020-08-28,Electrical Permit,Commercial,Commercial,Repair,Expired,,1.0,1.0,9,78701.0,30.28160891,-97.74492765,,2020,2020,No
2020-09-04,2020-03-03,Plumbing Permit,Residential,R- 435 Renovations/Remodel,Repair,Expired,,1.0,1.0,4,78723.0,30.30530902,-97.68343567,"Red Kings Plumbing Contractors Llc,",2020,2020,No
2020-09-28,2020-09-23,Building Permit,Commercial,C-1000 Commercial Remodel,Remodel,Expired,,1.0,1.0,3,78741.0,30.23256094,-97.73196691,Arc Group Usa,2020,2020,No
2020-09-25,2020-07-06,Plumbing Permit,Residential,Residential,Irrigation,Final,,,,2,78744.0,30.14724066,-97.71727561,,2020,2020,No
2020-09-14,2020-02-26,Plumbing Permit,Residential,Residential,Irrigation,Final,,,,2,78744.0,30.14650926,-97.71661186,,2020,2020,No
2020-09-28,2020-06-01,Plumbing Permit,Commercial,C-1000 Commercial Remodel,Remodel,Final,,6.0,2.0,2,78744.0,30.1996283,-97.73520938,Flint & Associates Llc,2020,2020,No
2020-09-28,2020-08-24,Building Permit,Residential,R- 101 Single Family Houses,New,Final,168045.0,1.0,1.0,1,78754.0,30.34954333,-97.60228555,Rsi Communities (Do Not Use),2020,2020,Yes
2020-09-30,2020-08-06,Building Permit,Residential,R- 434 Addition & Alterations,Addition and Remodel,Final,10000.0,1.0,1.0,2,78744.0,30.19332037,-97.74573207,Market Properties Lp.,2020,2020,Yes
2020-09-15,2020-06-17,Mechanical Permit,Commercial,C-1000 Commercial Remodel,Remodel,Final,,1.0,1.0,2,78748.0,30.16924178,-97.78869324,Braun Air Llc,2020,2020,No
2020-09-29,2020-02-12,Building Permit,Commercial,C- 105 Five or More Family Bldgs,New,Final,25000000.0,50.0,4.0,1,78753.0,30.39691534,-97.67091403,"Embrey Builders, Llc",2020,2020,Yes
2020-09-08,2020-09-05,Plumbing Permit,Residential,Residential,Irrigation,Final,,,,7,78757.0,30.33902916,-97.73005039,,2020,2020,No
2020-09-29,2020-09-04,Building Permit,Residential,R- 435 Renovations/Remodel,Repair,Final,397.0,1.0,1.0,10,78731.0,30.36817657,-97.76561887,"Trinity Exterior Group, Lp *Main*",2020,2020,Yes
2020-09-17,2020-09-16,Plumbing Permit,Residential,Residential,New,Final,,1.0,0.0,Unknown,78617.0,30.16426975,-97.63430829,Victory Plumbing Company,2020,2020,No
2020-09-15,2018-10-03,Mechanical Permit,Commercial,C-1001 Commercial Finish Out,Remodel,Final,,34.0,7.0,7,78758.0,30.39502398,-97.7187031,Encore Mechanical,2020,2020,No
2020-08-31,2020-05-27,Electrical Permit,Commercial,C-1000 Commercial Remodel,Remodel,Final,,1.0,1.0,7,78759.0,30.40659659,-97.72785138,Parker Electric,2020,2020,No
2020-09-21,2020-07-30,Plumbing Permit,Residential,R- 101 Single Family Houses,New,Final,,1.0,2.0,1,78723.0,30.29449625,-97.6738249,Excalibur Plumbing,2020,2020,No
2020-09-23,2020-07-20,Building Permit,Residential,R- 434 Addition & Alterations,Addition and Remodel,Final,1.0,1.0,2.0,7,78757.0,30.34147375,-97.75206681,Pura Vida Designs Llc,2020,2020,Yes
2020-09-10,2020-09-09,Mechanical Permit,Residential,Residential,Change Out,Final,,,,10,78731.0,30.32646716,-97.75654229,Service Wizard Llc,2020,2020,No
2020-09-16,2020-08-26,Building Permit,Residential,R- 101 Single Family Houses,New,Final,201000.0,1.0,2.0,2,78744.0,30.15500464,-97.71766995,Brookfield Residential Texas Homes Llc,2020,2020,Yes
2020-09-16,2020-07-14,Mechanical Permit,Residential,Residential,Repair,Final,,0.0,0.0,9,78705.0,30.29579029,-97.72812647,"Cg Heating And Cooling, Llc",2020,2020,No
2020-09-25,2020-07-01,Electrical Permit,Residential,R- 101 Single Family Houses,New,Final,,1.0,3.0,3,78702.0,30.25289749,-97.72833968,Aei Electric Llc,2020,2020,No
2020-09-02,2020-07-17,Plumbing Permit,Residential,Residential,Repair,Final,,1.0,1.0,3,78704.0,30.23244917,-97.76431173,Tk Plumbing Llc,2020,2020,No
2020-09-25,2020-07-06,Plumbing Permit,Residential,Residential,Irrigation,Final,,,,7,78757.0,,,,2020,2020,No
2020-09-15,2020-09-14,Plumbing Permit,Residential,Residential,Change Out,Final,,,,5,78748.0,30.16920601,-97.81903302,,2020,2020,No
2020-09-11,2020-09-10,Building Permit,Residential,R- 435 Renovations/Remodel,Repair,Final,800.0,1.0,1.0,2,78745.0,30.20659098,-97.79549578,Suttin Construction,2020,2020,Yes
2020-08-28,2020-06-08,Electrical Permit,Residential,R- 329 Res Structures Other Than Bldg,New,Final,,1.0,1.0,1,78702.0,30.2789469,-97.70615476,D.A.S Electric,2020,2020,No
2020-09-24,2020-03-19,Mechanical Permit,Commercial,C-1000 Commercial Remodel,Remodel,Final,,1.0,1.0,4,78753.0,,,Pro Refrigeration Llc,2020,2020,No
2020-09-25,2020-07-29,Electrical Permit,Residential,R- 101 Single Family Houses,New,Final,,1.0,2.0,1,78653.0,,,,2020,2020,No
2020-08-31,2020-08-28,Electrical Permit,Residential,Residential,Repair,Final,,1.0,1.0,1,78653.0,,,"Austin Lanehart Electric Co., Inc.",2020,2020,No
2020-08-27,2020-08-21,Building Permit,Commercial,C-1000 Commercial Remodel,Remodel,Final,,1.0,1.0,7,78758.0,,,Reliable Roofing Of Texas Inc,2020,2020,No
2020-09-14,2020-04-30,Mechanical Permit,Commercial,C-1000 Commercial Remodel,Remodel,Final,,1.0,1.0,8,78735.0,30.2437569,-97.86237684,Higher Standard Air Services Llc,2020,2020,No
2020-09-03,2020-09-03,Plumbing Permit,Commercial,Commercial,New,Final,,1.0,1.0,Unknown,78681.0,30.47547233,-97.68795402,6B Plumbing,2020,2020,No
2020-09-15,2020-09-15,Mechanical Permit,Residential,Residential,Change Out,Final,,,,7,78756.0,30.3166149,-97.742188,"Faught Service Company, Inc.",2020,2020,No
2020-09-04,2020-09-02,Mechanical Permit,Residential,Residential,Change Out,Final,,,,5,78748.0,30.16001589,-97.81406262,Alamo Austin Air Conditioning & Heating Inc,2020,2020,No
2020-09-28,2020-09-02,Driveway / Sidewalks,Residential,Res. Driveway,Modification,Expired,,,,10,78730.0,30.358077,-97.80226746,,2020,2020,No
2020-09-25,2020-07-08,Electrical Permit,Residential,R- 329 Res Structures Other Than Bldg,New,Final,,1.0,0.0,8,78739.0,30.17438594,-97.91400183,Generation Next Electric,2020,2020,No
2020-08-31,2020-08-28,Electrical Permit,Residential,Residential,Repair,Final,,1.0,1.0,2,78744.0,30.15897342,-97.72360129,"In Charge Electrical Services, Llc",2020,2020,No
2020-08-28,2020-08-27,Electrical Permit,Commercial,Commercial,Repair,Final,,1.0,1.0,9,78705.0,30.29067402,-97.72674331,Parker Electric,2020,2020,No
2020-09-11,2020-07-13,Plumbing Permit,Residential,R- 101 Single Family Houses,New,Final,,1.0,2.0,1,78724.0,30.29482917,-97.6428628,Victory Plumbing Company,2020,2020,No
2020-09-08,2020-07-01,Mechanical Permit,Residential,R- 101 Single Family Houses,New,Final,,1.0,1.0,2,78747.0,30.1346423,-97.76730002,,2020,2020,No
2020-09-10,2020-09-09,Mechanical Permit,Residential,Residential,Change Out,Expired,,,,7,78727.0,30.42193251,-97.72121659,Bunten A/C Service,2020,2020,No
2020-09-23,2020-08-26,Building Permit,Residential,R- 101 Single Family Houses,New,Final,1.0,1.0,2.0,2,78744.0,30.15507908,-97.7172755,Brookfield Residential Texas Homes Llc,2020,2020,Yes
2020-09-22,2020-01-31,Building Permit,Residential,R- 101 Single Family Houses,New,Final,1.0,1.0,2.0,1,78702.0,30.2753296,-97.71391849,"Williams Austin, Inc.",2020,2020,Yes
2020-09-25,2018-09-13,Mechanical Permit,Commercial,C-1001 Commercial Finish Out,Remodel,Final,,1.0,1.0,1,78702.0,30.2711754,-97.73181677,City Wide Mechanical Inc.,2020,2020,No
2020-09-17,2020-04-20,Driveway / Sidewalks,Residential,Res. Driveway & Sidewalk,New,Final,,,,2,78747.0,30.15527971,-97.75740327,Homes By Avi (Texas) Lp,2020,2020,No
2020-09-23,2020-07-01,Electrical Permit,Residential,R- 101 Single Family Houses,New,Final,,1.0,3.0,3,78704.0,,,"Ies Residential, Inc.",2020,2020,No
2020-09-18,2020-06-05,Plumbing Permit,Residential,Residential,Irrigation,Final,,,,5,78748.0,30.13038607,-97.81093038,,2020,2020,No
2020-09-01,2020-08-31,Building Permit,Residential,R- 435 Renovations/Remodel,Repair,Final,15325.0,1.0,1.0,1,78724.0,30.31224406,-97.65913088,Valdez Remodeling & Weatherization Inc.**Main**,2020,2020,Yes
2020-08-27,1998-06-10,Building Permit,Residential,R- 434 Addition & Alterations,Addition,Final,2500.0,1.0,1.0,9,78705.0,30.29606135,-97.74517077,,2020,2020,Yes
2020-09-16,2020-07-21,Building Permit,Commercial,C- 329 Com Structures Other Than Bldg,New,Expired,142800.0,0.0,0.0,3,78741.0,,,Erw Site Solution ***Main***,2020,2020,Yes
2020-09-25,2020-05-29,Plumbing Permit,Residential,Residential,Irrigation,Final,,,,2,78747.0,,,,2020,2020,No
2020-09-25,2020-07-10,Plumbing Permit,Residential,R- 434 Addition & Alterations,Addition and Remodel,Final,,2.0,1.0,3,78741.0,30.22193791,-97.73529335,4U Plumbing,2020,2020,No
2020-09-02,2020-06-17,Building Permit,Residential,R- 101 Single Family Houses,New,Final,300000.0,1.0,2.0,5,78704.0,30.25270125,-97.7731787,Jimmel Investments,2020,2020,Yes
2020-09-18,2020-08-12,Building Permit,Commercial,C-1000 Commercial Remodel,Remodel,Expired,,1.0,1.0,10,78746.0,30.33531975,-97.80737005,Ericsson Inc. ***Main****,2020,2020,No
2020-09-16,2020-02-04,Plumbing Permit,Residential,R- 102 Secondary Apartment,New,Final,,1.0,1.0,5,78745.0,,,L & M Plumbing & Remodeling,2020,2020,No
2020-09-09,2020-09-09,Plumbing Permit,Residential,Residential,New,Final,,1.0,1.0,Unknown,78728.0,30.46307883,-97.67874716,Victory Plumbing Company,2020,2020,No
2020-09-23,2020-06-24,Driveway / Sidewalks,Residential,Res. Driveway & Sidewalk,New,Final,,,,1,78660.0,30.40159086,-97.61321122,D R Horton Homes,2020,2020,No
2020-09-01,2020-06-05,Driveway / Sidewalks,Residential,Res. Driveway & Sidewalk,New,Final,,,,1,78653.0,,,Brohn Homes,2020,2020,No
2020-09-18,2020-09-18,Electrical Permit,Residential,Residential,New,Final,,1.0,1.0,Unknown,78660.0,,,Allen Bebee Electric,2020,2020,No
2020-09-17,2019-12-10,Electrical Permit,Residential,R- 101 Single Family Houses,New,Final,,1.0,2.0,3,78741.0,30.22743799,-97.70386291,"Leonard'S Electric, Llc",2020,2020,No
2020-09-01,2020-08-28,Mechanical Permit,Residential,Residential,Change Out,Final,,,,5,78748.0,30.18868302,-97.82925531,,2020,2020,No
2020-09-28,2020-09-17,Electrical Permit,Residential,Residential,Special Inspections Program,Final,,,,8,78739.0,30.19560458,-97.89230233,Grayzer Electric Llc,2020,2020,No
2020-09-29,2020-09-25,Electrical Permit,Residential,Residential,Auxiliary Power,Final,,1.0,1.0,5,78747.0,30.14078482,-97.77904118,,2020,2020,No
2020-09-15,2018-10-03,Mechanical Permit,Commercial,C-1001 Commercial Finish Out,Remodel,Final,,90.0,7.0,7,78758.0,30.39502398,-97.7187031,Encore Mechanical,2020,2020,No
2020-09-29,2020-06-01,Electrical Permit,Commercial,C-1000 Commercial Remodel,Remodel,Final,,4.0,2.0,2,78744.0,30.1996283,-97.73520938,Agape Electric Ltd,2020,2020,No
2020-09-24,2020-06-23,Electrical Permit,Residential,R- 434 Addition & Alterations,Addition and Remodel,Final,,1.0,1.0,10,78730.0,30.34092856,-97.82521152,Aj&A Electric,2020,2020,No
2020-09-23,2020-09-22,Electrical Permit,Residential,Residential,Repair,Final,,1.0,1.0,1,78721.0,30.28308629,-97.68664436,Jackson Electric Inc,2020,2020,No
2020-09-17,2020-08-11,Building Permit,Commercial,C-1000 Commercial Remodel,Remodel,Final,,1.0,1.0,7,78759.0,30.39673595,-97.73053232,"Sabre Commercial, Inc.**Main**",2020,2020,No
2020-09-15,2020-06-11,Driveway / Sidewalks,Commercial,"Com. Sidewalk, Curb, Gutter",New,Expired,,,,Unknown,,,,,2020,2020,No
2020-09-30,2020-09-29,Plumbing Permit,Residential,Residential,Irrigation,Final,,,,7,78727.0,30.42561283,-97.71893651,,2020,2020,No
2020-09-29,2020-09-28,Electrical Permit,Residential,Residential,Repair,Expired,,1.0,1.0,8,78739.0,30.18299538,-97.90651166,,2020,2020,No
2020-08-31,2020-06-17,Driveway / Sidewalks,Residential,"Res. Driveway, Curb, Gutter",New,Final,,,,7,78757.0,30.33657671,-97.72941582,"Paradisa Homes, Llc***Main***",2020,2020,No
2020-08-31,2020-08-28,Electrical Permit,Residential,Residential,Repair,Final,,1.0,1.0,Unknown,78738.0,30.31797902,-97.96976053,"Austin Lanehart Electric Co., Inc.",2020,2020,No
2020-09-14,2020-06-26,Electrical Permit,Residential,R- 329 Res Structures Other Than Bldg,New,Final,,1.0,0.0,10,78703.0,30.30156465,-97.76279521,S&J Carey Electric,2020,2020,No
2020-09-17,2020-09-14,Electrical Permit,Residential,Residential,Repair,Expired,,1.0,1.0,9,78751.0,30.29632996,-97.72139898,Upton Electric,2020,2020,No
2020-09-02,2020-08-31,Electrical Permit,Commercial,Commercial,Temporary  Loop,Final,,1.0,1.0,2,78747.0,,,Lowry Electrical Contracting,2020,2020,No
2020-09-15,2020-02-04,Plumbing Permit,Residential,R- 101 Single Family Houses,New,Final,,1.0,2.0,1,78721.0,,,Icon Technology Inc,2020,2020,No
2020-09-28,2020-09-24,Plumbing Permit,Residential,Residential,Irrigation,Final,,,,Unknown,78725.0,30.21800534,-97.6326769,,2020,2020,No
2020-09-25,2020-08-28,Electrical Permit,Residential,R- 101 Single Family Houses,New,Final,,1.0,2.0,7,78660.0,30.43656409,-97.65171036,,2020,2020,No
2020-08-28,2020-08-28,Electrical Permit,Residential,Residential,New,Final,,1.0,1.0,Unknown,78724.0,30.27933058,-97.58018451,"Deluna Electrical Services, Llc",2020,2020,No
2020-09-25,2020-05-07,Plumbing Permit,Residential,Residential,Irrigation,Final,,,,2,78744.0,30.15859692,-97.72523507,,2020,2020,No
2020-09-21,2020-09-17,Plumbing Permit,Residential,Residential,Repair,Final,,0.0,0.0,Unknown,78754.0,30.33266792,-97.64555535,Aaa Auger,2020,2020,No
2020-09-09,2020-07-07,Building Permit,Residential,R- 434 Addition & Alterations,Addition and Remodel,Final,300000.0,1.0,3.0,10,78731.0,30.3503347,-97.779508,Distinctive Remodeling,2020,2020,Yes
2020-08-28,2020-05-14,Driveway / Sidewalks,Residential,Res. Driveway & Sidewalk,New,Final,,,,1,78653.0,,,Brohn Homes,2020,2020,No
2020-09-16,2020-08-13,Plumbing Permit,Residential,Residential,Repair,Final,,1.0,1.0,4,78753.0,30.34516327,-97.70259778,6B Plumbing,2020,2020,No
2020-09-15,2020-08-18,Building Permit,Residential,R- 329 Res Structures Other Than Bldg,New,Final,45000.0,1.0,1.0,10,78731.0,30.31726746,-97.76683409,"Aqua Builders, Inc.",2020,2020,Yes
2020-09-03,2020-09-02,Electrical Permit,Residential,Residential,Repair,Expired,,1.0,1.0,Unknown,78660.0,30.42255448,-97.65096713,"Austin Lanehart Electric Co., Inc.",2020,2020,No
2020-09-21,2020-09-16,Mechanical Permit,Residential,Residential,Change Out,Expired,,,,4,78758.0,30.36069139,-97.70297665,,2020,2020,No
2020-09-01,2020-08-18,Plumbing Permit,Residential,Residential,Repair,Final,,0.0,0.0,6,78750.0,30.44356049,-97.79464825,The Veach Company,2020,2020,No
2020-09-24,2020-04-20,Plumbing Permit,Commercial,C-1001 Commercial Finish Out,Remodel,Final,,10.0,1.0,9,78705.0,30.28805303,-97.74411466,,2020,2020,No
2020-08-27,2020-07-30,Building Permit,Residential,R- 101 Single Family Houses,New,Final,236000.0,1.0,2.0,2,78744.0,30.15463646,-97.71728431,Brookfield Residential Texas Homes Llc,2020,2020,Yes
2020-09-16,2020-05-14,Mechanical Permit,Residential,R- 434 Addition & Alterations,Addition and Remodel,Final,,1.0,3.0,8,78746.0,30.28641016,-97.7927158,Ehrlich Mechanical,2020,2020,No
2020-09-22,2020-06-03,Electrical Permit,Residential,R- 101 Single Family Houses,New,Final,,1.0,2.0,3,78741.0,30.23249499,-97.69325702,Bolder Electric Solutions,2020,2020,No
2020-09-25,2020-09-16,Plumbing Permit,Residential,Residential,Repair,Final,,1.0,0.0,5,78704.0,30.25240609,-97.77258461,Rod Plumbing,2020,2020,No
2020-09-28,2020-07-15,Electrical Permit,Residential,R- 434 Addition & Alterations,Addition and Remodel,Final,,1.0,1.0,7,78727.0,30.41977512,-97.68053637,,2020,2020,No
2020-09-28,2020-06-05,Building Permit,Residential,R- 434 Addition & Alterations,Addition and Remodel,Final,1.0,1.0,1.0,5,78704.0,30.25558575,-97.7782472,W+Inc,2020,2020,Yes
2020-09-11,2020-09-09,Electrical Permit,Residential,Residential,Auxiliary Power,Expired,,1.0,1.0,8,78749.0,30.21356168,-97.88010981,"Tesla Energy Operations, Inc.",2020,2020,No
2020-09-24,2020-09-11,Building Permit,Commercial,C- 649 Demolition All Other Bldgs Com,Demolition,Final,0.0,1.0,1.0,7,78757.0,30.3403155,-97.73055156,Bartlett Cocke General Contractors (Main),2020,2020,No
2020-09-10,2020-06-18,Building Permit,Residential,R- 101 Single Family Houses,New,Final,0.0,1.0,2.0,7,78756.0,30.32155957,-97.74175721,Tcc Builders Llc,2020,2020,No
2020-09-16,2020-02-24,Electrical Permit,Residential,R- 434 Addition & Alterations,Addition and Remodel,Final,,0.0,0.0,10,78731.0,30.3543224,-97.76256262,Hellas Construction,2020,2020,No
2020-09-25,2019-06-20,Plumbing Permit,Residential,Residential,Irrigation,Final,,,,2,78617.0,30.14806508,-97.59292058,,2020,2020,No
2020-09-17,2020-05-28,Mechanical Permit,Residential,R- 101 Single Family Houses,New,Final,,1.0,1.0,1,78724.0,30.30823314,-97.62763487,,2020,2020,No
2020-09-01,2020-05-05,Electrical Permit,Commercial,C-1000 Commercial Remodel,Remodel,Final,,0.0,1.0,1,78725.0,30.28439728,-97.66062493,Pruneda Construction Company,2020,2020,No
2020-09-02,2020-05-28,Mechanical Permit,Residential,R- 101 Single Family Houses,New,Final,,1.0,1.0,1,78660.0,30.40016318,-97.61346092,Christianson Plumbing & Air Co,2020,2020,No
2020-09-02,2019-09-16,Mechanical Permit,Residential,R- 434 Addition & Alterations,Addition and Remodel,Final,,2.0,2.0,7,78756.0,30.32003178,-97.73815565,,2020,2020,No
2020-08-31,2016-02-19,Plumbing Permit,Residential,R- 329 Res Structures Other Than Bldg,New,Final,,0.0,0.0,10,78759.0,30.3885846,-97.76756896,,2020,2020,No
2020-09-24,2020-09-22,Mechanical Permit,Residential,Residential,Change Out,Expired,,,,10,78730.0,30.37288058,-97.84294569,,2020,2020,No
2020-09-01,2020-08-14,Building Permit,Commercial,C-1000 Commercial Remodel,Remodel,Final,,1.0,2.0,2,78719.0,,,T&G Corporation Dba Florida T&G Corporation Texas Division Inc,2020,2020,No
2020-09-02,2020-09-01,Plumbing Permit,Residential,Residential,Repair,Final,,1.0,1.0,7,78757.0,30.35446824,-97.74302003,,2020,2020,No
2020-09-29,2019-05-29,Mechanical Permit,Residential,R- 102 Secondary Apartment,New,Final,,1.0,2.0,7,78757.0,30.34349256,-97.72434579,Christianson Plumbing & Air Co,2020,2020,No
2020-09-21,2019-11-22,Mechanical Permit,Residential,R- 434 Addition & Alterations,Addition and Remodel,Final,,1.0,1.0,10,78731.0,30.36328073,-97.75176862,,2020,2020,No
2020-09-23,2020-08-27,Mechanical Permit,Commercial,Commercial,Change Out,Expired,,,,3,78745.0,,,"Sa&H Western Holdings, Llc",2020,2020,No
2020-09-17,2020-07-24,Electrical Permit,Residential,R- 101 Single Family Houses,New,Final,,1.0,2.0,1,78723.0,30.29530228,-97.67423056,"Austin Lanehart Electric Co., Inc.",2020,2020,No
2020-09-21,2020-09-17,Plumbing Permit,Residential,Residential,Change Out,Final,,,,8,78735.0,30.24975266,-97.87726115,,2020,2020,No
2020-09-29,2020-09-28,Plumbing Permit,Residential,Residential,Change Out,Expired,,,,8,78735.0,30.2548804,-97.88292816,,2020,2020,No
2020-08-28,2020-08-04,Building Permit,Residential,R- 329 Res Structures Other Than Bldg,New,Final,1.0,1.0,0.0,7,78757.0,30.34255562,-97.72452651,"Athena Pools, Llc",2020,2020,Yes
2020-09-15,2020-07-08,Mechanical Permit,Commercial,C-1001 Commercial Finish Out,Remodel,Final,,1.0,1.0,8,78735.0,30.25569415,-97.87573192,Pro-Air Engineering Inc,2020,2020,No
2020-08-31,2020-08-11,Mechanical Permit,Residential,Residential,Change Out,Expired,,,,10,78703.0,30.29276914,-97.76485499,,2020,2020,No
2020-08-28,2020-08-26,Mechanical Permit,Residential,Residential,Change Out,Final,,,,1,78754.0,30.37361633,-97.66018234,Alamo Austin Air Conditioning & Heating Inc,2020,2020,No
2020-09-17,2020-07-15,Electrical Permit,Residential,R- 101 Single Family Houses,New,Final,,1.0,2.0,7,78731.0,30.32651571,-97.75293938,Armadillo Electrical Services,2020,2020,No
2020-09-23,2019-10-14,Mechanical Permit,Residential,R- 101 Single Family Houses,New,Final,,1.0,2.0,7,78757.0,30.34764815,-97.7174503,Krd Mechanical,2020,2020,No
2020-09-04,2019-11-13,Plumbing Permit,Residential,Residential,Irrigation,Final,,,,3,78704.0,30.2453199,-97.7611215,,2020,2020,No
2020-09-17,2020-07-09,Plumbing Permit,Residential,R- 101 Single Family Houses,New,Final,,1.0,3.0,6,78717.0,30.47647972,-97.78246381,Christianson Plumbing,2020,2020,No
2020-08-27,2020-08-12,Electrical Permit,Residential,R- 101 Single Family Houses,New,Final,,1.0,2.0,8,78652.0,30.16985359,-97.92070522,"In Charge Electrical Services, Llc",2020,2020,No
2020-09-16,2020-07-15,Building Permit,Residential,R- 434 Addition & Alterations,Addition and Remodel,Final,1.0,1.0,1.0,7,78727.0,30.41977512,-97.68053637,Quickcad Drafting And Design,2020,2020,Yes
2020-09-17,2020-06-09,Building Permit,Residential,R- 102 Secondary Apartment,New,Final,150000.0,1.0,2.0,3,78741.0,30.23022784,-97.69788942,Precise Custom Homes Inc. (Main),2020,2020,Yes
2020-09-22,2020-09-16,Plumbing Permit,Residential,Residential,Repair,Final,,1.0,1.0,1,78724.0,30.2872971,-97.6468568,,2020,2020,No
2020-09-22,2020-09-11,Electrical Permit,Residential,Residential,Auxiliary Power,Final,,1.0,1.0,6,78717.0,30.50351311,-97.77128841,Hesolar Llc,2020,2020,No
2020-08-31,2020-08-14,Mechanical Permit,Residential,Residential,Change Out,Final,,,,6,78729.0,30.44533161,-97.7658803,"Sa&H Western Holdings, Llc",2020,2020,No
2020-09-18,1983-01-05,Building Permit,Residential,R- 435 Renovations/Remodel,Remodel,Final,13000.0,1.0,,10,78703.0,30.29314281,-97.75442744,,2020,2020,Yes
2020-09-10,2020-02-26,Plumbing Permit,Commercial,Commercial,Fireline,Final,,,,1,78724.0,,,,2020,2020,No
2020-09-25,2020-09-23,Electrical Permit,Residential,Residential,Special Inspections Program,Final,,,,10,78730.0,30.36358124,-97.85512685,Grayzer Electric Llc,2020,2020,No
2020-08-31,2020-07-01,Mechanical Permit,Residential,R- 101 Single Family Houses,New,Final,,1.0,2.0,2,78744.0,30.15875718,-97.72338242,,2020,2020,No
2020-09-18,2017-07-21,Plumbing Permit,Commercial,Commercial,Irrigation,Final,,,,4,78752.0,,,,2020,2020,No
2020-09-24,2020-09-21,Plumbing Permit,Residential,Residential,Change Out,Final,,,,Unknown,78728.0,30.46246881,-97.68943816,Plumb Masters Llc,2020,2020,No
2020-09-01,2020-05-06,Mechanical Permit,Residential,R- 101 Single Family Houses,New,Final,,1.0,2.0,1,78660.0,30.39921476,-97.61309423,Christianson Plumbing & Air Co,2020,2020,No
2020-09-25,2020-03-18,Electrical Permit,Residential,R- 101 Single Family Houses,New,Final,,1.0,2.0,2,78744.0,30.14587218,-97.71948668,"In Charge Electrical Services, Llc",2020,2020,No
2020-09-10,2020-03-16,Electrical Permit,Residential,R- 101 Single Family Houses,New,Final,,1.0,1.0,1,78724.0,30.32057413,-97.65566313,"Austin Lanehart Electric Co., Inc.",2020,2020,No
2020-09-09,2020-09-06,Plumbing Permit,Residential,Residential,Repair,Final,,1.0,1.0,9,78704.0,30.23880974,-97.7416022,P & P Plumbing,2020,2020,No
2020-09-25,2020-09-23,Plumbing Permit,Residential,Residential,Irrigation,Final,,,,Unknown,78660.0,,,,2020,2020,No
2020-09-15,2020-09-14,Mechanical Permit,Residential,Residential,Repair,Final,,1.0,0.0,7,78756.0,30.31572619,-97.74203434,Service Wizard Llc,2020,2020,No
2020-08-31,2020-06-01,Building Permit,Commercial,C-1000 Commercial Remodel,Remodel,Final,,4.0,2.0,2,78744.0,30.1996283,-97.73520938,"Legacy Construction Sercives, Llc",2020,2020,No
2020-09-01,2020-03-04,Driveway / Sidewalks,Residential,Res. Driveway & Sidewalk,New,Final,,,,1,78724.0,30.30683717,-97.6274331,D R Horton Homes,2020,2020,No
2020-09-19,2020-04-21,Driveway / Sidewalks,Residential,Res. Driveway & Sidewalk,New,Final,,,,1,78660.0,30.39928881,-97.61256544,D R Horton Homes,2020,2020,No
2020-09-01,2020-06-17,Plumbing Permit,Residential,R- 103 Two Family Bldgs,New,Final,,2.0,2.0,7,78727.0,30.41667767,-97.69438484,,2020,2020,No
2020-09-16,2020-09-15,Electrical Permit,Residential,Residential,New,Final,,1.0,1.0,Unknown,78617.0,30.16246122,-97.6347576,"Austin Lanehart Electric Co., Inc.",2020,2020,No
2020-09-11,2020-09-09,Plumbing Permit,Residential,Residential,Irrigation,Final,,,,1,78702.0,30.28044966,-97.71642245,,2020,2020,No
2020-09-28,2020-09-21,Building Permit,Commercial,C-1000 Commercial Remodel,Remodel,Final,,1.0,1.0,5,78745.0,30.20849628,-97.80658875,Glotel Inc,2020,2020,No
2020-09-25,2020-06-24,Driveway / Sidewalks,Residential,Res. Driveway & Sidewalk,New,Final,,,,1,78660.0,30.40194785,-97.61409277,D R Horton Homes,2020,2020,No
2020-09-17,2020-09-16,Plumbing Permit,Residential,Residential,Repair,Final,,0.0,1.0,9,78704.0,30.24903675,-97.74601936,Torres Plumbing,2020,2020,No
2020-09-28,2020-09-21,Electrical Permit,Residential,Residential,Repair,Final,,1.0,1.0,7,78753.0,30.39898774,-97.64985551,"Molitor Electric, Inc.",2020,2020,No
2020-09-24,2020-09-08,Electrical Permit,Residential,Residential,Upgrade,Final,,1.0,1.0,9,78751.0,30.31007585,-97.7278676,Fox Service Company,2020,2020,No
2020-09-17,2020-09-16,Electrical Permit,Residential,Residential,Repair,Final,,1.0,1.0,5,78745.0,30.21851459,-97.81142214,,2020,2020,No
2020-09-01,2020-08-31,Mechanical Permit,Residential,Residential,Change Out,Final,,,,2,78744.0,30.1948079,-97.75730554,American Residential Services (Ars),2020,2020,No
2020-09-25,2020-08-07,Plumbing Permit,Residential,R- 101 Single Family Houses,New,Final,,1.0,1.0,7,78660.0,30.43632252,-97.65120605,Mustang Plumbing,2020,2020,No
2020-09-29,2020-02-07,Plumbing Permit,Residential,R- 102 Secondary Apartment,New,Final,,1.0,2.0,9,78722.0,30.28794132,-97.71964207,G & R Lone Star Plumbing,2020,2020,No
2020-09-23,2020-09-23,Electrical Permit,Residential,Residential,New,Final,,1.0,1.0,Unknown,78724.0,,,"Ies Residential, Inc.",2020,2020,No
2020-09-22,2020-08-19,Plumbing Permit,Residential,R- 101 Single Family Houses,New,Final,,1.0,1.0,5,78748.0,30.13025731,-97.81095588,,2020,2020,No
2020-09-16,2020-09-14,Electrical Permit,Residential,Residential,Repair,Expired,,1.0,1.0,Unknown,78660.0,30.4221579,-97.65186361,"Austin Lanehart Electric Co., Inc.",2020,2020,No
2020-08-28,2020-07-15,Building Permit,Commercial,C-1000 Commercial Remodel,Remodel,Expired,,1.0,1.0,1,78752.0,30.32495723,-97.6822144,Holt Concrete Works,2020,2020,No
2020-09-25,2020-05-05,Mechanical Permit,Commercial,C-1000 Commercial Remodel,Remodel,Final,,1.0,1.0,9,78701.0,,,D3 Mechanical Llc,2020,2020,No
2020-09-14,2019-12-18,Electrical Permit,Residential,R- 102 Secondary Apartment,New,Final,,1.0,2.0,3,78704.0,,,Aei Electric Llc,2020,2020,No
2020-08-31,2020-08-28,Electrical Permit,Residential,Residential,Repair,Final,,1.0,1.0,2,78744.0,30.15894883,-97.72374438,"In Charge Electrical Services, Llc",2020,2020,No
2020-09-25,2020-08-28,Mechanical Permit,Residential,R- 101 Single Family Houses,New,Final,,1.0,2.0,7,78660.0,30.43656409,-97.65171036,Texas Comfort Air,2020,2020,No
2020-09-03,2020-05-22,Mechanical Permit,Residential,R- 102 Secondary Apartment,New,Final,,1.0,2.0,3,78702.0,30.25431245,-97.72935014,,2020,2020,No
2020-08-28,2020-08-24,Mechanical Permit,Residential,Residential,Change Out,Final,,,,1,78724.0,30.30234887,-97.63867833,,2020,2020,No
2020-09-04,2020-04-14,Plumbing Permit,Residential,Residential,Irrigation,Final,,,,2,78744.0,,,,2020,2020,No
2020-09-22,2020-09-22,Plumbing Permit,Residential,Residential,Repair,Final,,1.0,1.0,10,78703.0,30.28995307,-97.75692128,Austin'S Best Plumbing,2020,2020,No
2020-09-09,2020-09-08,Plumbing Permit,Residential,Residential,Irrigation,Final,,,,7,78757.0,30.33449363,-97.73234471,,2020,2020,No
2020-08-31,2020-01-31,Mechanical Permit,Residential,R- 102 Secondary Apartment,New,Final,,1.0,2.0,3,78702.0,30.26548638,-97.70560537,Capital One Enterprises,2020,2020,No
2020-09-18,2020-01-29,Electrical Permit,Residential,Residential,Repair,Final,,1.0,1.0,Unknown,78746.0,30.27911428,-97.79067061,Triangle Electrical Contractors,2020,2020,No
2020-09-28,2020-09-25,Plumbing Permit,Residential,Residential,Change Out,Final,,,,2,78744.0,30.18759123,-97.75116935,Aaa Auger,2020,2020,No
2020-09-10,2020-09-01,Electrical Permit,Residential,R- 101 Single Family Houses,New,Final,,1.0,1.0,1,78653.0,,,"Austin Lanehart Electric Co., Inc.",2020,2020,No
2020-08-31,2020-02-18,Plumbing Permit,Commercial,Commercial,Fireline,Final,,,,9,78722.0,30.30467246,-97.71280824,"Ie2 Construction, Inc",2020,2020,No
2020-09-25,2020-09-22,Electrical Permit,Residential,Residential,Auxiliary Power,Final,,1.0,1.0,1,78724.0,30.31995981,-97.65640617,,2020,2020,No
2020-09-09,2020-09-08,Plumbing Permit,Residential,Residential,Repair,Final,,1.0,1.0,7,78757.0,30.34207023,-97.74659047,Hm Plumbing Llc,2020,2020,No
2020-09-08,2020-06-04,Building Permit,Residential,R- 434 Addition & Alterations,Addition and Remodel,Final,1.0,1.0,2.0,10,78703.0,30.29347976,-97.76065571,S. Kelly Home Renovations Dba Skelly Build,2020,2020,Yes
2020-09-14,2019-08-20,Plumbing Permit,Commercial,C- 329 Com Structures Other Than Bldg,New,Final,,0.0,0.0,6,78717.0,30.47382683,-97.79265043,Triple B Plumbing Llc,2020,2020,No
2020-09-19,2020-04-29,Driveway / Sidewalks,Residential,Res. Driveway & Sidewalk,New,Final,,,,1,78660.0,30.39860963,-97.61309227,D R Horton Homes,2020,2020,No
2020-09-17,2020-09-08,Plumbing Permit,Residential,Residential,Change Out,Final,,,,4,78753.0,30.35510545,-97.68174413,Plumb Masters Llc,2020,2020,No
2020-09-04,2020-09-02,Mechanical Permit,Residential,Residential,Change Out,Final,,,,10,78703.0,30.31235487,-97.76680941,,2020,2020,No
2020-09-25,2020-09-22,Mechanical Permit,Residential,Residential,Change Out,Final,,,,7,78727.0,30.42148123,-97.69271413,American Residential Services (Ars),2020,2020,No
2020-09-10,2020-01-17,Mechanical Permit,Commercial,C-1000 Commercial Remodel,Remodel,Final,,1.0,2.0,7,78758.0,30.40168382,-97.72673719,Sal'S Ac,2020,2020,No
2020-09-24,2020-09-23,Electrical Permit,Residential,Residential,Repair,Final,,1.0,1.0,Unknown,78724.0,,,"Ies Residential, Inc.",2020,2020,No
2020-09-29,2020-09-28,Plumbing Permit,Residential,Residential,Irrigation,Final,,,,1,78660.0,30.39328776,-97.6141403,,2020,2020,No
2020-09-28,2020-09-23,Electrical Permit,Residential,Residential,Auxiliary Power,Final,,1.0,1.0,5,78704.0,30.23712379,-97.77539712,Horus Partners,2020,2020,No
2020-09-02,2020-08-05,Building Permit,Residential,R- 435 Renovations/Remodel,Repair,Expired,2000.0,1.0,1.0,4,78753.0,30.36309064,-97.67699859,Sears Home Improvement Products Inc.,2020,2020,Yes
2020-09-15,2019-11-13,Building Permit,Residential,R- 101 Single Family Houses,New,Final,250000.0,1.0,2.0,3,78721.0,30.26011885,-97.68655476,Austin Qozb One Llc,2020,2020,Yes
2020-09-01,2020-05-06,Mechanical Permit,Residential,R- 101 Single Family Houses,New,Final,,1.0,2.0,1,78660.0,30.39950608,-97.61334302,Christianson Plumbing & Air Co,2020,2020,No
2020-09-29,2020-08-24,Driveway / Sidewalks,Residential,Res. Driveway,New,Final,,,,Unknown,,,,,2020,2020,No
2020-08-28,2020-03-02,Plumbing Permit,Residential,Residential,Repair,Final,,1.0,1.0,9,78705.0,30.29958896,-97.73763721,Mustang Plumbing,2020,2020,No
2020-09-25,2020-09-23,Plumbing Permit,Residential,Residential,Change Out,Final,,,,5,78748.0,30.16162708,-97.82580385,,2020,2020,No
2020-09-29,2020-09-23,Plumbing Permit,Residential,Residential,Irrigation,Expired,,,,Unknown,78733.0,30.34856977,-97.86066236,,2020,2020,No
2020-09-18,2020-09-10,Building Permit,Residential,R- 435 Renovations/Remodel,Repair,Expired,1426.0,1.0,1.0,8,78746.0,,,Window Expo,2020,2020,Yes
2020-09-08,2019-08-06,Mechanical Permit,Commercial,C- 105 Five or More Family Bldgs,New,Final,,138.0,5.0,9,78705.0,30.29213878,-97.72236178,Schaffer Mechanical,2020,2020,No
2020-09-29,2020-06-01,Electrical Permit,Commercial,C-1000 Commercial Remodel,Remodel,Final,,6.0,2.0,2,78744.0,30.1996283,-97.73520938,Agape Electric Ltd,2020,2020,No
2020-09-14,2020-09-14,Electrical Permit,Residential,Residential,New,Final,,1.0,1.0,Unknown,78617.0,30.16331658,-97.63384431,"Austin Lanehart Electric Co., Inc.",2020,2020,No
2020-08-27,2020-05-26,Electrical Permit,Residential,R- 329 Res Structures Other Than Bldg,New,Final,,0.0,0.0,7,78757.0,30.34321332,-97.72697893,Generation Next Electric,2020,2020,No
2020-09-24,2020-04-20,Plumbing Permit,Commercial,C-1001 Commercial Finish Out,Remodel,Final,,10.0,1.0,9,78705.0,30.28805303,-97.74411466,,2020,2020,No
2020-09-16,2020-06-12,Electrical Permit,Commercial,C- 104 Three & Four Family Bldgs,New,Final,,4.0,4.0,10,78731.0,30.31458597,-97.75204426,Bolder Electric Solutions,2020,2020,No
2020-09-15,2020-09-11,Plumbing Permit,Residential,Residential,Repair,Final,,1.0,1.0,7,78757.0,30.33319344,-97.73373681,South By Plumbing Llc,2020,2020,No
2020-09-28,2020-08-31,Building Permit,Residential,R- 329 Res Structures Other Than Bldg,New,Final,0.0,1.0,1.0,9,78704.0,30.25012374,-97.74441577,Maxa Enterprises,2020,2020,No
2020-09-21,2020-08-12,Plumbing Permit,Commercial,C-1000 Commercial Remodel,Remodel,Final,,1.0,1.0,9,78701.0,,,Lago Plumbing,2020,2020,No
2020-09-16,2020-06-29,Mechanical Permit,Residential,R- 101 Single Family Houses,New,Final,,1.0,1.0,2,78744.0,,,,2020,2020,No
2020-09-18,2020-06-09,Electrical Permit,Residential,R- 101 Single Family Houses,New,Final,,1.0,2.0,3,78741.0,30.23022784,-97.69788942,Jrw Electric,2020,2020,No
2020-09-25,2020-09-22,Mechanical Permit,Residential,Residential,Change Out,Final,,,,6,78717.0,30.50072339,-97.78271419,American Residential Services (Ars),2020,2020,No
2020-09-16,2020-09-16,Electrical Permit,Residential,Residential,New,Final,,1.0,1.0,Unknown,78744.0,30.16820555,-97.6973936,"In Charge Electrical Services, Llc",2020,2020,No
2020-09-23,2020-02-21,Mechanical Permit,Residential,R- 101 Single Family Houses,New,Final,,1.0,2.0,9,78723.0,30.29853543,-97.69746945,,2020,2020,No
2020-09-16,2020-09-15,Plumbing Permit,Residential,Residential,Repair,Expired,,1.0,0.0,1,78721.0,30.27977168,-97.67599251,"Clarke Kent Plumbing, Inc.",2020,2020,No
2020-09-21,2020-09-18,Mechanical Permit,Residential,Residential,Change Out,Final,,,,9,78751.0,30.30580774,-97.72802404,"Faught Service Company, Inc.",2020,2020,No
2020-09-12,2020-02-05,Electrical Permit,Residential,R- 103 Two Family Bldgs,New,Final,,2.0,2.0,4,78752.0,30.33154144,-97.70035661,Mtz Electric,2020,2020,No
2020-09-14,2019-02-13,Electrical Permit,Commercial,C-1000 Commercial Remodel,Remodel,Final,,59.0,2.0,4,78752.0,30.32915471,-97.70400447,,2020,2020,No
2020-09-29,2020-07-28,Plumbing Permit,Residential,R- 102 Secondary Apartment,New,Final,,1.0,2.0,3,78702.0,,,Lugo'S Plumbing Service,2020,2020,No
2020-08-28,2020-08-27,Plumbing Permit,Residential,Residential,Change Out,Expired,,,,6,78717.0,30.49844977,-97.791083,,2020,2020,No
2020-09-23,2020-09-11,Mechanical Permit,Residential,Residential,Change Out,Final,,,,4,78723.0,30.32099292,-97.68283057,Elite Heating And Air Conditioning Llc,2020,2020,No
2020-09-10,2020-05-14,Electrical Permit,Commercial,C-1000 Commercial Remodel,Remodel,Final,,1.0,1.0,6,78717.0,,,Big State Electrical,2020,2020,No
2020-09-14,2020-09-11,Electrical Permit,Residential,Residential,Repair,Final,,1.0,1.0,3,78741.0,,,Dunman Electic,2020,2020,No
2020-08-27,2020-06-29,Plumbing Permit,Residential,R- 101 Single Family Houses,New,Final,,1.0,1.0,2,78744.0,30.15085436,-97.71793733,Victory Plumbing Company,2020,2020,No
2020-08-28,2020-08-28,Building Permit,Commercial,C-1000 Commercial Remodel,Interior Demo Non-Structural,Final,1.0,1.0,6.0,7,78758.0,,,Hitt Contracting,2020,2020,Yes
2020-09-14,2020-09-03,Mechanical Permit,Residential,Residential,Change Out,Final,,,,8,78749.0,30.21620434,-97.88181607,"Sa&H Western Holdings, Llc",2020,2020,No
2020-09-02,2020-09-01,Plumbing Permit,Residential,Residential,Irrigation,Final,,,,2,78744.0,30.15047622,-97.71840961,,2020,2020,No
2020-09-17,2020-06-30,Plumbing Permit,Residential,Residential,Change Out,Final,,,,6,78729.0,30.44076734,-97.76457034,Plumb Masters Llc,2020,2020,No
2020-09-18,2020-03-04,Building Permit,Residential,R- 101 Single Family Houses,New,Final,1.0,1.0,3.0,1,78702.0,30.26989358,-97.72774799,Blue Wizard Homes Llc,2020,2020,Yes
2020-09-04,2020-08-28,Building Permit,Residential,R- 329 Res Structures Other Than Bldg,New,Expired,40000.0,1.0,1.0,10,78731.0,30.31446019,-97.75126146,"Milestone Community Builders, Llc(Main)",2020,2020,Yes
2020-09-29,2020-07-29,Mechanical Permit,Residential,R- 434 Addition & Alterations,Addition and Remodel,Final,,1.0,2.0,10,78731.0,30.31635355,-97.76885555,"Verya, Inc Dba Indoor Weather Professionals",2020,2020,No
2020-09-30,2020-04-13,Driveway / Sidewalks,Residential,Res. Driveway & Sidewalk,New,Final,,,,2,78747.0,30.13557932,-97.76287379,"Pacesetter Homes, Llc",2020,2020,No
2020-09-22,2020-01-31,Building Permit,Residential,R- 102 Secondary Apartment,New,Final,1.0,1.0,2.0,1,78702.0,30.2753296,-97.71391849,"Williams Austin, Inc.",2020,2020,Yes
2020-09-23,2020-08-31,Electrical Permit,Residential,Residential,Auxiliary Power,Final,,1.0,1.0,Unknown,78725.0,30.21653666,-97.63437426,,2020,2020,No
2020-08-28,2020-08-26,Mechanical Permit,Residential,Residential,Change Out,Final,,,,8,78749.0,30.19992716,-97.85560447,"Stan'S Heating, Air, Plumbing, & Electrical",2020,2020,No
2020-09-01,2020-05-07,Driveway / Sidewalks,Residential,Res. Driveway & Sidewalk,New,Final,,,,1,78653.0,,,Brohn Homes,2020,2020,No
2020-09-15,2020-09-14,Electrical Permit,Residential,Residential,Repair,VOID,,1.0,1.0,Unknown,78733.0,30.31541757,-97.87508895,Horus Partners,2020,2020,No
2020-09-17,2020-07-17,Mechanical Permit,Residential,R- 101 Single Family Houses,New,Final,,1.0,2.0,1,78724.0,30.31877289,-97.65409629,,2020,2020,No
2020-09-24,2020-01-08,Building Permit,Residential,R- 435 Renovations/Remodel,Repair,Final,10820.0,1.0,1.0,7,78758.0,30.38688772,-97.68848087,Renewal By Andersen,2020,2020,Yes
2020-08-28,2020-05-13,Building Permit,Residential,R- 329 Res Structures Other Than Bldg,New,Final,86000.0,1.0,1.0,10,78703.0,30.29703986,-97.77638274,Johnson Custom Pools,2020,2020,Yes
2020-09-23,2020-01-24,Electrical Permit,Residential,R- 434 Addition & Alterations,Addition and Remodel,Final,,1.0,1.0,6,78727.0,30.42257748,-97.73999957,Mtz Electric,2020,2020,No
2020-08-31,2020-08-24,Mechanical Permit,Residential,Residential,Change Out,Final,,,,5,78748.0,30.14571633,-97.81234042,"Sa&H Western Holdings, Llc",2020,2020,No
2020-09-04,2020-08-28,Electrical Permit,Residential,Residential,Special Inspections Program,Final,,,,8,78746.0,30.30167708,-97.78786061,Grayzer Electric Llc,2020,2020,No
2020-09-18,2020-02-26,Plumbing Permit,Residential,R- 329 Res Structures Other Than Bldg,New,Final,,1.0,0.0,7,78757.0,30.34422636,-97.74099922,Pk Plumbing,2020,2020,No
2020-09-29,2020-09-28,Electrical Permit,Commercial,Sign Permit,Wall,Expired,,,,7,78758.0,30.3947183,-97.7228708,,2020,2020,No
2020-09-11,2020-09-10,Plumbing Permit,Residential,Residential,Change Out,Final,,,,8,78746.0,30.31945952,-97.8117416,Benjamin Franklin Plumbing,2020,2020,No
2020-09-25,2020-08-20,Mechanical Permit,Residential,R- 101 Single Family Houses,New,Final,,1.0,2.0,7,78660.0,30.43826322,-97.6552372,Texas Comfort Air,2020,2020,No
2020-08-27,2020-08-25,Building Permit,Residential,R- 101 Single Family Houses,New,VOID,0.0,1.0,1.0,2,78744.0,30.15085436,-97.71793733,"Pacesetter Homes, Llc",2020,2020,No
2020-09-14,2020-09-11,Electrical Permit,Residential,Residential,Repair,Final,,1.0,1.0,6,78759.0,30.39888077,-97.7717813,Fsp Electric,2020,2020,No
2020-09-24,2020-09-23,Electrical Permit,Residential,Residential,Auxiliary Power,Final,,1.0,1.0,Unknown,78733.0,30.33139385,-97.87465653,Goodson Contracting & Services Llc,2020,2020,No
2020-08-31,2020-07-13,Electrical Permit,Commercial,C-1000 Commercial Remodel,Remodel,Final,,1.0,1.0,9,78704.0,30.25142497,-97.74865448,"Watt Texas Llc, Dba Edge Electric Inc",2020,2020,No
2020-09-03,2020-02-26,Plumbing Permit,Commercial,"C- 318 Amusement, Social & Rec Bldgs",New,Final,,1.0,1.0,1,78724.0,,,J & D Vision Plumbing,2020,2020,No
2020-09-04,2020-09-04,Building Permit,Residential,R- 435 Renovations/Remodel,Repair,Final,17035.0,1.0,1.0,5,78704.0,30.25024084,-97.77957343,Renewal By Andersen,2020,2020,Yes
2020-09-03,2018-08-13,Driveway / Sidewalks,Residential,Res. Driveway,New,Final,,,,3,78702.0,30.25861534,-97.71322821,,2020,2020,No
2020-09-28,2020-06-08,Plumbing Permit,Residential,R- 329 Res Structures Other Than Bldg,New,Final,,1.0,0.0,3,78704.0,30.24730289,-97.76180678,Greengo Plumbing Services Llc,2020,2020,No
2020-09-15,2020-09-15,Electrical Permit,Residential,Residential,New,Final,,1.0,1.0,Unknown,78660.0,,,Allen Bebee Electric,2020,2020,No
2020-08-28,2019-12-27,Building Permit,Residential,R- 101 Single Family Houses,New,Final,243848.0,1.0,1.0,2,78744.0,30.14706734,-97.72104298,Dream Finders Homes,2020,2020,Yes
2020-09-14,2020-09-11,Electrical Permit,Residential,Residential,Repair,Final,,1.0,1.0,7,78757.0,30.33705008,-97.74982611,Charlie Morris Electrical Dial One Inc,2020,2020,No
2020-09-18,2020-09-14,Mechanical Permit,Commercial,Commercial,Change Out,Final,,,,3,78702.0,30.25918458,-97.71618458,Mccullough Heating & Air,2020,2020,No
2020-09-01,2019-09-06,Mechanical Permit,Commercial,C-1001 Commercial Finish Out,Remodel,Final,,1.0,1.0,9,78701.0,30.28009737,-97.74253445,Dynamic Systems Inc,2020,2020,No
2020-09-28,2018-05-14,Building Permit,Commercial,C-1000 Commercial Remodel,Remodel,Final,,1.0,1.0,7,78758.0,30.39934526,-97.724535,Steve Hoegger & Associates,2020,2020,No
2020-08-31,2020-02-26,Electrical Permit,Commercial,C- 105 Five or More Family Bldgs,New,Final,,36.0,3.0,1,78724.0,,,"Msf Electric, Inc.",2020,2020,No
2020-09-08,2020-07-15,Electrical Permit,Residential,R- 329 Res Structures Other Than Bldg,New,Final,,1.0,1.0,10,78730.0,30.34477686,-97.82496242,Wimberley Electric,2020,2020,No
2020-09-18,2020-03-26,Driveway / Sidewalks,Residential,Res. Driveway,New,Final,,,,10,78731.0,30.36508204,-97.76779774,Moazami Homes Llc,2020,2020,No
2020-08-31,2020-06-01,Building Permit,Commercial,C-1000 Commercial Remodel,Remodel,Final,,4.0,2.0,2,78744.0,30.1996283,-97.73520938,"Legacy Construction Sercives, Llc",2020,2020,No
2020-09-28,2020-03-18,Mechanical Permit,Residential,R- 101 Single Family Houses,New,Final,,1.0,2.0,7,78757.0,30.3446018,-97.73210388,Elite Heating And Air Conditioning Llc,2020,2020,No
2020-09-01,2020-07-17,Electrical Permit,Commercial,C-1000 Commercial Remodel,Remodel,Final,,1.0,1.0,9,78701.0,,,"Genserve, Llc",2020,2020,No
2020-09-02,2020-06-29,Electrical Permit,Residential,R- 101 Single Family Houses,New,Final,,1.0,1.0,2,78744.0,30.14951554,-97.71648617,"In Charge Electrical Services, Llc",2020,2020,No
2020-09-29,2019-08-29,Electrical Permit,Commercial,C-1000 Commercial Remodel,Remodel,Final,,0.0,1.0,9,78705.0,30.28468003,-97.74746611,My Light Source Electrical Services Llc,2020,2020,No
2020-09-30,2020-08-21,Plumbing Permit,Residential,R- 101 Single Family Houses,New,Final,,1.0,2.0,6,78717.0,30.50147125,-97.74639694,,2020,2020,No
2020-09-28,2020-08-17,Building Permit,Residential,R- 102 Secondary Apartment,New,Final,0.0,1.0,2.0,3,78704.0,,,Mag Construction Management Llc,2020,2020,No
2020-08-27,2020-06-03,Mechanical Permit,Residential,R- 434 Addition & Alterations,Addition and Remodel,Final,,1.0,1.0,3,78702.0,30.25444034,-97.72536124,Emerald Hvac Services,2020,2020,No
2020-09-09,2020-09-08,Mechanical Permit,Residential,Residential,Change Out,Final,,,,4,78723.0,30.30703535,-97.68432337,Totally Cool,2020,2020,No
2020-09-09,2020-08-13,Building Permit,Residential,R- 435 Renovations/Remodel,Repair,Expired,21300.0,1.0,1.0,8,78749.0,30.22479561,-97.84683675,Aarons Home Repair Svcs,2020,2020,Yes
2020-09-22,2020-09-17,Mechanical Permit,Residential,Residential,Change Out,Expired,,,,2,78748.0,30.16900157,-97.79307709,American Residential Services (Ars),2020,2020,No
2020-09-25,2020-09-14,Mechanical Permit,Residential,Residential,Repair,Final,,0.0,0.0,2,78617.0,,,Air Conductors Llc,2020,2020,No
2020-09-29,2020-09-28,Electrical Permit,Residential,Residential,Upgrade,Final,,1.0,1.0,5,78748.0,30.17671562,-97.83075247,Chargestore Llc,2020,2020,No
2020-09-16,2020-09-14,Electrical Permit,Residential,Residential,Special Inspections Program,Final,,,,8,78749.0,30.23051692,-97.85340079,,2020,2020,No
2020-09-01,2020-08-31,Driveway / Sidewalks,Commercial,"Com. Driveway,Sidewalk,Curb,Gutter",New,Expired,,,,Unknown,,,,,2020,2020,No
2020-09-04,2020-09-03,Plumbing Permit,Residential,Residential,Repair,Expired,,1.0,0.0,Unknown,78729.0,30.45600442,-97.77615173,Liberty Hill Plumbing,2020,2020,No
2020-09-15,2020-09-12,Plumbing Permit,Residential,Residential,Irrigation,Final,,,,4,78752.0,30.32542905,-97.72033541,,2020,2020,No
2020-09-21,2020-02-28,Building Permit,Commercial,C- 329 Com Structures Other Than Bldg,New,Final,35000000.0,1.0,1.0,6,78717.0,,,Oht Construction Llc ***Main***,2020,2020,Yes
2020-09-30,2020-09-24,Building Permit,Residential,R- 435 Renovations/Remodel,Repair,Final,4527.0,1.0,1.0,1,78754.0,30.37215501,-97.61577026,Renewal By Andersen,2020,2020,Yes
2020-09-03,2020-08-31,Mechanical Permit,Residential,Residential,Change Out,Final,,,,4,78723.0,,,"Sa&H Western Holdings, Llc",2020,2020,No
2020-09-05,2020-07-16,Electrical Permit,Residential,R- 329 Res Structures Other Than Bldg,New,Final,,1.0,0.0,2,78747.0,30.12981002,-97.77320253,Generation Next Electric,2020,2020,No
2020-09-21,2020-08-18,Building Permit,Residential,R- 649 Demolition All Other Bldgs Res,Demolition,Final,0.0,1.0,1.0,9,78705.0,30.30139397,-97.74025748,Turner Day Custom Homes,2020,2020,No
2020-09-19,2020-05-06,Driveway / Sidewalks,Residential,Res. Driveway & Sidewalk,New,Final,,,,1,78660.0,30.40016414,-97.61272794,D R Horton Homes,2020,2020,No
2020-09-15,2020-08-05,Driveway / Sidewalks,Residential,Res. Driveway,New,Final,,,,6,78750.0,30.43936288,-97.80576666,,2020,2020,No
2020-09-28,2020-07-22,Mechanical Permit,Residential,R- 434 Addition & Alterations,Addition and Remodel,Final,,1.0,1.0,9,78705.0,30.30139397,-97.74025748,Ehrlich Mechanical,2020,2020,No
2020-09-17,2020-09-16,Plumbing Permit,Residential,Residential,New,Final,,1.0,0.0,Unknown,78617.0,30.16331658,-97.63384431,Victory Plumbing Company,2020,2020,No
2020-09-11,2020-08-31,Building Permit,Commercial,C-1000 Commercial Remodel,Remodel,Final,,1.0,1.0,3,78702.0,,,Glotel Inc,2020,2020,No
2020-08-28,2020-07-15,Building Permit,Commercial,C-1000 Commercial Remodel,Remodel,Expired,,1.0,1.0,1,78752.0,30.32332433,-97.68385079,Holt Concrete Works,2020,2020,No
2020-09-03,2020-09-01,Electrical Permit,Residential,Residential,Special Inspections Program,Final,,,,5,78745.0,30.22038362,-97.79938023,,2020,2020,No
2020-09-11,2020-09-08,Plumbing Permit,Residential,Residential,Change Out,Final,,,,6,78750.0,30.46295245,-97.81248498,,2020,2020,No
2020-09-22,2020-08-25,Building Permit,Commercial,C-1000 Commercial Remodel,Remodel,Final,,1.0,1.0,7,78758.0,,,Hitt Contracting,2020,2020,No
2020-09-08,2020-07-07,Electrical Permit,Residential,R- 434 Addition & Alterations,Addition and Remodel,Final,,1.0,1.0,6,78750.0,30.45197456,-97.82027039,Pinpoint Electrical Systems,2020,2020,No
2020-09-21,2020-09-21,Plumbing Permit,Residential,Residential,Repair,Final,,1.0,1.0,Unknown,78724.0,30.31868532,-97.61920688,Wallin Services Inc,2020,2020,No
2020-09-23,2020-09-11,Building Permit,Commercial,C- 649 Demolition All Other Bldgs Com,Demolition,Final,0.0,1.0,1.0,7,78757.0,30.3403155,-97.73055156,Bartlett Cocke General Contractors (Main),2020,2020,No
2020-08-27,2020-08-24,Building Permit,Commercial,C-1000 Commercial Remodel,Remodel,Final,,1.0,3.0,7,78758.0,,,Reliable Roofing Of Texas Inc,2020,2020,No
2020-08-28,2019-05-10,Plumbing Permit,Commercial,Commercial,Repair,Final,,,1.0,1,78702.0,30.26215759,-97.71914244,Earth Ergonomics Inc,2020,2020,No
2020-09-28,2020-04-24,Mechanical Permit,Commercial,C-1000 Commercial Remodel,Remodel,Final,,0.0,1.0,7,78758.0,30.40193361,-97.71873781,,2020,2020,No
2020-09-24,2020-09-22,Electrical Permit,Residential,Residential,New,Final,,1.0,1.0,Unknown,78747.0,30.12775241,-97.77730997,"Ies Residential, Inc.",2020,2020,No
2020-09-09,2020-07-28,Electrical Permit,Residential,R- 434 Addition & Alterations,Addition and Remodel,Final,,0.0,0.0,10,78703.0,30.29664141,-97.77433316,M Lowe Electric Inc,2020,2020,No
2020-08-28,2020-08-27,Electrical Permit,Residential,Residential,Repair,Final,,1.0,1.0,3,78741.0,30.23084572,-97.69303604,Drh Electrical & Home Services Llc,2020,2020,No
2020-08-31,2020-08-27,Electrical Permit,Residential,Residential,Auxiliary Power,Final,,1.0,1.0,5,78748.0,30.16234971,-97.82043941,"Solstema, Llc",2020,2020,No
2020-09-22,2020-09-11,Mechanical Permit,Residential,Residential,Change Out,Expired,,,,4,78758.0,30.3785719,-97.69883774,Abc Home And Commercial Services,2020,2020,No
2020-08-31,2020-04-02,Mechanical Permit,Residential,R- 101 Single Family Houses,New,Final,,1.0,2.0,10,78726.0,30.43700535,-97.83991115,,2020,2020,No
2020-09-11,2020-09-01,Electrical Permit,Residential,Residential,Repair,Final,,1.0,1.0,4,78758.0,30.36948655,-97.69959977,"Watt Texas Llc, Dba Edge Electric Inc",2020,2020,No
2020-09-15,2020-06-11,Driveway / Sidewalks,Commercial,"Com. Driveway,Sidewalk,Curb,Gutter",New,Expired,,,,Unknown,,,,,2020,2020,No
2020-09-19,2020-04-29,Driveway / Sidewalks,Residential,Res. Driveway & Sidewalk,New,Final,,,,1,78660.0,30.39963694,-97.61315847,D R Horton Homes,2020,2020,No
2020-08-31,2020-02-26,Electrical Permit,Commercial,C- 105 Five or More Family Bldgs,New,Final,,30.0,3.0,1,78724.0,,,"Msf Electric, Inc.",2020,2020,No
2020-09-27,2020-07-17,Electrical Permit,Residential,R- 329 Res Structures Other Than Bldg,New,Final,,1.0,1.0,8,78746.0,30.26829546,-97.79723867,Economy Electric,2020,2020,No
2020-09-03,2020-08-07,Electrical Permit,Residential,Residential,Auxiliary Power,Final,,1.0,1.0,10,78703.0,30.28191273,-97.77058179,"Tesla Energy Operations, Inc.",2020,2020,No
2020-09-04,2020-09-03,Electrical Permit,Residential,Residential,Auxiliary Power,Final,,1.0,1.0,5,78748.0,30.16307779,-97.8185816,"Solstema, Llc",2020,2020,No
2020-09-21,2020-08-20,Mechanical Permit,Residential,R- 101 Single Family Houses,New,Final,,1.0,2.0,7,78660.0,30.43733022,-97.6519144,Texas Comfort Air,2020,2020,No
2020-09-11,2020-08-17,Building Permit,Commercial,C-1000 Commercial Remodel,Remodel,Final,,4.0,1.0,2,78719.0,,,Hensel Phelps Construction Co. ***Main***,2020,2020,No
2020-09-02,2020-09-02,Electrical Permit,Commercial,Commercial,Repair,Final,,1.0,1.0,9,78723.0,30.29992608,-97.70344419,Ari-Tex Electric Inc.,2020,2020,No
2020-09-25,2019-06-20,Plumbing Permit,Residential,Residential,Irrigation,Final,,,,2,78617.0,30.14788975,-97.59346671,,2020,2020,No
2020-08-28,2020-07-10,Plumbing Permit,Residential,Residential,Repair,Final,,2.0,2.0,5,78704.0,30.25586172,-97.77981127,,2020,2020,No
2020-08-27,2019-03-26,Plumbing Permit,Residential,Residential,Repair,Final,,1.0,1.0,10,78703.0,30.28811772,-97.76112188,Ross Plumbing,2020,2020,No
2020-09-18,2020-08-04,Electrical Permit,Residential,Residential,Repair,Final,,0.0,0.0,1,78724.0,30.28606444,-97.63871145,Allen Bebee Electric,2020,2020,No
2020-09-28,2020-09-23,Electrical Permit,Residential,Residential,Auxiliary Power,Final,,1.0,1.0,1,78754.0,,,Horus Partners,2020,2020,No
2020-09-28,2020-08-25,Plumbing Permit,Residential,R- 435 Renovations/Remodel,Repair,Final,,1.0,1.0,10,78731.0,30.35184611,-97.77613183,Rh Plumbing,2020,2020,No
2020-09-03,2020-08-31,Electrical Permit,Residential,Residential,Repair,Final,,1.0,1.0,2,78744.0,,,"Ies Residential, Inc.",2020,2020,No
2020-09-02,2020-08-21,Electrical Permit,Residential,Residential,Auxiliary Power,Final,,1.0,1.0,2,78745.0,30.20105275,-97.7779765,Circle L Solar,2020,2020,No
2020-08-31,2019-12-04,Mechanical Permit,Residential,R- 101 Single Family Houses,New,Final,,1.0,2.0,5,78704.0,30.24863579,-97.77714811,,2020,2020,No
2020-08-28,2020-08-14,Plumbing Permit,Commercial,Commercial,Change Out,Final,,,,10,78746.0,30.34522563,-97.80091767,Vamvoras Plumbing,2020,2020,No
2020-09-15,2020-09-03,Electrical Permit,Residential,Residential,New,Final,,1.0,1.0,Unknown,78724.0,30.263044,-97.58781602,Landmark Electric,2020,2020,No
2020-09-15,2020-08-25,Building Permit,Residential,R- 101 Single Family Houses,New,Final,291600.0,1.0,1.0,2,78744.0,30.14164404,-97.7174239,Brookfield Residential Texas Homes Llc,2020,2020,Yes
2020-09-15,2019-02-08,Driveway / Sidewalks,Residential,Res. Driveway,New,Final,,,,3,78702.0,30.25108342,-97.72609818,Larry Anderson Construction,2020,2020,No
2020-09-22,2020-06-12,Building Permit,Commercial,C-1001 Commercial Finish Out,Remodel,Final,,1.0,2.0,5,78704.0,30.2451359,-97.77170353,"J. Grace Construction, Inc.",2020,2020,No
2020-09-02,2019-10-29,Building Permit,Commercial,C-1000 Commercial Remodel,Remodel,Final,,1.0,2.0,10,78703.0,30.30846346,-97.763667,"Navcon Group, Llc***Main***",2020,2020,No
2020-09-21,2020-06-15,Electrical Permit,Residential,R- 101 Single Family Houses,New,Final,,1.0,2.0,7,78758.0,30.39594595,-97.69802986,,2020,2020,No
2020-08-31,2020-06-03,Mechanical Permit,Residential,R- 101 Single Family Houses,New,Final,,1.0,2.0,2,78747.0,,,Woods Comfort Systems,2020,2020,No
2020-09-15,2020-09-15,Electrical Permit,Residential,Residential,New,Final,,1.0,1.0,Unknown,78744.0,30.16841273,-97.69770447,"In Charge Electrical Services, Llc",2020,2020,No
2020-09-22,2020-09-21,Mechanical Permit,Residential,Residential,Change Out,Expired,,,,9,78741.0,30.23707261,-97.73500338,Smart Air Service Co.,2020,2020,No
2020-09-03,2020-07-30,Building Permit,Residential,R- 101 Single Family Houses,New,Final,140625.0,1.0,1.0,1,78660.0,30.39855309,-97.61405843,D R Horton Homes,2020,2020,Yes
2020-09-03,2020-09-01,Mechanical Permit,Residential,Residential,Change Out,Expired,,,,1,78753.0,30.39569031,-97.66252417,,2020,2020,No
2020-09-07,2020-09-02,Electrical Permit,Residential,Residential,Auxiliary Power,Final,,1.0,1.0,Unknown,78724.0,30.25466226,-97.58032714,,2020,2020,No
2020-09-16,2020-05-01,Mechanical Permit,Residential,R- 101 Single Family Houses,New,Final,,1.0,1.0,7,78757.0,30.35614557,-97.74150345,Elite Heating And Air Conditioning Llc,2020,2020,No
2020-09-18,2020-09-10,Building Permit,Residential,R- 435 Renovations/Remodel,Repair,Final,800.0,1.0,1.0,5,78748.0,30.16127131,-97.83503579,Suttin Construction,2020,2020,Yes
